# Blender 5.1.0
# www.blender.org
mtllib Table.mtl
o Cube
v 24.900562 -0.286188 -15.135154
v 24.900562 -4.051341 -15.135154
v 24.900562 -0.286188 14.653198
v 24.900562 -4.051341 14.653198
v -28.199915 -0.286188 -15.135154
v -28.199915 -4.051341 -15.135154
v -28.199915 -0.286188 14.653198
v -28.199915 -4.051341 14.653198
v 21.026127 -17.625753 14.208223
v 21.026127 -1.358154 14.208223
v 21.026127 -17.625753 10.818109
v 21.026127 -1.358154 10.818109
v 23.932667 -17.625753 14.208223
v 23.932667 -1.358154 14.208223
v 23.932667 -17.625753 10.818109
v 23.932667 -1.358154 10.818109
v 21.026127 -17.625753 14.208223
v 21.026127 -1.358154 14.208223
v 21.026127 -17.625753 10.818109
v 21.026127 -1.358154 10.818109
v 23.932667 -17.625753 14.208223
v 23.932667 -1.358154 14.208223
v 23.932667 -17.625753 10.818109
v 23.932667 -1.358154 10.818109
v 21.026127 -17.625753 -9.619020
v 21.026127 -1.358154 -9.619020
v 21.026127 -17.625753 -13.009134
v 21.026127 -1.358154 -13.009134
v 23.932667 -17.625753 -9.619020
v 23.932667 -1.358154 -9.619020
v 23.932667 -17.625753 -13.009134
v 23.932667 -1.358154 -13.009134
v -25.737061 -17.625753 -9.619020
v -25.737061 -1.358154 -9.619020
v -25.737061 -17.625753 -13.009134
v -25.737061 -1.358154 -13.009134
v -22.830519 -17.625753 -9.619020
v -22.830519 -1.358154 -9.619020
v -22.830519 -17.625753 -13.009134
v -22.830519 -1.358154 -13.009134
v -25.737061 -17.625753 12.246006
v -25.737061 -1.358154 12.246006
v -25.737061 -17.625753 8.855891
v -25.737061 -1.358154 8.855891
v -22.830519 -17.625753 12.246006
v -22.830519 -1.358154 12.246006
v -22.830519 -17.625753 8.855891
v -22.830519 -1.358154 8.855891
vn -0.0000 1.0000 -0.0000
vn -0.0000 -0.0000 1.0000
vn -1.0000 -0.0000 -0.0000
vn -0.0000 -1.0000 -0.0000
vn 1.0000 -0.0000 -0.0000
vn -0.0000 -0.0000 -1.0000
vt 0.625000 0.500000
vt 0.875000 0.500000
vt 0.875000 0.750000
vt 0.625000 0.750000
vt 0.375000 0.750000
vt 0.625000 1.000000
vt 0.375000 1.000000
vt 0.375000 0.000000
vt 0.625000 0.000000
vt 0.625000 0.250000
vt 0.375000 0.250000
vt 0.125000 0.500000
vt 0.375000 0.500000
vt 0.125000 0.750000
s 0
usemtl Material
f 1/1/1 5/2/1 7/3/1 3/4/1
f 4/5/2 3/4/2 7/6/2 8/7/2
f 8/8/3 7/9/3 5/10/3 6/11/3
f 6/12/4 2/13/4 4/5/4 8/14/4
f 2/13/5 1/1/5 3/4/5 4/5/5
f 6/11/6 5/10/6 1/1/6 2/13/6
usemtl 
f 9/8/3 10/9/3 12/10/3 11/11/3
f 11/11/6 12/10/6 16/1/6 15/13/6
f 15/13/5 16/1/5 14/4/5 13/5/5
f 13/5/2 14/4/2 10/6/2 9/7/2
f 11/12/4 15/13/4 13/5/4 9/14/4
f 16/1/1 12/2/1 10/3/1 14/4/1
f 17/8/3 18/9/3 20/10/3 19/11/3
f 19/11/6 20/10/6 24/1/6 23/13/6
f 23/13/5 24/1/5 22/4/5 21/5/5
f 21/5/2 22/4/2 18/6/2 17/7/2
f 19/12/4 23/13/4 21/5/4 17/14/4
f 24/1/1 20/2/1 18/3/1 22/4/1
f 25/8/3 26/9/3 28/10/3 27/11/3
f 27/11/6 28/10/6 32/1/6 31/13/6
f 31/13/5 32/1/5 30/4/5 29/5/5
f 29/5/2 30/4/2 26/6/2 25/7/2
f 27/12/4 31/13/4 29/5/4 25/14/4
f 32/1/1 28/2/1 26/3/1 30/4/1
f 33/8/3 34/9/3 36/10/3 35/11/3
f 35/11/6 36/10/6 40/1/6 39/13/6
f 39/13/5 40/1/5 38/4/5 37/5/5
f 37/5/2 38/4/2 34/6/2 33/7/2
f 35/12/4 39/13/4 37/5/4 33/14/4
f 40/1/1 36/2/1 34/3/1 38/4/1
f 41/8/3 42/9/3 44/10/3 43/11/3
f 43/11/6 44/10/6 48/1/6 47/13/6
f 47/13/5 48/1/5 46/4/5 45/5/5
f 45/5/2 46/4/2 42/6/2 41/7/2
f 43/12/4 47/13/4 45/5/4 41/14/4
f 48/1/1 44/2/1 42/3/1 46/4/1
o hanging_industrial_lamp.001
v 1.124823 18.502167 -0.000071
v 0.395516 19.521034 -0.000026
v 1.086514 18.502167 0.291057
v 0.382045 19.521034 0.102342
v 0.974161 18.502169 0.562349
v 0.342539 19.521034 0.197735
v 0.795420 18.502167 0.795319
v 0.279689 19.521034 0.279653
v 0.562473 18.502167 0.974089
v 0.197779 19.521034 0.342513
v 0.291194 18.502167 1.086476
v 0.102391 19.521034 0.382031
v 0.000071 18.502167 1.124822
v 0.000025 19.521034 0.395514
v -0.291057 18.502169 1.086513
v -0.102343 19.521034 0.382044
v -0.562350 18.502167 0.974159
v -0.197736 19.521034 0.342538
v -0.795319 18.502167 0.795419
v -0.279654 19.521034 0.279688
v -0.974089 18.502167 0.562471
v -0.342514 19.521034 0.197778
v -1.086477 18.502167 0.291193
v -0.382032 19.521034 0.102390
v -1.124822 18.502167 0.000069
v -0.395515 19.521034 0.000024
v 1.086478 18.502167 -0.291195
v 0.382032 19.521034 -0.102392
v 0.974090 18.502167 -0.562474
v 0.342514 19.521034 -0.197780
v 0.795320 18.502167 -0.795421
v 0.279654 19.521034 -0.279690
v 0.562351 18.502169 -0.974161
v 0.197737 19.521034 -0.342539
v 0.291058 18.502167 -1.086515
v 0.102343 19.521034 -0.382046
v -0.000070 18.502169 -1.124824
v -0.000024 19.521034 -0.395516
v -0.291193 18.502167 -1.086478
v -0.102390 19.521034 -0.382033
v -0.562472 18.502169 -0.974091
v -0.197779 19.521034 -0.342515
v -0.795419 18.502167 -0.795321
v -0.279689 19.521034 -0.279655
v -0.974160 18.502167 -0.562351
v -0.342538 19.521034 -0.197737
v 1.225693 18.502167 -0.000078
v 1.183948 18.502169 0.317157
v 1.061519 18.502167 0.612779
v 0.866750 18.502169 0.866640
v 0.612913 18.502167 1.061441
v 0.317307 18.502167 1.183907
v 0.000077 18.502167 1.225691
v -0.317158 18.502167 1.183946
v -0.612779 18.502167 1.061518
v -0.866640 18.502167 0.866748
v -1.061442 18.502167 0.612911
v -1.183907 18.502167 0.317306
v -1.225691 18.502167 0.000076
v -1.086513 18.502167 -0.291059
v -0.382044 19.521034 -0.102344
v 1.183908 18.502169 -0.317308
v 1.061442 18.502169 -0.612914
v 0.866641 18.502167 -0.866750
v 0.612780 18.502167 -1.061520
v 0.317159 18.502167 -1.183948
v -0.000076 18.502167 -1.225693
v 1.042798 18.431725 -0.000066
v 1.007282 18.431725 0.269832
v 0.903122 18.431725 0.521341
v 0.737416 18.431725 0.737322
v 0.521456 18.431725 0.903055
v 0.269959 18.431725 1.007247
v 0.000066 18.431725 1.042796
v -0.269832 18.431725 1.007281
v -0.521342 18.431725 0.903121
v -0.737322 18.431725 0.737414
v -0.903056 18.431723 0.521454
v -1.007247 18.431725 0.269958
v -1.042796 18.431725 0.000064
v -0.317306 18.502169 -1.183909
v -0.612912 18.502167 -1.061443
v -0.866749 18.502167 -0.866642
v -1.061518 18.502167 -0.612781
v -1.183947 18.502167 -0.317159
v 1.007248 18.431725 -0.269960
v 0.903057 18.431725 -0.521456
v 0.737323 18.431725 -0.737416
v 0.521342 18.431725 -0.903122
v 0.075159 19.670313 0.020133
v 0.077809 19.670311 -0.000006
v 0.067387 19.670311 0.038899
v 0.055023 19.670311 0.055015
v 0.038909 19.670311 0.067381
v 0.020143 19.670311 0.075155
v 0.000005 19.670311 0.077808
v -0.020133 19.670311 0.075158
v -0.038900 19.670313 0.067386
v -0.055015 19.670311 0.055022
v -0.067382 19.670311 0.038908
v -0.075156 19.670311 0.020142
v -0.077808 19.670313 0.000004
v 0.269833 18.431725 -1.007283
v -0.000065 18.431725 -1.042798
v -0.269958 18.431725 -1.007249
v -0.521455 18.431725 -0.903057
v -0.737415 18.431725 -0.737324
v -0.903121 18.431725 -0.521343
v -1.007281 18.431725 -0.269834
v 0.075157 19.670311 -0.020144
v 0.067382 19.670311 -0.038909
v 1.225693 18.339998 -0.000078
v 1.183948 18.339998 0.317157
v 1.061519 18.339998 0.612779
v 0.866750 18.339998 0.866640
v 0.612913 18.339998 1.061441
v 0.317307 18.339998 1.183907
v 0.000077 18.339998 1.225691
v -0.317158 18.339998 1.183946
v -0.612779 18.339998 1.061518
v -0.866640 18.339998 0.866748
v -1.061442 18.339998 0.612911
v -1.183907 18.339998 0.317306
v -1.225692 18.339998 0.000076
v 0.055016 19.670311 -0.055023
v 0.038901 19.670311 -0.067388
v 0.020134 19.670313 -0.075160
v -0.000004 19.670313 -0.077810
v -0.020143 19.670313 -0.075157
v -0.038908 19.670311 -0.067383
v -0.055022 19.670313 -0.055017
v -0.067387 19.670313 -0.038901
v -0.075158 19.670311 -0.020135
v 1.166881 18.434795 -0.000074
v 1.127140 18.434795 0.301939
v 1.010586 18.434795 0.583376
v 0.825161 18.434795 0.825057
v 0.583504 18.434795 1.010511
v 0.302082 18.434795 1.127101
v 0.000074 18.434795 1.166880
v -0.301940 18.434795 1.127138
v -0.583377 18.434795 1.010584
v -0.825057 18.434795 0.825160
v -1.010512 18.434795 0.583503
v -1.127101 18.434793 0.302081
v -1.166880 18.434795 0.000072
v 1.183908 18.339998 -0.317308
v 1.061442 18.339998 -0.612914
v 0.866641 18.339998 -0.866750
v 0.612780 18.339998 -1.061520
v 0.317159 18.339998 -1.183949
v -0.000076 18.339998 -1.225693
v -0.317306 18.339998 -1.183909
v -0.612912 18.339998 -1.061443
v -0.866749 18.339998 -0.866642
v -1.061518 18.339998 -0.612781
v -1.183947 18.339998 -0.317159
v 0.858334 18.453354 -0.000055
v 0.829101 18.453354 0.222100
v 0.743366 18.453354 0.429119
v 0.606972 18.453354 0.606895
v 0.429214 18.453354 0.743311
v 0.222206 18.453354 0.829072
v 0.000054 18.453354 0.858333
v -0.222101 18.453354 0.829100
v -0.429120 18.453354 0.743365
v -0.606895 18.453354 0.606971
v -0.743311 18.453354 0.429212
v -0.829072 18.453354 0.222204
v -0.858333 18.453354 0.000053
v 1.127102 18.434795 -0.302083
v 1.010512 18.434795 -0.583505
v 0.825058 18.434795 -0.825162
v 0.583378 18.434795 -1.010586
v 0.301941 18.434795 -1.127140
v -0.000073 18.434795 -1.166882
v -0.302081 18.434795 -1.127103
v -0.583503 18.434795 -1.010513
v -0.825161 18.434795 -0.825059
v 1.010008 18.456247 -0.000064
v 0.975610 18.456247 0.261347
v 0.874725 18.456247 0.504948
v 0.714229 18.456247 0.714138
v 0.505059 18.456247 0.874660
v 0.261471 18.456247 0.975575
v 0.000064 18.456247 1.010007
v -0.261348 18.456247 0.975608
v -0.504949 18.456247 0.874723
v -0.714138 18.456247 0.714227
v -0.874660 18.456247 0.505058
v -0.975576 18.456247 0.261470
v -1.010008 18.456247 0.000062
v -1.010585 18.434795 -0.583378
v -1.127139 18.434795 -0.301941
v 0.829073 18.453354 -0.222206
v 0.743312 18.453354 -0.429214
v 0.606896 18.453354 -0.606973
v 0.429121 18.453354 -0.743366
v 0.222102 18.453354 -0.829102
v -0.000053 18.453354 -0.858335
v -0.222205 18.453354 -0.829074
v 0.607752 18.487299 -0.000039
v 0.587054 18.487299 0.157260
v 0.526348 18.487299 0.303842
v 0.429773 18.487299 0.429718
v 0.303909 18.487299 0.526309
v 0.157335 18.487299 0.587033
v 0.000038 18.487299 0.607751
v -0.157261 18.487299 0.587052
v -0.303843 18.487299 0.526347
v -0.429718 18.487299 0.429771
v -0.526309 18.487299 0.303908
v -0.587033 18.487299 0.157334
v -0.607752 18.487299 0.000037
v -0.429213 18.453354 -0.743313
v -0.606971 18.453354 -0.606896
v -0.743365 18.453354 -0.429121
v -0.829100 18.453354 -0.222102
v 0.975577 18.456247 -0.261471
v 0.874661 18.456247 -0.505060
v 0.714139 18.456247 -0.714229
v 0.504950 18.456247 -0.874725
v 0.261349 18.456247 -0.975610
v 0.820248 18.487299 -0.000052
v 0.792312 18.487299 0.212245
v 0.710381 18.487299 0.410078
v 0.580039 18.487299 0.579965
v 0.410169 18.487299 0.710329
v 0.212346 18.487299 0.792284
v 0.000052 18.487299 0.820247
v -0.212246 18.487299 0.792311
v -0.410079 18.487299 0.710380
v -0.579966 18.487299 0.580038
v -0.710329 18.487299 0.410167
v -0.792285 18.487299 0.212344
v -0.820247 18.487299 0.000050
v -0.000063 18.456247 -1.010009
v -0.261470 18.456247 -0.975577
v -0.505058 18.456247 -0.874662
v -0.714228 18.456247 -0.714140
v -0.874724 18.456247 -0.504950
v -0.975609 18.456247 -0.261349
v 0.587034 18.487299 -0.157336
v 0.526310 18.487299 -0.303910
v 0.429719 18.487299 -0.429773
v 0.467306 18.580227 -0.000030
v 0.451391 18.580227 0.120918
v 0.404714 18.580227 0.233627
v 0.330456 18.580227 0.330414
v 0.233679 18.580227 0.404683
v 0.120976 18.580227 0.451374
v 0.000030 18.580227 0.467305
v -0.120919 18.580227 0.451389
v -0.233627 18.580227 0.404712
v -0.330414 18.580227 0.330455
v -0.404684 18.580227 0.233677
v -0.451375 18.580227 0.120975
v -0.467305 18.580227 0.000028
v 0.303843 18.487299 -0.526349
v 0.157262 18.487299 -0.587054
v -0.000038 18.487299 -0.607753
v -0.157334 18.487299 -0.587035
v -0.303908 18.487299 -0.526311
v -0.429772 18.487299 -0.429720
v -0.526347 18.487299 -0.303844
v -0.587053 18.487299 -0.157262
v 0.792286 18.487299 -0.212346
v 0.607752 18.580227 -0.000039
v 0.587054 18.580227 0.157260
v 0.526348 18.580227 0.303842
v 0.429773 18.580227 0.429718
v 0.303909 18.580227 0.526309
v 0.157335 18.580227 0.587033
v 0.000038 18.580227 0.607751
v -0.157261 18.580227 0.587052
v -0.303843 18.580227 0.526347
v -0.429718 18.580227 0.429772
v -0.526309 18.580227 0.303908
v -0.587033 18.580227 0.157334
v -0.607752 18.580227 0.000037
v 0.710330 18.487299 -0.410169
v 0.579967 18.487299 -0.580040
v 0.410080 18.487299 -0.710382
v 0.212247 18.487299 -0.792313
v -0.000051 18.487299 -0.820249
v -0.212345 18.487299 -0.792286
v -0.410168 18.487299 -0.710331
v -0.580039 18.487299 -0.579967
v -0.710381 18.487299 -0.410080
v -0.792311 18.487299 -0.212247
v 0.576214 18.478893 -0.000037
v 0.556590 18.478893 0.149099
v 0.499034 18.478893 0.288075
v 0.407471 18.478893 0.407418
v 0.288139 18.478893 0.498997
v 0.149170 18.478893 0.556570
v 0.000037 18.478893 0.576213
v -0.149100 18.478893 0.556588
v -0.288075 18.478893 0.499033
v -0.407419 18.478893 0.407469
v -0.498997 18.478893 0.288137
v -0.556570 18.478893 0.149169
v -0.576213 18.478893 0.000035
v 0.451376 18.580227 -0.120977
v 0.404685 18.580227 -0.233679
v 0.330415 18.580227 -0.330457
v 0.233628 18.580227 -0.404714
v 0.120920 18.580227 -0.451391
v -0.000029 18.580227 -0.467307
v -0.120975 18.580227 -0.451376
v -0.233678 18.580227 -0.404685
v -0.330455 18.580227 -0.330415
v -0.404713 18.580227 -0.233629
v 0.576214 18.041065 -0.000037
v 0.556590 18.041065 0.149099
v 0.499034 18.041065 0.288075
v 0.407471 18.041065 0.407418
v 0.288139 18.041065 0.498997
v 0.149170 18.041065 0.556570
v 0.000037 18.041065 0.576213
v -0.149100 18.041065 0.556588
v -0.288075 18.041065 0.499033
v -0.407419 18.041065 0.407469
v -0.498997 18.041065 0.288137
v -0.556570 18.041065 0.149169
v -0.576213 18.041065 0.000035
v -0.451390 18.580227 -0.120920
v 0.587034 18.580227 -0.157336
v 0.526310 18.580227 -0.303910
v 0.429719 18.580227 -0.429773
v 0.303843 18.580227 -0.526349
v 0.157261 18.580227 -0.587054
v -0.000038 18.580227 -0.607753
v -0.157334 18.580227 -0.587035
v -0.303908 18.580227 -0.526311
v 2.418919 16.166233 -0.000153
v 2.336535 16.166233 0.625915
v 2.094921 16.166233 1.209326
v 1.710541 16.166233 1.710325
v 1.209591 16.166233 2.094768
v 0.626209 16.166233 2.336455
v 0.000152 16.166233 2.418917
v -0.625915 16.166233 2.336534
v -1.209327 16.166233 2.094919
v -1.710326 16.166233 1.710539
v -2.094769 16.166233 1.209589
v -2.336456 16.166233 0.626207
v -2.418918 16.166233 0.000150
v -0.429772 18.580227 -0.429720
v -0.526347 18.580227 -0.303844
v -0.587053 18.580227 -0.157262
v 0.556571 18.478893 -0.149171
v 0.498998 18.478893 -0.288139
v 0.407420 18.478893 -0.407471
v 0.288076 18.478893 -0.499035
v 0.149101 18.478893 -0.556590
v -0.000036 18.478893 -0.576215
v 2.335375 16.099434 -0.000148
v 2.255837 16.099434 0.604297
v 2.022567 16.099434 1.167559
v 1.651463 16.099434 1.651254
v 1.167814 16.099434 2.022419
v 0.604581 16.099434 2.255759
v 0.000147 16.099434 2.335373
v -0.604297 16.099434 2.255835
v -1.167559 16.099434 2.022565
v -1.651255 16.099434 1.651461
v -2.022420 16.099434 1.167812
v -2.255760 16.099434 0.604580
v -2.335374 16.099434 0.000145
v -0.149169 18.478893 -0.556571
v -0.288138 18.478893 -0.498999
v -0.407470 18.478893 -0.407420
v -0.499034 18.478893 -0.288077
v -0.556589 18.478893 -0.149101
v 0.556571 18.041065 -0.149171
v 0.498998 18.041065 -0.288139
v 0.407420 18.041065 -0.407471
v 0.288076 18.041065 -0.499035
v 2.418919 15.950059 -0.000153
v 2.336535 15.950059 0.625915
v 2.094921 15.950059 1.209326
v 1.710541 15.950059 1.710325
v 1.209591 15.950059 2.094768
v 0.626209 15.950058 2.336455
v 0.000152 15.950059 2.418917
v -0.625915 15.950058 2.336534
v -1.209327 15.950059 2.094919
v -1.710326 15.950058 1.710539
v -2.094769 15.950059 1.209589
v -2.336456 15.950059 0.626207
v -2.418918 15.950058 0.000150
v 0.149101 18.041065 -0.556590
v -0.000036 18.041065 -0.576215
v -0.149169 18.041065 -0.556571
v -0.288138 18.041065 -0.498999
v -0.407470 18.041065 -0.407420
v -0.499034 18.041065 -0.288077
v -0.556589 18.041065 -0.149101
v 2.336457 16.166233 -0.626210
v 2.094770 16.166233 -1.209591
v 2.389071 16.099436 -0.000151
v 2.307704 16.099434 0.618191
v 2.069071 16.099434 1.194404
v 1.689434 16.099434 1.689220
v 1.194665 16.099434 2.068919
v 0.618482 16.099434 2.307624
v 0.000150 16.099434 2.389069
v -0.618192 16.099434 2.307702
v -1.194404 16.099434 2.069069
v -1.689221 16.099434 1.689432
v -2.068920 16.099434 1.194663
v -2.307625 16.099434 0.618480
v -2.389070 16.099434 0.000148
v 1.710327 16.166233 -1.710542
v 1.209328 16.166233 -2.094922
v 0.625917 16.166233 -2.336536
v -0.000151 16.166233 -2.418919
v -0.626208 16.166233 -2.336458
v -1.209590 16.166233 -2.094770
v -1.710540 16.166233 -1.710328
v -2.094920 16.166233 -1.209329
v -2.336534 16.166233 -0.625917
v 2.233189 15.950059 -0.000141
v 2.157131 15.950059 0.577855
v 1.934068 15.950059 1.116471
v 1.579202 15.950059 1.579002
v 1.116716 15.950059 1.933926
v 0.578127 15.950059 2.157057
v 0.000140 15.950058 2.233187
v -0.577856 15.950058 2.157129
v -1.116472 15.950059 1.934066
v -1.579003 15.950058 1.579200
v -1.933927 15.950058 1.116714
v -2.157057 15.950059 0.578126
v -2.233187 15.950058 0.000139
v 2.255761 16.099434 -0.604582
v 2.022421 16.099434 -1.167815
v 1.651256 16.099434 -1.651464
v 1.167561 16.099434 -2.022568
v 0.604299 16.099434 -2.255837
v -0.000146 16.099434 -2.335376
v -0.604580 16.099434 -2.255762
v -1.167813 16.099434 -2.022421
v -1.651462 16.099434 -1.651257
v -2.022566 16.099434 -1.167562
v -2.255835 16.099434 -0.604299
v 2.335375 15.950059 -0.000148
v 2.255837 15.950059 0.604297
v 2.022567 15.950059 1.167559
v 1.651463 15.950059 1.651254
v 1.167814 15.950059 2.022419
v 0.604581 15.950058 2.255759
v 0.000147 15.950058 2.335373
v -0.604297 15.950058 2.255835
v -1.167559 15.950059 2.022565
v -1.651255 15.950059 1.651461
v -2.022420 15.950059 1.167812
v -2.255760 15.950059 0.604579
v -2.335374 15.950059 0.000145
v 2.336457 15.950058 -0.626210
v 2.094770 15.950059 -1.209591
v 1.710327 15.950059 -1.710542
v 1.209329 15.950059 -2.094922
v 0.625917 15.950059 -2.336536
v -0.000151 15.950058 -2.418920
v -0.626208 15.950059 -2.336458
v -1.209590 15.950059 -2.094770
v -1.710540 15.950059 -1.710328
v 1.271656 17.060608 -0.000081
v 1.228346 17.060608 0.329050
v 1.101326 17.060608 0.635757
v 0.899253 17.060608 0.899138
v 0.635897 17.060608 1.101245
v 0.329206 17.060608 1.228303
v 0.000080 17.060608 1.271654
v -0.329051 17.060608 1.228344
v -0.635758 17.060608 1.101324
v -0.899139 17.060608 0.899251
v -1.101245 17.060608 0.635895
v -1.228303 17.060608 0.329204
v -1.271655 17.060608 0.000079
v -2.094920 15.950059 -1.209329
v -2.336534 15.950058 -0.625917
v 2.307626 16.099436 -0.618483
v 2.068921 16.099434 -1.194666
v 1.689222 16.099436 -1.689435
v 1.194406 16.099434 -2.069072
v 0.618193 16.099434 -2.307704
v -0.000149 16.099434 -2.389071
v -0.618481 16.099434 -2.307627
v 1.037316 19.521034 0.277877
v 1.086514 19.470539 0.291057
v 1.124823 19.470539 -0.000071
v 1.073890 19.521034 -0.000068
v 0.930050 19.521034 0.536886
v 0.974161 19.470539 0.562350
v 0.759403 19.521034 0.759306
v 0.795420 19.470539 0.795319
v 0.537004 19.521034 0.929981
v 0.562473 19.470537 0.974089
v 0.278009 19.521034 1.037280
v 0.291194 19.470539 1.086476
v 0.000068 19.521034 1.073889
v 0.000071 19.470537 1.124822
v -0.277878 19.521034 1.037315
v -0.291057 19.470539 1.086513
v -0.536886 19.521034 0.930049
v -0.562350 19.470537 0.974160
v -0.759307 19.521034 0.759402
v -0.795320 19.470539 0.795419
v -0.929982 19.521034 0.537002
v -0.974090 19.470537 0.562472
v -1.037280 19.521034 0.278007
v -1.086477 19.470537 0.291193
v -1.073889 19.521034 0.000066
v -1.124822 19.470539 0.000070
v -1.194664 16.099434 -2.068922
v -1.689433 16.099434 -1.689223
v -2.069070 16.099434 -1.194406
v -2.307703 16.099434 -0.618194
v 2.157058 15.950059 -0.578128
v 1.933928 15.950058 -1.116716
v 1.579004 15.950059 -1.579203
v 1.116473 15.950058 -1.934069
v 0.577857 15.950059 -2.157132
v -0.000139 15.950059 -2.233190
v -0.578126 15.950059 -2.157059
v -1.116714 15.950059 -1.933929
v -1.579201 15.950059 -1.579005
v -1.934067 15.950059 -1.116474
v -2.157130 15.950059 -0.577858
v 2.255761 15.950059 -0.604582
v 2.022421 15.950059 -1.167815
v 1.651256 15.950058 -1.651464
v 0.222530 19.670313 0.059611
v 0.230376 19.670311 -0.000015
v 0.199518 19.670313 0.115174
v 0.162910 19.670311 0.162889
v 0.115201 19.670313 0.199503
v 0.059640 19.670313 0.222521
v 0.000015 19.670313 0.230374
v -0.059611 19.670311 0.222528
v -0.115175 19.670311 0.199517
v -0.162889 19.670311 0.162909
v -0.199503 19.670311 0.115199
v -0.222521 19.670311 0.059639
v -0.230375 19.670313 0.000014
v 1.167561 15.950059 -2.022568
v 0.604299 15.950058 -2.255837
v -0.000146 15.950059 -2.335376
v -0.604580 15.950059 -2.255762
v -1.167813 15.950058 -2.022421
v -1.651462 15.950059 -1.651257
v -2.022566 15.950059 -1.167562
v -2.255835 15.950059 -0.604299
v 1.228304 17.060608 -0.329207
v 0.075159 19.741140 0.020133
v 0.077809 19.741140 -0.000006
v 0.067387 19.741140 0.038899
v 0.055023 19.741140 0.055015
v 0.038909 19.741140 0.067381
v 0.020143 19.741140 0.075155
v 0.000005 19.741140 0.077808
v -0.020133 19.741140 0.075158
v -0.038900 19.741140 0.067386
v -0.055015 19.741140 0.055022
v -0.067382 19.741140 0.038908
v -0.075156 19.741140 0.020142
v -0.077808 19.741140 0.000004
v 1.101246 17.060608 -0.635897
v 0.899140 17.060608 -0.899253
v 0.635759 17.060608 -1.101327
v 0.329052 17.060608 -1.228346
v -0.000079 17.060608 -1.271656
v -0.329205 17.060608 -1.228305
v -0.635896 17.060608 -1.101247
v -0.899252 17.060608 -0.899141
v -1.101325 17.060608 -0.635759
v -1.228345 17.060608 -0.329053
v 1.037281 19.521034 -0.278009
v 1.086478 19.470537 -0.291194
v 0.929983 19.521034 -0.537004
v 0.974090 19.470537 -0.562473
v 0.759308 19.521034 -0.759403
v 0.795320 19.470539 -0.795420
v 0.536887 19.521034 -0.930050
v 0.562351 19.470539 -0.974161
v 0.277879 19.521034 -1.037316
v 0.291058 19.470537 -1.086514
v -0.000067 19.521034 -1.073891
v -0.000070 19.470539 -1.124824
v -0.278008 19.521034 -1.037281
v -0.291193 19.470539 -1.086478
v -0.537003 19.521034 -0.929983
v -0.562472 19.470539 -0.974091
v -0.759402 19.521034 -0.759308
v -0.795419 19.470539 -0.795321
v -0.930049 19.521034 -0.536887
v -0.974160 19.470537 -0.562351
v -1.037315 19.521034 -0.277879
v -1.086513 19.470539 -0.291058
v 0.222522 19.670313 -0.059640
v 0.199504 19.670313 -0.115201
v 0.162890 19.670313 -0.162911
v 0.115176 19.670313 -0.199519
v 0.059612 19.670311 -0.222530
v -0.000014 19.670311 -0.230376
v -0.059639 19.670311 -0.222523
v -0.115200 19.670311 -0.199504
v -0.162910 19.670311 -0.162891
v -0.199518 19.670311 -0.115176
v -0.222529 19.670311 -0.059612
v 0.075157 19.741140 -0.020144
v 0.067382 19.741140 -0.038909
v 0.055016 19.741140 -0.055023
v 0.038901 19.741140 -0.067388
v 0.020134 19.741140 -0.075160
v -0.000005 19.741140 -0.077810
v -0.020143 19.741140 -0.075157
v -0.038908 19.741140 -0.067383
v -0.055022 19.741140 -0.055016
v -0.067386 19.741140 -0.038901
v -0.075158 19.741140 -0.020134
v 0.018884 16.070227 -2.387790
v 0.018886 16.076271 -2.352768
v 1.241140 16.068085 -2.051456
v 1.203150 16.065947 -2.050477
v 1.203436 16.078411 -2.016973
v 1.241426 16.080549 -2.017951
v 2.389096 16.070427 -0.017889
v 2.351455 16.076073 -0.017887
v 2.054368 16.066349 -1.204126
v 2.056672 16.068302 -1.239490
v 2.020546 16.080147 -1.240963
v 2.018241 16.078197 -1.205599
v 0.019183 16.070225 2.387785
v 0.019181 16.076271 2.352762
v 1.241397 16.068085 2.051297
v 1.203407 16.065947 2.050324
v 1.203688 16.078411 2.016819
v 1.241679 16.080549 2.017792
v 2.389098 16.070425 0.017587
v 2.351457 16.076073 0.017589
v 2.054518 16.066349 1.203866
v 2.056828 16.068302 1.239229
v 2.020701 16.080147 1.240707
v 2.018392 16.078197 1.205343
v 0.018947 14.753019 -1.379967
v 0.018948 14.786222 -1.362826
v 0.018885 16.003315 -2.377316
v 0.018887 16.010193 -2.342429
v -0.019182 16.070227 -2.387788
v -0.019179 16.076271 -2.352765
v -1.241396 16.068085 -2.051300
v -1.203405 16.065947 -2.050327
v -1.203687 16.078411 -2.016822
v 0.019120 14.753019 1.379962
v 0.019119 14.786222 1.362821
v 1.249008 15.938220 -2.005703
v 0.019182 16.003315 2.377311
v 0.019180 16.010193 2.342424
v -1.241678 16.080549 -2.017795
v 1.210980 15.936719 -2.004958
v -2.389097 16.070423 -0.017590
v -2.351456 16.076073 -0.017592
v 1.211111 15.951863 -1.972434
v 1.249139 15.953364 -1.973179
v 2.378582 16.003469 -0.017888
v 2.341077 16.009949 -0.017886
v -2.054517 16.066349 -1.203869
v -2.056827 16.068302 -1.239232
v -2.020700 16.080147 -1.240709
v -2.018391 16.078196 -1.205346
v -0.018883 16.070227 2.387787
v 1.249259 15.938221 2.005544
v -0.018885 16.076271 2.352765
v 1.211231 15.936719 2.004803
v -1.241139 16.068085 2.051452
v -1.203148 16.065947 2.050475
v 1.211358 15.951863 1.972279
v 1.249386 15.953364 1.973020
v 2.378585 16.003469 0.017587
v 2.341079 16.009949 0.017590
v -1.203434 16.078411 2.016970
v -1.241425 16.080547 2.017948
v -2.389095 16.070423 0.017886
v -2.351454 16.076071 0.017884
v -2.054366 16.066349 1.204123
v -2.056671 16.068302 1.239487
v -2.020545 16.080147 1.240960
v -2.018240 16.078197 1.205596
v 2.033483 16.003613 -1.208242
v 2.035716 16.005348 -1.243619
v 2.033635 16.003613 1.207984
v 2.035872 16.005348 1.243361
v 1.999982 16.017895 1.244793
v 1.997745 16.016155 1.209417
v 1.999826 16.017895 -1.245047
v 1.997593 16.016157 -1.209669
v 1.247111 14.844663 -0.858446
v 1.209045 14.844742 -0.858448
v 1.209117 14.879775 -0.844864
v 1.247183 14.879697 -0.844862
v 1.247218 14.844663 0.858286
v 1.209152 14.844742 0.858294
v 1.209223 14.879775 0.844710
v 1.247289 14.879697 0.844702
v 1.247153 14.802313 0.754714
v 1.209087 14.802381 0.754695
v 1.209159 14.838160 0.742925
v 1.247224 14.838090 0.742944
v 1.247223 14.765394 0.647411
v 1.209158 14.765448 0.647349
v 1.247058 14.802313 -0.754873
v 1.208992 14.802382 -0.754849
v 1.209228 14.801843 0.637380
v 1.247294 14.801791 0.637443
v 1.247490 14.734324 0.537363
v 1.209424 14.734361 0.537241
v 1.209491 14.771275 0.529098
v 1.247556 14.771236 0.529220
v 1.248054 15.051840 1.233636
v 1.214535 15.052607 1.231217
v 1.204768 15.085257 1.221764
v 1.248116 15.084650 1.215844
v 1.247800 14.996742 1.143731
v 1.209735 14.996838 1.143770
v 1.209798 15.029866 1.126336
v 1.247863 15.029771 1.126296
v 1.247566 14.943026 1.052028
v 1.209500 14.943117 1.052060
v 1.209565 14.976630 1.035458
v 1.247631 14.976539 1.035424
v 1.247366 14.891916 0.957281
v 1.209301 14.892002 0.957303
v 1.209368 14.926216 0.941998
v 1.247434 14.926130 0.941976
v 1.209066 14.838160 -0.743079
v 1.247131 14.838091 -0.743103
v 1.247142 14.765394 -0.647570
v 1.209077 14.765449 -0.647503
v 1.209149 14.801844 -0.637535
v 1.247214 14.801790 -0.637602
v 0.019090 14.531803 0.906884
v 0.019090 14.568033 0.896399
v 0.019084 14.500427 0.804379
v 0.019083 14.537083 0.795286
v 0.019077 14.471406 0.693573
v 0.019077 14.508401 0.685760
v 0.019070 14.445677 0.577029
v 0.019069 14.482950 0.570486
v 0.024815 14.672401 1.225765
v 0.022430 14.708461 1.217924
v 0.019106 14.632774 1.157552
v 0.019105 14.667489 1.143270
v 0.019101 14.598427 1.081638
v 0.019100 14.633574 1.068311
v 0.019096 14.564656 0.999000
v 0.019095 14.600345 0.987002
v 0.019137 14.931849 1.659163
v 0.019136 14.963282 1.639315
v 0.019131 14.857257 1.549704
v 0.019129 14.889778 1.531457
v 0.019125 14.804722 1.466031
v 0.019124 14.837597 1.448343
v 1.247422 14.734324 -0.537522
v 1.209357 14.734361 -0.537396
v 1.209424 14.771275 -0.529253
v 1.247490 14.771236 -0.529379
v 0.019114 14.701982 1.292335
v 0.019113 14.735341 1.275463
v 0.019113 14.689277 1.270356
v 0.022891 14.719421 1.254963
v 1.247899 15.051839 -1.233796
v 1.214381 15.052607 -1.231372
v 1.204615 15.085257 -1.221918
v 1.247964 15.084649 -1.216003
v 1.247657 14.996742 -1.143890
v 1.209591 14.996840 -1.143925
v -0.019119 14.753018 -1.379965
v -0.019117 14.786222 -1.362824
v -0.019181 16.003315 -2.377314
v -0.019179 16.010193 -2.342427
v 0.019161 15.298912 2.028818
v 0.019159 15.322587 2.001104
v 1.209657 15.029866 -1.126490
v 1.247722 15.029771 -1.126455
v 0.019156 15.201069 1.951022
v 0.019154 15.226545 1.924742
v 1.247434 14.943026 -1.052187
v 1.209368 14.943117 -1.052215
v 0.019150 15.106997 1.864987
v 0.019149 15.134536 1.840593
v 1.209435 14.976630 -1.035612
v 0.019144 15.017131 1.768274
v 0.019143 15.046782 1.746157
v 0.019176 15.704036 2.279946
v 0.019174 15.721530 2.248471
v 0.019173 15.605834 2.228467
v 0.019171 15.625292 2.198015
v 0.019169 15.503406 2.167965
v 0.019167 15.524383 2.138410
v 1.247501 14.976538 -1.035584
v 0.019165 15.400093 2.100800
v 0.019163 15.422378 2.072094
v 0.019180 15.876564 2.348299
v 0.019178 15.887979 2.314469
v 1.247246 14.891916 -0.957440
v 1.209181 14.892002 -0.957458
v 0.019179 15.794815 2.320107
v 0.019177 15.809509 2.287401
v 1.248884 15.396977 1.620440
v 1.210819 15.397221 1.620621
v 1.210862 15.424610 1.596084
v 1.248927 15.424368 1.595903
v 1.209250 14.926216 -0.942153
v 1.247316 14.926130 -0.942135
v 0.018977 14.531802 -0.906890
v 0.018977 14.568033 -0.896405
v 1.248115 15.306235 1.527916
v 1.210050 15.306362 1.527977
v 1.210102 15.334804 1.504511
v 1.248167 15.334680 1.504450
v 0.018983 14.500427 -0.804384
v 0.018984 14.537083 -0.795291
v 0.018990 14.471406 -0.693578
v 0.018991 14.508401 -0.685766
v 1.247869 15.218086 1.431601
v 1.209804 15.218136 1.431578
v 1.209858 15.247264 1.408860
v 1.247923 15.247215 1.408883
v 0.018997 14.445675 -0.577035
v 0.018998 14.482950 -0.570492
v 0.024661 14.672402 -1.225771
v 0.022277 14.708460 -1.217930
v 1.247955 15.131625 1.332929
v 1.209890 15.131632 1.332859
v 1.209943 15.161126 1.310558
v 1.248009 15.161118 1.310628
v 1.248063 15.088747 1.283157
v 1.209997 15.088747 1.283078
v 1.210051 15.118314 1.260860
v 1.246060 15.118246 1.262556
v 1.253722 15.766984 1.917245
v 1.215657 15.766872 1.917214
v 1.215623 15.787915 1.887699
v 1.253689 15.788024 1.887730
v 0.018961 14.632774 -1.157558
v 0.018962 14.667489 -1.143275
v 0.018966 14.598427 -1.081643
v 0.018967 14.633574 -1.068317
v 1.253334 15.678863 1.858076
v 1.215270 15.679106 1.858280
v 1.215244 15.702150 1.830104
v 1.253308 15.701907 1.829900
v 1.251980 15.585784 1.787525
v 1.213917 15.586160 1.787830
v 1.213914 15.610793 1.760856
v 1.251977 15.610416 1.760552
v 1.250290 15.490794 1.707628
v 1.212228 15.491158 1.707922
v 1.212250 15.517202 1.682134
v 1.250312 15.516837 1.681840
v 0.485259 14.750467 1.247833
v 0.485009 14.749434 1.212371
v 0.476789 14.786451 1.211478
v 0.477038 14.787485 1.246940
v 0.596224 14.777405 1.246930
v 0.596302 14.776451 1.211465
v 0.586475 14.813078 1.210585
v 0.586397 14.814034 1.246049
v 0.704423 14.808934 1.246918
v 0.704874 14.808089 1.211454
v 0.693313 14.844212 1.210573
v 0.692862 14.845057 1.246038
v 0.808587 14.845052 1.247913
v 0.809468 14.844357 1.212453
v 0.795998 14.879814 1.211554
v 0.795118 14.880508 1.247014
v 2.276930 15.699575 0.017594
v 2.242858 15.716486 0.017596
v 0.018971 14.564656 -0.999005
v 0.018972 14.600345 -0.987007
v -0.018946 14.753018 1.379964
v -0.018947 14.786222 1.362823
v 2.222016 15.598001 0.017597
v 2.189034 15.616938 0.017599
v 2.156502 15.491348 0.017601
v 2.124539 15.511945 0.017603
v 0.018930 14.931849 -1.659168
v -1.249258 15.938221 -2.005547
v -0.018883 16.003315 2.377313
v -0.018886 16.010193 2.342426
v -1.211230 15.936719 -2.004806
v 0.018931 14.963282 -1.639321
v 2.082401 15.383096 0.017606
v 2.051476 15.405210 0.017608
v -1.211357 15.951863 -1.972282
v -1.249385 15.953364 -1.973022
v 0.018936 14.857257 -1.549710
v 0.018938 14.889779 -1.531463
v 0.018942 14.804720 -1.466037
v 1.614533 14.899587 0.017635
v 1.591831 14.930029 0.017637
v 0.018943 14.837597 -1.448349
v 1.503112 14.821672 0.017642
v 1.482015 14.853239 0.017643
v 1.388305 14.748364 0.017649
v 1.368251 14.780599 0.017651
v 0.018953 14.701982 -1.292340
v 0.018954 14.735343 -1.275469
v 1.271757 14.677686 0.017657
v 1.251827 14.704021 0.022298
v 0.787443 14.496622 0.017687
v 0.776541 14.532959 0.017688
v 0.693603 14.470584 0.017693
v 0.684106 14.507311 0.017693
v 0.018954 14.689278 -1.270361
v 0.022734 14.719420 -1.254969
v -2.378583 16.003468 -0.017590
v -2.341077 16.009949 -0.017592
v -1.249007 15.938220 2.005701
v -1.210979 15.936718 2.004955
v 0.018906 15.298911 -2.028824
v 0.018908 15.322587 -2.001110
v 0.597095 14.447962 0.017699
v 0.589157 14.485054 0.017699
v 0.495566 14.428672 0.017705
v 0.489218 14.466065 0.017706
v 0.018911 15.201069 -1.951028
v 0.019062 14.424156 0.457304
v 0.019062 14.461668 0.452084
v 0.019055 14.407088 0.336368
v 0.019054 14.444758 0.332259
v 0.019047 14.393444 0.214800
v 0.019047 14.431200 0.211457
v 0.019039 14.381977 0.092890
v 0.019039 14.419773 0.089972
v 0.019036 14.376674 0.031898
v 0.023937 14.414471 0.023399
v 0.018913 15.226545 -1.924747
v 2.001513 15.276548 0.017611
v 1.971750 15.300191 0.017613
v 1.914391 15.173683 0.017616
v 1.886010 15.198956 0.017618
v 1.820907 15.075766 0.017622
v 1.794175 15.102767 0.017624
v 1.720909 14.984051 0.017628
v 1.696135 15.012845 0.017630
v 0.907468 14.885745 1.250026
v 0.908840 14.885252 1.214576
v 0.893264 14.919842 1.213632
v 0.891893 14.920335 1.249082
v 1.000565 14.930556 1.253229
v 1.002367 14.930272 1.217794
v 0.984955 14.963976 1.216788
v 0.983152 14.964263 1.252223
v 1.089093 14.978391 1.257255
v 1.091203 14.978269 1.221834
v 1.072487 15.011274 1.220767
v 1.070377 15.011395 1.256188
v 1.174627 15.028088 1.261796
v 1.176909 15.028067 1.226384
v 1.157461 15.060648 1.225279
v 1.155179 15.060668 1.260691
v 0.018917 15.106997 -1.864992
v 0.018918 15.134536 -1.840599
v 1.216765 15.053276 1.264165
v 1.197170 15.085768 1.263052
v 1.570641 15.352114 1.215953
v 1.572027 15.351687 1.251403
v 1.545834 15.379178 1.252582
v 1.544448 15.379603 1.217132
v 1.472146 15.262424 1.218945
v 1.473784 15.262228 1.254388
v 0.018923 15.017132 -1.768280
v 0.018924 15.046782 -1.746163
v 0.018891 15.704036 -2.279952
v 0.018893 15.721530 -2.248477
v 0.018894 15.605836 -2.228472
v 0.018896 15.625293 -2.198021
v 0.018898 15.503407 -2.167971
v 0.018900 15.524383 -2.138415
v -1.211110 15.951863 1.972431
v -1.249138 15.953364 1.973176
v 1.448642 15.290676 1.255535
v -2.378581 16.003468 0.017885
v -2.341076 16.009949 0.017883
v 0.018902 15.400093 -2.100806
v 0.018904 15.422377 -2.072100
v -2.033633 16.003613 -1.207987
v -2.035871 16.005348 -1.243364
v 0.018886 15.876562 -2.348305
v 0.018889 15.887979 -2.314475
v -2.033482 16.003611 1.208239
v -2.035715 16.005348 1.243616
v 0.018888 15.794815 -2.320112
v 0.018890 15.809509 -2.287407
v 1.248681 15.396977 -1.620599
v 1.210617 15.397221 -1.620776
v 1.210663 15.424611 -1.596239
v 1.248727 15.424368 -1.596062
v -1.999825 16.017895 1.245044
v -1.997592 16.016157 1.209667
v -1.999981 16.017895 -1.244797
v -1.997744 16.016155 -1.209419
v 1.247924 15.306235 -1.528075
v 1.209859 15.306362 -1.528131
v -1.247217 14.844663 -0.858290
v -1.209151 14.844742 -0.858297
v -1.209222 14.879775 -0.844712
v -1.247287 14.879697 -0.844705
v 1.447003 15.290872 1.220093
v -1.247109 14.844662 0.858443
v -1.209044 14.844742 0.858445
v 1.209913 15.334805 -1.504666
v 1.247979 15.334678 -1.504610
v -1.209116 14.879775 0.844861
v -1.247181 14.879697 0.844858
v 1.370150 15.175000 1.222998
v 1.371950 15.174942 1.258433
v 1.347479 15.203969 1.259554
v 1.345679 15.204026 1.224118
v 1.247690 15.218086 -1.431760
v 1.209625 15.218135 -1.431732
v 1.266317 15.088917 1.227632
v 1.268186 15.088915 1.263065
v 1.242134 15.118181 1.228740
v 1.209681 15.247264 -1.409015
v 1.247747 15.247215 -1.409042
v 1.247788 15.131624 -1.333088
v 1.209723 15.131633 -1.333014
v 1.252601 15.847571 1.963451
v 1.214544 15.846852 1.963072
v 1.214548 15.865286 1.932069
v 1.252605 15.866008 1.932448
v -1.247057 14.802313 0.754870
v -1.208991 14.802381 0.754846
v -1.209064 14.838160 0.743076
v -1.247130 14.838090 0.743100
v 1.209779 15.161127 -1.310713
v 1.247845 15.161118 -1.310787
v -1.247141 14.765394 0.647567
v -1.209075 14.765448 0.647500
v -1.247151 14.802312 -0.754717
v -1.209085 14.802382 -0.754698
v 1.247902 15.088748 -1.283316
v 1.209837 15.088747 -1.283233
v -1.209147 14.801844 0.637532
v -1.247213 14.801791 0.637599
v -1.247421 14.734324 0.537519
v -1.209355 14.734361 0.537392
v 1.209893 15.118314 -1.261015
v 1.245902 15.118246 -1.262715
v -1.209422 14.771275 0.529250
v -1.247488 14.771237 0.529376
v 1.214483 14.654746 0.023585
v 1.201749 14.684780 0.017661
v -1.247898 15.051839 1.233792
v -1.214379 15.052607 1.231369
v -1.204614 15.085257 1.221915
v -1.247962 15.084649 1.216000
v 1.167368 14.630795 0.017663
v 1.153618 14.666160 0.017664
v -1.247655 14.996742 1.143887
v -1.209590 14.996838 1.143922
v 1.253482 15.766983 -1.917405
v 1.215417 15.766873 -1.917370
v 1.215387 15.787915 -1.887855
v 1.253452 15.788024 -1.887890
v 1.253101 15.678863 -1.858236
v 1.215037 15.679106 -1.858435
v -1.209655 15.029866 1.126487
v -1.247721 15.029771 1.126452
v 1.071176 14.594088 0.017669
v 1.057727 14.629565 0.017670
v -1.247432 14.943026 1.052184
v -1.209367 14.943117 1.052212
v -1.209434 14.976630 1.035609
v -1.247499 14.976538 1.035581
v -1.247244 14.891915 0.957437
v -1.209179 14.892002 0.957455
v 1.215015 15.702150 -1.830260
v 1.253079 15.701907 -1.830060
v 0.975572 14.558904 0.017675
v 0.962679 14.594588 0.017676
v 1.251756 15.585784 -1.787685
v 1.213693 15.586160 -1.787985
v 0.880951 14.526147 0.017681
v 0.868898 14.562119 0.017682
v 1.213694 15.610794 -1.761011
v 1.251756 15.610416 -1.760712
v 2.348758 15.875843 0.017589
v 1.250076 15.490794 -1.707788
v 1.212014 15.491158 -1.708077
v 2.312319 15.886809 0.017592
v -1.209249 14.926216 0.942150
v -1.247314 14.926129 0.942132
v 2.319283 15.792712 0.017591
v 2.283971 15.806876 0.017593
v -1.209157 14.838160 -0.742928
v -1.247223 14.838090 -0.742947
v 1.212040 15.517202 -1.682289
v 1.250102 15.516837 -1.682000
v 0.485102 14.750466 -1.247897
v 0.484857 14.749434 -1.212435
v 0.476637 14.786451 -1.211540
v 0.476882 14.787485 -1.247002
v 0.596068 14.777407 -1.247007
v 0.596151 14.776453 -1.211543
v 0.586323 14.813079 -1.210661
v 0.586241 14.814034 -1.246126
v 0.704267 14.808934 -1.247009
v 0.704723 14.808089 -1.211545
v 0.693162 14.844212 -1.210663
v 0.692706 14.845057 -1.246127
v 0.808431 14.845052 -1.248017
v 0.809316 14.844357 -1.212557
v 0.795846 14.879814 -1.211657
v 0.794962 14.880508 -1.247117
v 1.248008 14.709509 0.425557
v 1.209943 14.709529 0.425360
v 1.210000 14.746857 0.419082
v 1.248065 14.746836 0.419279
v 1.248791 14.690712 0.312905
v 1.210727 14.690722 0.312641
v 1.210773 14.728311 0.307922
v 1.248838 14.728300 0.308186
v 1.249777 14.676479 0.199804
v 1.211713 14.676481 0.199493
v 1.211750 14.714207 0.195858
v 1.249814 14.714204 0.196168
v 1.250890 14.665145 0.086501
v 1.212826 14.665145 0.086165
v 1.212857 14.702930 0.083131
v 1.250921 14.702931 0.083468
v 1.251471 14.660050 0.029852
v 1.213437 14.697848 0.026597
v 1.892747 15.725868 1.216116
v 1.893717 15.725060 1.251572
v 1.862188 15.746275 1.252743
v 1.861219 15.747084 1.217287
v 1.826924 15.634932 1.215419
v 1.827736 15.633904 1.250874
v 1.797509 15.656920 1.252059
v 1.796697 15.657949 1.216604
v 1.750029 15.540219 1.214571
v 1.750874 15.539231 1.250027
v 1.721925 15.563822 1.251226
v 2.276927 15.699575 -0.017882
v 2.242856 15.716486 -0.017880
v 1.721081 15.564813 1.215771
v -1.247222 14.765392 -0.647414
v -1.209156 14.765448 -0.647352
v -1.209227 14.801843 -0.637383
v -1.247293 14.801791 -0.637446
v -0.018975 14.531802 0.906887
v -0.018976 14.568031 0.896402
v 1.663944 15.444957 1.214488
v 1.665004 15.444205 1.249943
v 1.637420 15.470309 1.251144
v 1.636361 15.471062 1.215689
v -0.018982 14.500426 0.804381
v 0.387132 14.412556 0.017712
v 0.382169 14.450157 0.017712
v -0.018982 14.537083 0.795288
v 2.222014 15.598001 -0.017879
v 2.189032 15.616937 -0.017877
v 0.272452 14.399055 0.017719
v 0.268418 14.436766 0.017719
v 0.153447 14.387362 0.017727
v 0.149963 14.425130 0.017727
v 2.156500 15.491347 -0.017874
v 0.092941 14.381944 0.017730
v 0.089609 14.419724 0.017731
v 2.124537 15.511945 -0.017872
v 0.032097 14.376678 0.017734
v 0.031440 14.678592 1.257401
v 0.145527 14.693233 1.254478
v 0.144662 14.692092 1.219027
v 0.139605 14.729668 1.218075
v 0.140469 14.730809 1.253526
v 0.259395 14.709330 1.251783
v 0.258661 14.708205 1.216330
v 0.252930 14.745684 1.215394
v 0.253664 14.746807 1.250847
v 0.372744 14.728026 1.249506
v 0.372216 14.726936 1.214048
v 0.365426 14.764240 1.213134
v 0.365954 14.765327 1.248591
v -0.018989 14.471407 0.693575
v -0.018989 14.508402 0.685763
v -0.018996 14.445675 0.577031
v -0.018996 14.482950 0.570489
v -0.024660 14.672401 1.225768
v -0.022276 14.708461 1.217927
v -0.018960 14.632772 1.157555
v -0.018960 14.667490 1.143272
v -0.018964 14.598427 1.081640
v -0.018965 14.633574 1.068313
v -0.018970 14.564655 0.999002
v -0.018970 14.600346 0.987004
v -0.018928 14.931849 1.659165
v -0.018929 14.963282 1.639318
v -0.018935 14.857257 1.549707
v -0.018936 14.889779 1.531459
v -0.018940 14.804722 1.466034
v -0.018941 14.837596 1.448346
v -1.247488 14.734324 -0.537366
v -1.209423 14.734360 -0.537244
v 2.082398 15.383096 -0.017870
v 2.051474 15.405210 -0.017868
v -1.209489 14.771275 -0.529102
v -1.247554 14.771237 -0.529223
v -0.018951 14.701981 1.292337
v -0.018952 14.735343 1.275465
v -0.018953 14.689277 1.270358
v -0.022733 14.719421 1.254966
v 1.614531 14.899587 -0.017841
v 1.591829 14.930029 -0.017839
v 1.503109 14.821672 -0.017834
v 1.482013 14.853239 -0.017832
v 1.388303 14.748364 -0.017826
v 1.368249 14.780599 -0.017825
v 1.271755 14.677686 -0.017819
v -1.248052 15.051839 -1.233639
v -1.214533 15.052607 -1.231220
v -1.204767 15.085257 -1.221768
v -1.248114 15.084649 -1.215847
v -1.247799 14.996742 -1.143734
v -1.209733 14.996838 -1.143773
v -0.018905 15.298911 2.028821
v -0.018907 15.322586 2.001106
v -1.209796 15.029866 -1.126339
v -1.247862 15.029771 -1.126299
v -0.018910 15.201069 1.951025
v -0.018912 15.226544 1.924744
v -1.247564 14.943026 -1.052031
v -1.209498 14.943117 -1.052063
v -0.018915 15.106999 1.864989
v -0.018917 15.134536 1.840595
v 1.251824 14.704021 -0.022458
v 0.787441 14.496622 -0.017789
v 0.776539 14.532959 -0.017788
v 0.693600 14.470584 -0.017783
v 0.684104 14.507311 -0.017782
v 0.597093 14.447962 -0.017777
v 0.589155 14.485054 -0.017776
v 0.495564 14.428672 -0.017771
v 0.489215 14.466065 -0.017770
v 0.019005 14.424156 -0.457309
v 0.019005 14.461668 -0.452089
v 0.019012 14.407088 -0.336374
v 0.019013 14.444758 -0.332265
v 0.019020 14.393444 -0.214806
v 0.019020 14.431200 -0.211463
v 0.019028 14.381977 -0.092896
v 0.019028 14.419773 -0.089977
v 0.019032 14.376674 -0.031904
v 0.023934 14.414471 -0.023406
v 2.001511 15.276548 -0.017865
v 1.971748 15.300191 -0.017863
v 1.914389 15.173681 -0.017859
v 1.886008 15.198956 -0.017858
v 1.820905 15.075766 -0.017854
v 1.794173 15.102766 -0.017852
v 1.720907 14.984051 -0.017847
v 1.696133 15.012846 -0.017846
v 0.907312 14.885745 -1.250143
v 0.908687 14.885252 -1.214693
v -1.209564 14.976630 -1.035461
v -0.018921 15.017131 1.768276
v -0.018923 15.046782 1.746160
v -0.018889 15.704035 2.279949
v 0.893112 14.919842 -1.213747
v 0.891737 14.920335 -1.249197
v -0.018891 15.721531 2.248474
v -0.018893 15.605834 2.228469
v -0.018894 15.625292 2.198018
v -0.018896 15.503407 2.167968
v 1.000408 14.930556 -1.253358
v 1.002215 14.930272 -1.217923
v 0.984802 14.963976 -1.216914
v 0.982995 14.964263 -1.252349
v 1.088936 14.978391 -1.257394
v 1.091050 14.978269 -1.221973
v -0.018898 15.524383 2.138412
v -1.247629 14.976538 -1.035427
v -0.018901 15.400092 2.100803
v -0.018903 15.422378 2.072097
v -0.018885 15.876564 2.348302
v -0.018887 15.887980 2.314471
v -1.247364 14.891916 -0.957284
v -1.209299 14.892002 -0.957307
v -0.018887 15.794816 2.320109
v -0.018889 15.809508 2.287404
v -1.248680 15.396976 1.620596
v -1.210615 15.397221 1.620772
v -1.210661 15.424610 1.596236
v -1.248725 15.424368 1.596059
v -1.209367 14.926215 -0.942001
v -1.247432 14.926130 -0.941979
v -0.019089 14.531802 -0.906887
v -0.019088 14.568031 -0.896403
v -1.247923 15.306235 1.528072
v -1.209857 15.306362 1.528128
v -1.209912 15.334805 1.504663
v -1.247977 15.334680 1.504606
v -0.019082 14.500426 -0.804382
v -0.019082 14.537085 -0.795289
v -0.019076 14.471406 -0.693576
v -0.019075 14.508401 -0.685764
v -1.247689 15.218085 1.431757
v -1.209623 15.218135 1.431729
v -1.209680 15.247265 1.409012
v -1.247745 15.247213 1.409039
v -0.019068 14.445675 -0.577032
v -0.019068 14.482950 -0.570490
v -0.024813 14.672402 -1.225768
v -0.022428 14.708460 -1.217927
v -1.247787 15.131624 1.333085
v -1.209721 15.131632 1.333011
v -1.209777 15.161126 1.310709
v -1.247843 15.161119 1.310784
v -1.247901 15.088747 1.283313
v -1.209835 15.088747 1.283229
v -1.209891 15.118313 1.261011
v -1.245900 15.118247 1.262712
v -1.253481 15.766983 1.917402
v -1.215415 15.766872 1.917367
v -1.215386 15.787914 1.887852
v -1.253451 15.788024 1.887887
v -0.019105 14.632772 -1.157556
v -0.019104 14.667490 -1.143273
v -0.019100 14.598428 -1.081641
v -0.019099 14.633574 -1.068314
v -1.253100 15.678863 1.858232
v -1.215036 15.679106 1.858432
v -1.215014 15.702150 1.830257
v -1.253078 15.701908 1.830057
v -1.251754 15.585784 1.787682
v -1.213692 15.586160 1.787982
v -1.213692 15.610793 1.761008
v -1.251755 15.610416 1.760709
v 1.072334 15.011274 -1.220905
v 1.070220 15.011396 -1.256326
v 1.174469 15.028090 -1.261946
v -1.250075 15.490794 1.707785
v -1.212012 15.491158 1.708074
v 1.176755 15.028067 -1.226534
v 1.157307 15.060647 -1.225427
v -1.212038 15.517202 1.682286
v -1.250100 15.516837 1.681997
v 1.155021 15.060668 -1.260839
v 1.216607 15.053277 -1.264321
v -0.485101 14.750467 1.247894
v -0.484856 14.749434 1.212432
v 1.197012 15.085769 -1.263205
v -0.476636 14.786450 1.211537
v -0.476881 14.787484 1.246999
v 1.570488 15.352114 -1.216153
v 1.571871 15.351687 -1.251603
v 1.545678 15.379178 -1.252779
v -0.596066 14.777405 1.247004
v -0.596149 14.776451 1.211540
v 1.544295 15.379603 -1.217328
v -0.586322 14.813079 1.210658
v -0.586240 14.814034 1.246123
v -0.704266 14.808934 1.247006
v 1.471993 15.262424 -1.219132
v 1.473627 15.262228 -1.254575
v -0.704721 14.808088 1.211542
v -0.693160 14.844212 1.210660
v -0.692704 14.845057 1.246124
v 1.448485 15.290676 -1.255720
v -0.808429 14.845052 1.248014
v -0.809315 14.844357 1.212554
v -0.795845 14.879814 1.211653
v -0.794960 14.880508 1.247114
v -2.276926 15.699574 0.017879
v -2.242855 15.716485 0.017877
v -0.019095 14.564655 -0.999003
v -0.019094 14.600346 -0.987005
v -2.222013 15.598001 0.017876
v -2.189031 15.616936 0.017874
v -2.156498 15.491347 0.017872
v -2.124535 15.511945 0.017869
v -0.019136 14.931849 -1.659166
v -0.019135 14.963282 -1.639318
v -2.082397 15.383096 0.017867
v -2.051473 15.405210 0.017865
v -0.019129 14.857257 -1.549707
v -0.019128 14.889779 -1.531460
v -0.019124 14.804722 -1.466034
v -1.614529 14.899586 0.017837
v -1.591828 14.930029 0.017836
v -0.019123 14.837597 -1.448346
v -1.503108 14.821671 0.017831
v -1.482012 14.853238 0.017829
v -1.388302 14.748363 0.017823
v -1.368247 14.780599 0.017822
v -0.019113 14.701981 -1.292338
v -0.019112 14.735343 -1.275466
v -1.271754 14.677685 0.017816
v -1.251823 14.704021 0.022455
v -0.787440 14.496622 0.017786
v -0.776537 14.532958 0.017785
v 1.446851 15.290872 -1.220277
v -0.693599 14.470584 0.017780
v -0.684103 14.507311 0.017779
v 1.369997 15.174999 -1.223172
v 1.371792 15.174942 -1.258608
v 1.347322 15.203969 -1.259727
v 1.345526 15.204026 -1.224290
v 1.266163 15.088917 -1.227793
v 1.268028 15.088917 -1.263227
v 1.241980 15.118181 -1.228899
v 1.252355 15.847573 -1.963611
v 1.214298 15.846851 -1.963227
v 1.214306 15.865287 -1.932224
v 1.252363 15.866009 -1.932608
v -0.019112 14.689278 -1.270359
v -0.022890 14.719420 -1.254966
v -0.019159 15.298912 -2.028821
v -0.019157 15.322586 -2.001107
v -0.597091 14.447962 0.017774
v -0.589154 14.485054 0.017773
v -0.495562 14.428672 0.017767
v -0.489214 14.466065 0.017767
v -0.019154 15.201070 -1.951025
v -0.019003 14.424156 0.457306
v -0.019004 14.461668 0.452086
v -0.019011 14.407088 0.336371
v 1.214480 14.654747 -0.023741
v 1.201747 14.684780 -0.017815
v -0.019011 14.444758 0.332262
v -0.019019 14.393444 0.214802
v -0.019019 14.431200 0.211460
v -0.019026 14.381977 0.092892
v 1.167366 14.630796 -0.017813
v 1.153616 14.666160 -0.017812
v -0.019026 14.419773 0.089974
v -0.019030 14.376674 0.031900
v -0.023933 14.414471 0.023402
v -0.019153 15.226544 -1.924745
v -2.001510 15.276546 0.017862
v -1.971746 15.300190 0.017860
v -1.914388 15.173683 0.017856
v -1.886007 15.198956 0.017855
v -1.820903 15.075766 0.017850
v -1.794171 15.102767 0.017849
v -1.720905 14.984051 0.017844
v -1.696132 15.012845 0.017843
v -0.907310 14.885744 1.250140
v 1.071174 14.594088 -0.017807
v -0.908686 14.885252 1.214690
v 1.057724 14.629565 -0.017806
v -0.893111 14.919842 1.213744
v -0.891735 14.920335 1.249194
v -1.000406 14.930556 1.253355
v -1.002214 14.930272 1.217920
v -0.984801 14.963976 1.216911
v -0.982993 14.964263 1.252346
v -1.088935 14.978391 1.257391
v -1.091048 14.978269 1.221970
v -1.072332 15.011274 1.220902
v -1.070219 15.011395 1.256323
v -1.174467 15.028088 1.261943
v 0.975570 14.558904 -0.017801
v -1.176754 15.028067 1.226531
v 0.962677 14.594588 -0.017800
v -1.157306 15.060647 1.225424
v 0.880949 14.526147 -0.017795
v 0.868896 14.562119 -0.017794
v 2.348756 15.875843 -0.017886
v 2.312316 15.886809 -0.017884
v -1.155020 15.060668 1.260836
v -0.019149 15.106997 -1.864990
v 2.319281 15.792712 -0.017885
v -0.019147 15.134536 -1.840596
v -1.216605 15.053276 1.264318
v -1.197010 15.085768 1.263202
v -1.570487 15.352114 1.216150
v -1.571869 15.351686 1.251600
v -1.545676 15.379178 1.252776
v -1.544294 15.379602 1.217326
v -1.471991 15.262423 1.219129
v -1.473626 15.262226 1.254572
v -0.019143 15.017131 -1.768277
v 2.283969 15.806876 -0.017882
v -0.019142 15.046783 -1.746160
v -0.019175 15.704035 -2.279950
v 1.945667 15.809886 1.215761
v 1.947016 15.809687 1.251214
v 1.914046 15.828600 1.252396
v 1.912697 15.828799 1.216944
v 1.985585 15.885608 1.213886
v -0.019173 15.721530 -2.248474
v -0.019172 15.605834 -2.228470
v -0.019170 15.625292 -2.198018
v -0.019168 15.503407 -2.167969
v -0.019166 15.524383 -2.138413
v -1.448484 15.290675 1.255717
v -0.019164 15.400093 -2.100803
v -0.019162 15.422378 -2.072098
v -0.019179 15.876564 -2.348302
v -0.019177 15.887980 -2.314472
v -0.019177 15.794816 -2.320109
v -0.019176 15.809508 -2.287405
v -1.248882 15.396977 -1.620443
v -1.210818 15.397220 -1.620624
v -1.210861 15.424611 -1.596087
v -1.248925 15.424368 -1.595906
v -1.248114 15.306235 -1.527919
v -1.210048 15.306362 -1.527980
v -1.446849 15.290871 1.220274
v -1.210100 15.334805 -1.504514
v -1.248166 15.334678 -1.504453
v -1.369995 15.175000 1.223169
v -1.371791 15.174944 1.258605
v -1.347320 15.203967 1.259723
v -1.345525 15.204024 1.224287
v -1.247868 15.218085 -1.431604
v -1.209802 15.218135 -1.431581
v -1.266162 15.088915 1.227790
v -1.268026 15.088915 1.263224
v -1.241979 15.118179 1.228896
v -1.209856 15.247265 -1.408863
v -1.247922 15.247213 -1.408886
v 1.987357 15.886212 1.249318
v 1.953000 15.902486 1.250567
v 1.951229 15.901883 1.215135
v -1.247954 15.131624 -1.332932
v -1.209888 15.131632 -1.332862
v -1.252353 15.847571 1.963608
v -1.214297 15.846852 1.963224
v -1.214305 15.865287 1.932221
v -1.252362 15.866008 1.932605
v -1.209942 15.161126 -1.310561
v -1.248007 15.161119 -1.310631
v -1.248062 15.088747 -1.283160
v -1.209996 15.088747 -1.283081
v -1.210049 15.118313 -1.260863
v -1.246058 15.118246 -1.262559
v -1.214478 14.654746 0.023738
v -1.201746 14.684782 0.017812
v -1.167364 14.630795 0.017809
v -1.153614 14.666161 0.017809
v -1.253721 15.766983 -1.917248
v -1.215656 15.766873 -1.917217
v 1.247955 14.709509 -0.425717
v 1.209890 14.709531 -0.425515
v 1.209948 14.746857 -0.419236
v 1.248013 14.746836 -0.419438
v 1.248752 14.690712 -0.313065
v 1.210688 14.690723 -0.312796
v 1.210735 14.728311 -0.308077
v 1.248799 14.728300 -0.308346
v 1.249752 14.676478 -0.199963
v 1.211688 14.676481 -0.199648
v -1.215622 15.787914 -1.887702
v -1.253687 15.788025 -1.887733
v -1.253332 15.678864 -1.858078
v -1.215268 15.679106 -1.858283
v 1.211726 14.714206 -0.196013
v 1.249790 14.714205 -0.196328
v 1.250879 14.665145 -0.086661
v 1.212815 14.665146 -0.086320
v 1.212847 14.702930 -0.083287
v 1.250911 14.702931 -0.083628
v 1.251467 14.660051 -0.030012
v 1.213434 14.697848 -0.026753
v 1.892595 15.725868 -1.216356
v 1.893560 15.725060 -1.251812
v 1.862032 15.746277 -1.252980
v 1.861066 15.747084 -1.217523
v -1.071172 14.594089 0.017803
v -1.057723 14.629565 0.017803
v -1.215243 15.702150 -1.830107
v -1.253307 15.701908 -1.829902
v -0.975568 14.558905 0.017797
v -0.962675 14.594587 0.017797
v -1.251978 15.585784 -1.787528
v -1.213916 15.586160 -1.787833
v 1.826772 15.634932 -1.215651
v 1.827579 15.633904 -1.251105
v 1.797352 15.656920 -1.252287
v 1.796545 15.657948 -1.216832
v -0.880947 14.526146 0.017791
v -0.868894 14.562119 0.017791
v 1.749877 15.540219 -1.214794
v 1.750718 15.539231 -1.250249
v 1.721769 15.563822 -1.251445
v 1.720928 15.564813 -1.215989
v -1.213913 15.610794 -1.760859
v -1.251975 15.610416 -1.760555
v -2.348754 15.875842 0.017884
v -1.250289 15.490794 -1.707631
v -1.212226 15.491158 -1.707925
v -2.312315 15.886808 0.017881
v -2.319279 15.792711 0.017882
v -2.283968 15.806875 0.017880
v -1.212249 15.517202 -1.682137
v -1.250311 15.516837 -1.681843
v -0.485257 14.750466 -1.247836
v -0.485008 14.749434 -1.212374
v -0.476787 14.786451 -1.211481
v -0.477037 14.787484 -1.246943
v -0.596223 14.777407 -1.246933
v -0.596301 14.776453 -1.211469
v 1.663792 15.444957 -1.214700
v 1.664847 15.444205 -1.250155
v 1.637264 15.470309 -1.251352
v 1.636209 15.471062 -1.215897
v 0.387129 14.412556 -0.017764
v 0.382167 14.450157 -0.017763
v 0.272450 14.399055 -0.017757
v 0.268416 14.436766 -0.017756
v 0.153445 14.387362 -0.017749
v 0.149961 14.425130 -0.017749
v 0.092939 14.381944 -0.017745
v 0.089606 14.419725 -0.017745
v 0.032094 14.376678 -0.017742
v 0.031282 14.678592 -1.257408
v 0.145370 14.693233 -1.254499
v 0.144510 14.692092 -1.219048
v 0.139452 14.729669 -1.218096
v 0.140313 14.730810 -1.253546
v 0.259238 14.709330 -1.251819
v 0.258509 14.708205 -1.216365
v 0.252778 14.745685 -1.215429
v 0.253508 14.746808 -1.250883
v 0.372588 14.728026 -1.249556
v 0.372064 14.726935 -1.214098
v 0.365274 14.764238 -1.213182
v 0.365798 14.765328 -1.248640
v -0.586474 14.813078 -1.210588
v -0.586396 14.814031 -1.246052
v -0.704422 14.808933 -1.246921
v -0.704873 14.808089 -1.211457
v -0.693312 14.844212 -1.210577
v -0.692861 14.845057 -1.246041
v -0.808586 14.845052 -1.247916
v -0.809466 14.844357 -1.212456
v -0.795997 14.879814 -1.211557
v -0.795116 14.880508 -1.247017
v -1.247953 14.709510 0.425713
v -1.209888 14.709529 0.425512
v -1.209946 14.746855 0.419233
v -1.248011 14.746836 0.419435
v -1.248751 14.690715 0.313062
v -1.210686 14.690722 0.312793
v -1.210733 14.728310 0.308074
v -1.248798 14.728301 0.308342
v -1.249750 14.676479 0.199960
v -1.211686 14.676480 0.199645
v -1.211724 14.714207 0.196009
v -1.249788 14.714204 0.196324
v -1.250878 14.665146 0.086658
v -1.212814 14.665145 0.086317
v -1.212845 14.702931 0.083283
v -1.250909 14.702930 0.083624
v -1.251465 14.660050 0.030009
v -1.213432 14.697847 0.026749
v -1.892594 15.725869 1.216353
v -1.893559 15.725060 1.251809
v -1.862030 15.746275 1.252977
v -1.861065 15.747081 1.217520
v -1.826771 15.634932 1.215648
v -1.827578 15.633904 1.251103
v -1.797351 15.656919 1.252284
v -1.796543 15.657948 1.216829
v -1.749876 15.540219 1.214791
v -1.750716 15.539231 1.250246
v -1.721768 15.563822 1.251442
v -2.276928 15.699574 -0.017597
v -2.242857 15.716485 -0.017599
v -1.720927 15.564810 1.215987
v -1.663790 15.444957 1.214697
v -1.664845 15.444205 1.250152
v -1.637263 15.470309 1.251349
v -1.636208 15.471062 1.215894
v -0.387128 14.412556 0.017761
v -0.382166 14.450157 0.017760
v -2.222015 15.598001 -0.017600
v -2.189033 15.616937 -0.017602
v -0.272448 14.399055 0.017753
v -0.268414 14.436766 0.017753
v -0.153444 14.387362 0.017746
v -0.149960 14.425130 0.017746
v -2.156501 15.491345 -0.017604
v -0.092937 14.381944 0.017742
v -0.089605 14.419724 0.017742
v -2.124537 15.511945 -0.017606
v -0.032093 14.376678 0.017738
v -0.031281 14.678591 1.257405
v -0.145368 14.693233 1.254496
v -0.144508 14.692091 1.219045
v -0.139451 14.729668 1.218093
v -0.140311 14.730809 1.253543
v -0.259237 14.709329 1.251816
v -0.258507 14.708204 1.216362
v -0.252777 14.745685 1.215426
v -0.253506 14.746807 1.250879
v -0.372586 14.728025 1.249552
v -0.372063 14.726936 1.214095
v -0.365273 14.764240 1.213179
v -0.365797 14.765327 1.248637
v -2.082399 15.383096 -0.017609
v -2.051475 15.405210 -0.017611
v -1.614532 14.899587 -0.017638
v -1.591830 14.930029 -0.017640
v -1.503110 14.821671 -0.017645
v -1.482014 14.853238 -0.017647
v -1.388304 14.748364 -0.017653
v -1.368249 14.780599 -0.017654
v -1.271756 14.677686 -0.017660
v -1.251826 14.704020 -0.022302
v -0.787442 14.496622 -0.017690
v -0.776539 14.532958 -0.017691
v -0.693601 14.470584 -0.017696
v -0.684105 14.507311 -0.017697
v -0.597093 14.447962 -0.017702
v -0.589156 14.485054 -0.017703
v -0.495564 14.428672 -0.017708
v -0.489216 14.466065 -0.017709
v -0.019061 14.424156 -0.457307
v -0.019060 14.461669 -0.452087
v -0.019053 14.407088 -0.336372
v -0.019053 14.444758 -0.332263
v -0.019046 14.393444 -0.214803
v -0.019045 14.431200 -0.211461
v -0.019038 14.381977 -0.092893
v -0.019038 14.419773 -0.089975
v -0.019034 14.376674 -0.031901
v -0.023936 14.414471 -0.023403
v -2.001512 15.276546 -0.017614
v -1.971748 15.300190 -0.017616
v -1.914390 15.173681 -0.017620
v -1.886009 15.198956 -0.017621
v -1.820905 15.075766 -0.017625
v -1.794173 15.102766 -0.017627
v -1.720908 14.984051 -0.017632
v -1.696134 15.012845 -0.017633
v -0.907467 14.885745 -1.250029
v -0.908838 14.885252 -1.214579
v -0.893263 14.919842 -1.213635
v -0.891892 14.920334 -1.249085
v -1.000563 14.930556 -1.253232
v -1.002366 14.930272 -1.217798
v -0.984953 14.963976 -1.216791
v -0.983150 14.964263 -1.252226
v -1.089092 14.978391 -1.257258
v -1.091201 14.978269 -1.221837
v -1.072485 15.011276 -1.220771
v -1.070376 15.011395 -1.256192
v -1.174626 15.028088 -1.261799
v -1.176907 15.028067 -1.226387
v -1.157459 15.060647 -1.225282
v -1.155178 15.060668 -1.260694
v -1.216763 15.053276 -1.264168
v -1.197168 15.085768 -1.263055
v -1.570639 15.352114 -1.215956
v -1.572026 15.351686 -1.251406
v -1.545833 15.379177 -1.252585
v -1.544447 15.379602 -1.217135
v -1.472144 15.262423 -1.218948
v -1.473783 15.262226 -1.254390
v -1.448641 15.290675 -1.255538
v -1.447002 15.290871 -1.220096
v -1.370149 15.174999 -1.223000
v -1.371948 15.174942 -1.258437
v -1.347478 15.203967 -1.259558
v -1.345678 15.204024 -1.224122
v -1.266315 15.088915 -1.227635
v -1.268184 15.088915 -1.263068
v -1.242133 15.118179 -1.228743
v -1.252599 15.847573 -1.963454
v -1.214543 15.846852 -1.963075
v -1.214547 15.865287 -1.932072
v -1.252604 15.866009 -1.932451
v -1.214481 14.654746 -0.023589
v -1.201748 14.684782 -0.017664
v -1.167366 14.630795 -0.017666
v -1.153616 14.666161 -0.017667
v -1.071174 14.594088 -0.017672
v -1.057725 14.629566 -0.017673
v -0.975571 14.558904 -0.017678
v -0.962678 14.594587 -0.017679
v -0.880949 14.526146 -0.017684
v -0.868897 14.562119 -0.017685
v -2.348757 15.875842 -0.017592
v -2.312318 15.886809 -0.017594
v -2.319282 15.792711 -0.017594
v -2.283970 15.806875 -0.017596
v -1.945513 15.809885 1.216004
v -1.946858 15.809687 1.251458
v -1.913888 15.828600 1.252636
v -1.912543 15.828799 1.217183
v -1.985432 15.885608 1.214134
v -1.987199 15.886212 1.249568
v -1.952842 15.902486 1.250812
v -1.951075 15.901881 1.215379
v -1.248006 14.709509 -0.425560
v -1.209941 14.709531 -0.425363
v -1.209999 14.746855 -0.419085
v -1.248064 14.746836 -0.419282
v -1.248790 14.690715 -0.312908
v -1.210725 14.690723 -0.312644
v -1.210772 14.728311 -0.307925
v -1.248836 14.728301 -0.308189
v -1.249775 14.676478 -0.199807
v -1.211711 14.676480 -0.199496
v -1.211748 14.714207 -0.195861
v -1.249813 14.714205 -0.196171
v -1.250888 14.665146 -0.086505
v -1.212824 14.665146 -0.086168
v -1.212856 14.702931 -0.083135
v -1.250920 14.702930 -0.083471
v -1.251469 14.660051 -0.029855
v -1.213436 14.697848 -0.026601
v -1.892746 15.725868 -1.216119
v -1.893715 15.725061 -1.251575
v -1.862187 15.746275 -1.252746
v -1.861218 15.747081 -1.217290
v -1.826923 15.634933 -1.215422
v -1.827735 15.633904 -1.250876
v -1.797508 15.656919 -1.252062
v -1.796696 15.657948 -1.216607
v -1.750028 15.540219 -1.214575
v -1.750873 15.539231 -1.250030
v -1.721924 15.563822 -1.251229
v -1.721080 15.564811 -1.215774
v -1.663942 15.444957 -1.214491
v -1.665002 15.444205 -1.249946
v -1.637419 15.470308 -1.251147
v -1.636360 15.471062 -1.215692
v -0.387130 14.412556 -0.017715
v -0.382168 14.450157 -0.017716
v -0.272450 14.399055 -0.017722
v -0.268417 14.436766 -0.017723
v -0.153446 14.387362 -0.017730
v -0.149962 14.425130 -0.017730
v -0.092939 14.381944 -0.017734
v -0.089607 14.419724 -0.017734
v -0.032095 14.376678 -0.017737
v -0.031438 14.678591 -1.257404
v -0.145526 14.693233 -1.254480
v -0.144661 14.692091 -1.219030
v -0.139603 14.729669 -1.218079
v -0.140468 14.730810 -1.253529
v -0.259393 14.709329 -1.251786
v -0.258660 14.708204 -1.216333
v -0.252929 14.745685 -1.215397
v -0.253663 14.746808 -1.250851
v -0.372743 14.728025 -1.249509
v -0.372215 14.726936 -1.214051
v -0.365425 14.764238 -1.213137
v -0.365953 14.765328 -1.248595
v -1.945666 15.809885 -1.215763
v -1.947015 15.809688 -1.251217
v -1.914045 15.828602 -1.252399
v -1.912696 15.828798 -1.216946
v -1.985584 15.885607 -1.213889
v -1.987355 15.886212 -1.249322
v -1.952999 15.902487 -1.250570
v -1.951227 15.901883 -1.215137
v 1.945514 15.809886 -1.216007
v 1.946859 15.809688 -1.251460
v 1.913889 15.828602 -1.252639
v 1.912544 15.828798 -1.217186
v 1.985433 15.885608 -1.214137
v 1.987200 15.886212 -1.249570
v 1.952843 15.902486 -1.250815
v 1.951077 15.901883 -1.215382
v -1.751249 15.940123 1.557501
v -1.770905 15.940139 1.537004
v -1.796116 15.949586 1.542246
v -1.803929 15.958961 1.569920
v -1.784368 15.958950 1.590521
v -1.758053 15.949523 1.584338
v -1.754324 15.987919 1.558359
v -1.765069 16.007772 1.541028
v -1.789650 16.020550 1.547539
v -1.803486 16.013475 1.571382
v -1.792740 15.993625 1.588712
v -1.768160 15.980845 1.582201
v -1.558139 15.987919 1.754519
v -1.540807 16.007772 1.765262
v -1.547315 16.020550 1.789843
v -1.571156 16.013475 1.803682
v -1.588487 15.993625 1.792940
v -1.581979 15.980846 1.768358
v -1.557281 15.940124 1.751444
v -1.536782 15.940138 1.771097
v -1.542021 15.949586 1.796309
v -1.569695 15.958961 1.804125
v -1.590298 15.958950 1.784567
v -1.584118 15.949523 1.758252
v -1.590789 15.887323 1.784471
v -1.569205 15.887435 1.802771
v -1.567995 15.909944 1.821939
v -1.586559 15.932526 1.820708
v -1.607090 15.932508 1.801120
v -1.609343 15.909876 1.783165
v -1.670886 15.887278 1.863388
v -1.650027 15.887342 1.882264
v -1.635855 15.909496 1.888441
v -1.640853 15.931760 1.873768
v -1.661159 15.931747 1.854153
v -1.676464 15.909459 1.849300
v -1.699841 15.941302 1.891762
v -1.679542 15.941319 1.911149
v -1.656438 15.948873 1.908391
v -1.652191 15.956482 1.884541
v -1.672403 15.956476 1.864922
v -1.696585 15.948863 1.868952
v -1.654988 16.481976 1.845564
v -1.635253 16.481976 1.865296
v -1.609090 16.474701 1.858864
v -1.602662 16.467426 1.832700
v -1.622396 16.467426 1.812968
v -1.648559 16.474701 1.819400
v -1.624362 16.546223 1.814934
v -1.604627 16.546223 1.834666
v -1.589279 16.523331 1.839050
v -1.593665 16.500439 1.823702
v -1.613400 16.500439 1.803970
v -1.628748 16.523331 1.799586
v -1.572964 16.522018 1.763529
v -1.553230 16.522018 1.783261
v -1.552652 16.501732 1.802418
v -1.571809 16.481449 1.801844
v -1.591544 16.481449 1.782112
v -1.592121 16.501732 1.762955
v -1.481302 16.397783 1.671856
v -1.461568 16.397783 1.691589
v -1.467474 16.388489 1.717230
v -1.493116 16.379192 1.723140
v -1.512850 16.379192 1.703408
v -1.506943 16.388489 1.677766
v -1.482497 16.330414 1.673052
v -1.462763 16.330412 1.692784
v -1.468377 16.340645 1.718133
v -1.493725 16.350878 1.723750
v -1.513460 16.350876 1.704018
v -1.507846 16.340645 1.678669
v -1.527610 16.273594 1.717130
v -1.513276 16.265602 1.739702
v -1.516698 16.279079 1.763898
v -1.534455 16.300545 1.765524
v -1.548789 16.308537 1.742953
v -1.545367 16.295061 1.718756
v -1.574154 16.245012 1.713695
v -1.578207 16.226498 1.734179
v -1.592129 16.233965 1.757184
v -1.601997 16.259949 1.759705
v -1.597944 16.278461 1.739221
v -1.584022 16.270996 1.716216
v -1.643101 16.245970 1.643306
v -1.656681 16.225723 1.656888
v -1.675869 16.232235 1.676078
v -1.681476 16.258991 1.681686
v -1.667895 16.279236 1.668104
v -1.648708 16.272726 1.648914
v -1.713498 16.245012 1.574368
v -1.733981 16.226498 1.578424
v -1.756985 16.233965 1.592349
v -1.759504 16.259949 1.602217
v -1.739021 16.278463 1.598161
v -1.716018 16.270996 1.584237
v -1.716939 16.273594 1.527825
v -1.739512 16.265602 1.513493
v -1.763708 16.279079 1.516919
v -1.765332 16.300545 1.534676
v -1.742759 16.308538 1.549007
v -1.718562 16.295061 1.545582
v -1.672866 16.330414 1.482707
v -1.692600 16.330412 1.462975
v -1.717949 16.340645 1.468592
v -1.723563 16.350876 1.493941
v -1.703829 16.350876 1.513673
v -1.678480 16.340645 1.508056
v -1.671671 16.397781 1.481512
v -1.691406 16.397783 1.461780
v -1.717047 16.388489 1.467690
v -1.722953 16.379192 1.493331
v -1.703219 16.379192 1.513063
v -1.677578 16.388489 1.507154
v -1.763332 16.522018 1.573184
v -1.783067 16.522018 1.553452
v -1.802224 16.501732 1.552878
v -1.801647 16.481449 1.572035
v -1.781912 16.481449 1.591767
v -1.762755 16.501732 1.592342
v -1.814731 16.546223 1.624589
v -1.834465 16.546223 1.604857
v -1.838851 16.523331 1.589509
v -1.823503 16.500439 1.593893
v -1.803768 16.500439 1.613626
v -1.799383 16.523331 1.628973
v -1.845357 16.481976 1.655219
v -1.865092 16.481976 1.635487
v -1.858663 16.474701 1.609323
v -1.832499 16.467426 1.602891
v -1.812765 16.467426 1.622623
v -1.819194 16.474701 1.648787
v -1.891549 15.941303 1.700078
v -1.910939 15.941318 1.679781
v -1.908184 15.948874 1.656677
v -1.884334 15.956482 1.652427
v -1.864713 15.956476 1.672637
v -1.868739 15.948863 1.696819
v -1.863179 15.887278 1.671119
v -1.882058 15.887341 1.650262
v -1.888236 15.909496 1.636091
v -1.873563 15.931760 1.641087
v -1.853945 15.931747 1.661392
v -1.849090 15.909459 1.676695
v -1.784271 15.887325 1.591013
v -1.802575 15.887433 1.569431
v -1.821743 15.909944 1.568224
v -1.820509 15.932528 1.586787
v -1.800919 15.932508 1.607316
v -1.782964 15.909876 1.609566
v 1.557503 15.940124 1.751249
v 1.537006 15.940138 1.770905
v 1.542249 15.949586 1.796116
v 1.569922 15.958961 1.803928
v 1.590524 15.958947 1.784368
v 1.584339 15.949525 1.758053
v 1.558361 15.987919 1.754324
v 1.541030 16.007771 1.765068
v 1.547541 16.020550 1.789649
v 1.571384 16.013475 1.803485
v 1.588714 15.993623 1.792740
v 1.582203 15.980845 1.768160
v 1.754521 15.987919 1.558139
v 1.765264 16.007771 1.540807
v 1.789845 16.020550 1.547315
v 1.803684 16.013475 1.571156
v 1.792941 15.993623 1.588487
v 1.768360 15.980845 1.581979
v 1.751446 15.940124 1.557281
v 1.771099 15.940138 1.536782
v 1.796311 15.949586 1.542021
v 1.804128 15.958961 1.569694
v 1.784569 15.958948 1.590298
v 1.758254 15.949525 1.584117
v 1.784473 15.887322 1.590789
v 1.802774 15.887433 1.569205
v 1.821941 15.909944 1.567995
v 1.820709 15.932528 1.586558
v 1.801122 15.932508 1.607090
v 1.783167 15.909872 1.609343
v 1.863390 15.887278 1.670886
v 1.882266 15.887341 1.650027
v 1.888443 15.909496 1.635854
v 1.873770 15.931760 1.640852
v 1.854155 15.931746 1.661159
v 1.849302 15.909459 1.676464
v 1.891764 15.941303 1.699841
v 1.911151 15.941318 1.679542
v 1.908393 15.948873 1.656438
v 1.884543 15.956482 1.652191
v 1.864925 15.956475 1.672403
v 1.868954 15.948862 1.696585
v 1.845566 16.481976 1.654988
v 1.865298 16.481976 1.635253
v 1.858866 16.474701 1.609090
v 1.832702 16.467426 1.602662
v 1.812970 16.467426 1.622396
v 1.819402 16.474701 1.648559
v 1.814936 16.546223 1.624362
v 1.834668 16.546223 1.604627
v 1.839052 16.523331 1.589279
v 1.823704 16.500439 1.593665
v 1.803972 16.500439 1.613400
v 1.799588 16.523331 1.628748
v 1.763531 16.522018 1.572963
v 1.783263 16.522018 1.553229
v 1.802421 16.501732 1.552652
v 1.801846 16.481447 1.571809
v 1.782114 16.481447 1.591543
v 1.762957 16.501732 1.592121
v 1.671858 16.397781 1.481302
v 1.691591 16.397781 1.461568
v 1.717232 16.388489 1.467474
v 1.723142 16.379190 1.493116
v 1.703410 16.379190 1.512850
v 1.677769 16.388487 1.506943
v 1.673054 16.330412 1.482497
v 1.692786 16.330412 1.462763
v 1.718135 16.340645 1.468377
v 1.723752 16.350876 1.493725
v 1.704020 16.350876 1.513460
v 1.678671 16.340645 1.507845
v 1.717132 16.273594 1.527610
v 1.739704 16.265602 1.513275
v 1.763900 16.279079 1.516697
v 1.765526 16.300545 1.534454
v 1.742955 16.308537 1.548789
v 1.718758 16.295061 1.545366
v 1.713697 16.245012 1.574153
v 1.734181 16.226498 1.578207
v 1.757186 16.233963 1.592128
v 1.759707 16.259947 1.601997
v 1.739223 16.278461 1.597943
v 1.716218 16.270996 1.584022
v 1.643309 16.245970 1.643101
v 1.656891 16.225723 1.656680
v 1.676081 16.232235 1.675868
v 1.681688 16.258989 1.681476
v 1.668107 16.279236 1.667895
v 1.648917 16.272726 1.648708
v 1.574370 16.245012 1.713498
v 1.578426 16.226498 1.733981
v 1.592351 16.233965 1.756984
v 1.602220 16.259949 1.759504
v 1.598163 16.278461 1.739020
v 1.584239 16.270996 1.716017
v 1.527827 16.273594 1.716939
v 1.513495 16.265602 1.739512
v 1.516921 16.279078 1.763708
v 1.534678 16.300545 1.765332
v 1.549009 16.308537 1.742758
v 1.545584 16.295061 1.718562
v 1.482709 16.330412 1.672866
v 1.462977 16.330412 1.692600
v 1.468594 16.340645 1.717949
v 1.493943 16.350876 1.723563
v 1.513675 16.350876 1.703828
v 1.508058 16.340645 1.678480
v 1.481514 16.397781 1.671671
v 1.461782 16.397781 1.691405
v 1.467692 16.388489 1.717046
v 1.493334 16.379190 1.722953
v 1.513065 16.379190 1.703219
v 1.507156 16.388487 1.677578
v 1.573187 16.522018 1.763332
v 1.553454 16.522017 1.783067
v 1.552880 16.501732 1.802224
v 1.572037 16.481447 1.801647
v 1.591769 16.481447 1.781912
v 1.592344 16.501732 1.762755
v 1.624591 16.546223 1.814731
v 1.604859 16.546223 1.834465
v 1.589512 16.523331 1.838851
v 1.593895 16.500439 1.823502
v 1.613627 16.500439 1.803768
v 1.628976 16.523331 1.799382
v 1.655221 16.481976 1.845357
v 1.635489 16.481976 1.865091
v 1.609325 16.474701 1.858662
v 1.602893 16.467426 1.832499
v 1.622625 16.467426 1.812764
v 1.648789 16.474701 1.819193
v 1.700080 15.941302 1.891549
v 1.679783 15.941318 1.910938
v 1.656680 15.948872 1.908183
v 1.652429 15.956482 1.884334
v 1.672639 15.956475 1.864713
v 1.696821 15.948862 1.868739
v 1.671122 15.887278 1.863178
v 1.650265 15.887339 1.882057
v 1.636094 15.909496 1.888236
v 1.641089 15.931761 1.873562
v 1.661394 15.931746 1.853945
v 1.676697 15.909458 1.849090
v 1.591015 15.887323 1.784271
v 1.569433 15.887432 1.802575
v 1.568226 15.909943 1.821743
v 1.586789 15.932528 1.820509
v 1.607318 15.932508 1.800918
v 1.609569 15.909874 1.782964
v 1.751250 15.940124 -1.557503
v 1.770906 15.940139 -1.537006
v 1.796118 15.949587 -1.542249
v 1.803930 15.958961 -1.569923
v 1.784370 15.958948 -1.590524
v 1.758055 15.949525 -1.584340
v 1.754326 15.987918 -1.558361
v 1.765071 16.007772 -1.541031
v 1.789651 16.020550 -1.547541
v 1.803487 16.013477 -1.571384
v 1.792742 15.993625 -1.588714
v 1.768161 15.980845 -1.582203
v 1.558140 15.987919 -1.754521
v 1.540809 16.007772 -1.765264
v 1.547317 16.020550 -1.789846
v 1.571157 16.013477 -1.803685
v 1.588489 15.993625 -1.792942
v 1.581981 15.980845 -1.768360
v 1.557283 15.940123 -1.751446
v 1.536784 15.940139 -1.771100
v 1.542023 15.949587 -1.796311
v 1.569696 15.958961 -1.804128
v 1.590299 15.958948 -1.784569
v 1.584119 15.949525 -1.758254
v 1.590791 15.887323 -1.784473
v 1.569207 15.887433 -1.802774
v 1.567997 15.909944 -1.821941
v 1.586560 15.932528 -1.820709
v 1.607092 15.932508 -1.801122
v 1.609345 15.909874 -1.783167
v 1.670887 15.887279 -1.863390
v 1.650029 15.887339 -1.882267
v 1.635857 15.909496 -1.888443
v 1.640854 15.931761 -1.873770
v 1.661161 15.931746 -1.854155
v 1.676465 15.909460 -1.849302
v 1.699842 15.941303 -1.891765
v 1.679543 15.941318 -1.911152
v 1.656440 15.948873 -1.908393
v 1.652192 15.956482 -1.884543
v 1.672404 15.956475 -1.864924
v 1.696587 15.948863 -1.868954
v 1.654989 16.481976 -1.845566
v 1.635255 16.481976 -1.865298
v 1.609092 16.474701 -1.858866
v 1.602663 16.467426 -1.832702
v 1.622398 16.467426 -1.812970
v 1.648561 16.474701 -1.819402
v 1.624363 16.546223 -1.814936
v 1.604629 16.546223 -1.834668
v 1.589281 16.523331 -1.839053
v 1.593667 16.500439 -1.823705
v 1.613401 16.500439 -1.803973
v 1.628749 16.523331 -1.799588
v 1.572965 16.522018 -1.763531
v 1.553231 16.522017 -1.783264
v 1.552653 16.501732 -1.802421
v 1.571810 16.481447 -1.801846
v 1.591545 16.481447 -1.782114
v 1.592122 16.501732 -1.762957
v 1.481304 16.397781 -1.671859
v 1.461569 16.397781 -1.691591
v 1.467476 16.388489 -1.717233
v 1.493117 16.379192 -1.723143
v 1.512852 16.379192 -1.703411
v 1.506945 16.388489 -1.677769
v 1.482499 16.330412 -1.673054
v 1.462765 16.330412 -1.692786
v 1.468379 16.340645 -1.718135
v 1.493727 16.350876 -1.723752
v 1.513461 16.350876 -1.704021
v 1.507848 16.340645 -1.678671
v 1.527611 16.273594 -1.717132
v 1.513277 16.265602 -1.739704
v 1.516699 16.279079 -1.763900
v 1.534456 16.300545 -1.765526
v 1.548791 16.308537 -1.742955
v 1.545368 16.295063 -1.718758
v 1.574155 16.245012 -1.713697
v 1.578208 16.226498 -1.734181
v 1.592130 16.233965 -1.757186
v 1.601999 16.259949 -1.759708
v 1.597945 16.278461 -1.739223
v 1.584024 16.270996 -1.716218
v 1.643102 16.245970 -1.643309
v 1.656683 16.225723 -1.656891
v 1.675870 16.232235 -1.676081
v 1.681478 16.258989 -1.681689
v 1.667897 16.279236 -1.668107
v 1.648710 16.272726 -1.648917
v 1.713499 16.245010 -1.574370
v 1.733983 16.226498 -1.578426
v 1.756986 16.233965 -1.592351
v 1.759506 16.259949 -1.602220
v 1.739022 16.278461 -1.598164
v 1.716019 16.270996 -1.584239
v 1.716940 16.273594 -1.527827
v 1.739514 16.265602 -1.513496
v 1.763710 16.279079 -1.516921
v 1.765333 16.300545 -1.534678
v 1.742760 16.308537 -1.549010
v 1.718564 16.295063 -1.545584
v 1.672868 16.330412 -1.482709
v 1.692602 16.330412 -1.462977
v 1.717950 16.340645 -1.468594
v 1.723565 16.350876 -1.493944
v 1.703830 16.350876 -1.513676
v 1.678482 16.340645 -1.508058
v 1.671673 16.397781 -1.481514
v 1.691407 16.397781 -1.461782
v 1.717049 16.388489 -1.467692
v 1.722955 16.379192 -1.493334
v 1.703220 16.379192 -1.513066
v 1.677579 16.388489 -1.507156
v 1.763334 16.522018 -1.573187
v 1.783068 16.522018 -1.553455
v 1.802226 16.501732 -1.552880
v 1.801648 16.481447 -1.572037
v 1.781914 16.481447 -1.591769
v 1.762757 16.501732 -1.592344
v 1.814732 16.546223 -1.624591
v 1.834467 16.546223 -1.604859
v 1.838853 16.523331 -1.589512
v 1.823504 16.500439 -1.593896
v 1.803769 16.500439 -1.613628
v 1.799384 16.523331 -1.628976
v 1.845358 16.481976 -1.655221
v 1.865093 16.481976 -1.635489
v 1.858664 16.474701 -1.609325
v 1.832500 16.467426 -1.602893
v 1.812766 16.467426 -1.622625
v 1.819195 16.474701 -1.648789
v 1.891551 15.941303 -1.700080
v 1.910940 15.941317 -1.679783
v 1.908185 15.948873 -1.656680
v 1.884336 15.956481 -1.652429
v 1.864715 15.956475 -1.672639
v 1.868741 15.948863 -1.696822
v 1.863181 15.887279 -1.671122
v 1.882059 15.887341 -1.650265
v 1.888237 15.909496 -1.636094
v 1.873564 15.931761 -1.641090
v 1.853947 15.931746 -1.661394
v 1.849092 15.909460 -1.676698
v 1.784273 15.887322 -1.591015
v 1.802576 15.887433 -1.569433
v 1.821744 15.909944 -1.568226
v 1.820510 15.932528 -1.586789
v 1.800921 15.932508 -1.607318
v 1.782965 15.909874 -1.609569
v -1.557501 15.940123 -1.751251
v -1.537004 15.940138 -1.770906
v -1.542247 15.949587 -1.796118
v -1.569921 15.958961 -1.803931
v -1.590521 15.958947 -1.784370
v -1.584338 15.949523 -1.758055
v -1.558359 15.987918 -1.754326
v -1.541028 16.007771 -1.765070
v -1.547540 16.020550 -1.789652
v -1.571382 16.013477 -1.803488
v -1.588712 15.993625 -1.792742
v -1.582201 15.980846 -1.768161
v -1.754519 15.987919 -1.558141
v -1.765262 16.007772 -1.540809
v -1.789844 16.020550 -1.547317
v -1.803682 16.013477 -1.571158
v -1.792940 15.993625 -1.588489
v -1.768358 15.980846 -1.581981
v -1.751444 15.940123 -1.557283
v -1.771098 15.940139 -1.536784
v -1.796309 15.949586 -1.542023
v -1.804126 15.958961 -1.569696
v -1.784567 15.958947 -1.590299
v -1.758252 15.949525 -1.584119
v -1.784471 15.887323 -1.590791
v -1.802772 15.887432 -1.569207
v -1.821940 15.909943 -1.567997
v -1.820708 15.932528 -1.586561
v -1.801120 15.932508 -1.607092
v -1.783165 15.909874 -1.609345
v -1.863388 15.887278 -1.670888
v -1.882264 15.887341 -1.650029
v -1.888441 15.909498 -1.635857
v -1.873768 15.931761 -1.640854
v -1.854154 15.931747 -1.661161
v -1.849300 15.909459 -1.676466
v -1.891762 15.941303 -1.699842
v -1.911149 15.941319 -1.679544
v -1.908391 15.948873 -1.656440
v -1.884541 15.956483 -1.652193
v -1.864923 15.956475 -1.672405
v -1.868952 15.948863 -1.696587
v -1.845565 16.481976 -1.654990
v -1.865297 16.481976 -1.635255
v -1.858864 16.474701 -1.609092
v -1.832700 16.467426 -1.602663
v -1.812968 16.467426 -1.622398
v -1.819400 16.474701 -1.648561
v -1.814935 16.546223 -1.624364
v -1.834666 16.546223 -1.604629
v -1.839050 16.523331 -1.589281
v -1.823703 16.500439 -1.593667
v -1.803971 16.500439 -1.613401
v -1.799586 16.523331 -1.628749
v -1.763530 16.522018 -1.572965
v -1.783262 16.522018 -1.553231
v -1.802419 16.501732 -1.552653
v -1.801844 16.481447 -1.571811
v -1.782112 16.481447 -1.591545
v -1.762955 16.501732 -1.592123
v -1.671857 16.397783 -1.481304
v -1.691589 16.397783 -1.461570
v -1.717231 16.388489 -1.467476
v -1.723141 16.379192 -1.493118
v -1.703408 16.379190 -1.512852
v -1.677767 16.388489 -1.506945
v -1.673052 16.330412 -1.482499
v -1.692784 16.330412 -1.462765
v -1.718133 16.340645 -1.468379
v -1.723750 16.350878 -1.493727
v -1.704018 16.350876 -1.513462
v -1.678669 16.340645 -1.507847
v -1.717130 16.273594 -1.527612
v -1.739702 16.265602 -1.513277
v -1.763898 16.279079 -1.516699
v -1.765524 16.300547 -1.534456
v -1.742953 16.308537 -1.548791
v -1.718756 16.295063 -1.545368
v -1.713695 16.245012 -1.574156
v -1.734179 16.226498 -1.578209
v -1.757184 16.233965 -1.592130
v -1.759705 16.259949 -1.601999
v -1.739221 16.278461 -1.597945
v -1.716216 16.270996 -1.584024
v -1.643307 16.245970 -1.643103
v -1.656889 16.225723 -1.656683
v -1.676079 16.232235 -1.675871
v -1.681687 16.258991 -1.681478
v -1.668105 16.279236 -1.667898
v -1.648915 16.272726 -1.648710
v -1.574369 16.245012 -1.713500
v -1.578425 16.226498 -1.733983
v -1.592349 16.233965 -1.756986
v -1.602218 16.259949 -1.759506
v -1.598162 16.278461 -1.739022
v -1.584237 16.270996 -1.716019
v -1.527825 16.273594 -1.716941
v -1.513494 16.265602 -1.739514
v -1.516919 16.279079 -1.763710
v -1.534676 16.300545 -1.765333
v -1.549007 16.308537 -1.742761
v -1.545582 16.295063 -1.718564
v -1.482707 16.330412 -1.672868
v -1.462975 16.330412 -1.692603
v -1.468592 16.340645 -1.717951
v -1.493942 16.350878 -1.723565
v -1.513674 16.350878 -1.703830
v -1.508056 16.340645 -1.678482
v -1.481512 16.397783 -1.671673
v -1.461780 16.397783 -1.691407
v -1.467690 16.388489 -1.717049
v -1.493332 16.379190 -1.722955
v -1.513064 16.379192 -1.703221
v -1.507154 16.388489 -1.677580
v -1.573184 16.522018 -1.763334
v -1.553452 16.522018 -1.783069
v -1.552878 16.501732 -1.802226
v -1.572035 16.481447 -1.801648
v -1.591767 16.481447 -1.781914
v -1.592342 16.501732 -1.762757
v -1.624590 16.546223 -1.814733
v -1.604858 16.546223 -1.834467
v -1.589510 16.523331 -1.838853
v -1.593894 16.500439 -1.823505
v -1.613626 16.500439 -1.803770
v -1.628974 16.523331 -1.799384
v -1.655220 16.481976 -1.845359
v -1.635488 16.481976 -1.865093
v -1.609324 16.474701 -1.858664
v -1.602892 16.467426 -1.832501
v -1.622623 16.467426 -1.812767
v -1.648788 16.474701 -1.819195
v -1.700078 15.941303 -1.891551
v -1.679782 15.941318 -1.910940
v -1.656677 15.948874 -1.908186
v -1.652428 15.956483 -1.884336
v -1.672637 15.956473 -1.864715
v -1.696819 15.948862 -1.868741
v -1.671120 15.887278 -1.863181
v -1.650263 15.887342 -1.882059
v -1.636092 15.909496 -1.888238
v -1.641088 15.931761 -1.873564
v -1.661392 15.931747 -1.853947
v -1.676696 15.909460 -1.849092
v -1.591013 15.887323 -1.784274
v -1.569431 15.887433 -1.802577
v -1.568224 15.909944 -1.821745
v -1.586787 15.932528 -1.820511
v -1.607316 15.932508 -1.800921
v -1.609567 15.909874 -1.782965
v -1.525898 16.534546 1.346414
v -1.752609 16.293919 1.573154
v -1.346223 16.534546 1.526065
v -1.572935 16.293919 1.752806
v -1.574993 16.470753 1.395516
v -1.395319 16.470753 1.575167
v -1.518204 16.573872 1.405259
v -1.775272 16.373917 1.597073
v -1.754539 16.414919 1.642015
v -1.405069 16.573872 1.518379
v -1.596851 16.373917 1.775471
v -1.641795 16.414919 1.754744
v -1.566363 16.511089 1.453253
v -1.453057 16.511089 1.566544
v -1.776935 16.261194 1.597483
v -1.597260 16.261194 1.777134
v -1.815321 16.327892 1.637264
v -1.802580 16.361774 1.690222
v -1.637037 16.327892 1.815525
v -1.689997 16.361774 1.802791
v -1.780027 16.245802 1.600575
v -1.600353 16.245802 1.780227
v -1.840688 16.247856 1.662725
v -1.839096 16.248962 1.726762
v -1.662495 16.247856 1.840895
v -1.726532 16.248964 1.839311
v -1.774457 16.226597 1.595004
v -1.594782 16.226597 1.774656
v -1.829229 16.189734 1.651087
v -1.824787 16.170824 1.712325
v -1.650858 16.189734 1.829435
v -1.712097 16.170824 1.825001
v -1.757191 16.201014 1.577736
v -1.577517 16.201014 1.757388
v -1.803275 16.145359 1.624914
v -1.794591 16.116627 1.681996
v -1.624689 16.145359 1.803478
v -1.681771 16.116627 1.794801
v -1.512613 16.533981 1.358963
v -1.739453 16.293919 1.586309
v -1.358774 16.533981 1.512782
v -1.586091 16.293919 1.739651
v -1.561837 16.470753 1.408670
v -1.408475 16.470753 1.562013
v -1.504865 16.561266 1.402214
v -1.402026 16.561266 1.505039
v -1.605975 16.367039 1.760790
v -1.640639 16.399723 1.744074
v -1.760590 16.367037 1.606195
v -1.743869 16.399721 1.640857
v -1.452229 16.496460 1.555078
v -1.554897 16.496460 1.452423
v -1.610417 16.261194 1.763979
v -1.763778 16.261194 1.610637
v -1.644070 16.322941 1.799028
v -1.684978 16.350868 1.788579
v -1.798822 16.322941 1.644295
v -1.613509 16.245802 1.767073
v -1.788368 16.350868 1.685201
v -1.766871 16.245802 1.613730
v -1.668133 16.247047 1.823184
v -1.718817 16.247530 1.822442
v -1.822976 16.247047 1.668361
v -1.607939 16.226597 1.761501
v -1.822227 16.247530 1.719045
v -1.761301 16.226597 1.608159
v -1.657633 16.193424 1.812505
v -1.705824 16.178629 1.809321
v -1.812299 16.193424 1.657860
v -1.590673 16.201014 1.744233
v -1.809108 16.178629 1.706050
v -1.744035 16.201014 1.590891
v -1.632681 16.150013 1.787334
v -1.677045 16.127426 1.780408
v -1.787131 16.150013 1.632904
v -1.780199 16.127426 1.677267
v 1.346416 16.534546 1.525897
v 1.573156 16.293919 1.752608
v 1.526067 16.534546 1.346223
v 1.752807 16.293919 1.572934
v 1.395518 16.470753 1.574992
v 1.575170 16.470753 1.395318
v 1.405261 16.573872 1.518203
v 1.597075 16.373917 1.775271
v 1.642016 16.414919 1.754538
v 1.518381 16.573872 1.405068
v 1.775473 16.373917 1.596850
v 1.754746 16.414917 1.641795
v 1.453255 16.511089 1.566362
v 1.566546 16.511089 1.453056
v 1.597485 16.261196 1.776934
v 1.777136 16.261196 1.597259
v 1.637266 16.327892 1.815320
v 1.690224 16.361774 1.802579
v 1.815527 16.327892 1.637037
v 1.802793 16.361774 1.689996
v 1.600577 16.245802 1.780026
v 1.780229 16.245802 1.600352
v 1.662727 16.247856 1.840687
v 1.726764 16.248962 1.839094
v 1.840898 16.247856 1.662494
v 1.839313 16.248962 1.726531
v 1.595007 16.226599 1.774456
v 1.774658 16.226599 1.594782
v 1.651089 16.189735 1.829228
v 1.712327 16.170822 1.824786
v 1.829437 16.189734 1.650857
v 1.825003 16.170822 1.712096
v 1.577739 16.201014 1.757190
v 1.757390 16.201014 1.577516
v 1.624916 16.145363 1.803274
v 1.681997 16.116627 1.794590
v 1.803480 16.145359 1.624688
v 1.794803 16.116627 1.681770
v 1.358965 16.533981 1.512612
v 1.586311 16.293919 1.739452
v 1.512785 16.533981 1.358773
v 1.739653 16.293919 1.586090
v 1.408672 16.470753 1.561836
v 1.562015 16.470753 1.408474
v 1.402216 16.561264 1.504864
v 1.505041 16.561266 1.402026
v 1.760792 16.367037 1.605974
v 1.744076 16.399721 1.640638
v 1.606197 16.367037 1.760589
v 1.640859 16.399721 1.743868
v 1.555080 16.496460 1.452228
v 1.452425 16.496460 1.554896
v 1.763982 16.261194 1.610416
v 1.610639 16.261196 1.763778
v 1.799030 16.322941 1.644069
v 1.788581 16.350868 1.684977
v 1.644297 16.322941 1.798821
v 1.767075 16.245802 1.613508
v 1.685203 16.350868 1.788367
v 1.613732 16.245802 1.766870
v 1.823187 16.247047 1.668132
v 1.822444 16.247530 1.718816
v 1.668363 16.247047 1.822975
v 1.761504 16.226599 1.607938
v 1.719047 16.247530 1.822227
v 1.608161 16.226597 1.761300
v 1.812507 16.193424 1.657632
v 1.809323 16.178629 1.705823
v 1.657861 16.193424 1.812297
v 1.744236 16.201015 1.590672
v 1.706052 16.178629 1.809107
v 1.590893 16.201014 1.744034
v 1.787336 16.150013 1.632680
v 1.780410 16.127426 1.677044
v 1.632907 16.150013 1.787129
v 1.677269 16.127426 1.780198
v 1.525899 16.534546 -1.346417
v 1.752611 16.293919 -1.573157
v 1.346225 16.534546 -1.526068
v 1.572936 16.293919 -1.752808
v 1.574994 16.470753 -1.395519
v 1.395321 16.470753 -1.575170
v 1.518206 16.573872 -1.405261
v 1.775273 16.373917 -1.597075
v 1.754540 16.414919 -1.642017
v 1.405070 16.573872 -1.518382
v 1.596852 16.373917 -1.775474
v 1.641797 16.414917 -1.754747
v 1.566364 16.511089 -1.453255
v 1.453059 16.511089 -1.566547
v 1.776936 16.261196 -1.597485
v 1.597262 16.261196 -1.777137
v 1.815322 16.327892 -1.637267
v 1.802581 16.361774 -1.690225
v 1.637039 16.327892 -1.815528
v 1.689998 16.361774 -1.802794
v 1.780028 16.245802 -1.600578
v 1.600355 16.245802 -1.780230
v 1.840689 16.247856 -1.662727
v 1.839097 16.248962 -1.726765
v 1.662496 16.247856 -1.840898
v 1.726534 16.248962 -1.839314
v 1.774458 16.226599 -1.595007
v 1.594784 16.226597 -1.774659
v 1.829230 16.189734 -1.651089
v 1.824789 16.170824 -1.712328
v 1.650860 16.189734 -1.829438
v 1.712099 16.170822 -1.825004
v 1.757192 16.201015 -1.577739
v 1.577518 16.201015 -1.757391
v 1.803276 16.145363 -1.624917
v 1.794592 16.116627 -1.681998
v 1.624690 16.145359 -1.803481
v 1.681773 16.116627 -1.794803
v 1.512615 16.533981 -1.358965
v 1.739454 16.293919 -1.586311
v 1.358775 16.533981 -1.512785
v 1.586093 16.293919 -1.739654
v 1.561838 16.470753 -1.408673
v 1.408477 16.470753 -1.562016
v 1.504866 16.561266 -1.402217
v 1.402027 16.561266 -1.505042
v 1.605977 16.367037 -1.760793
v 1.640640 16.399723 -1.744076
v 1.760591 16.367039 -1.606197
v 1.743870 16.399723 -1.640859
v 1.452231 16.496460 -1.555081
v 1.554899 16.496460 -1.452426
v 1.610418 16.261196 -1.763982
v 1.763780 16.261194 -1.610640
v 1.644072 16.322941 -1.799031
v 1.684979 16.350868 -1.788581
v 1.798824 16.322941 -1.644298
v 1.613511 16.245802 -1.767075
v 1.788370 16.350868 -1.685204
v 1.766872 16.245802 -1.613732
v 1.668135 16.247047 -1.823187
v 1.718819 16.247530 -1.822445
v 1.822977 16.247047 -1.668364
v 1.607940 16.226599 -1.761504
v 1.822229 16.247530 -1.719048
v 1.761302 16.226599 -1.608162
v 1.657635 16.193424 -1.812508
v 1.705826 16.178631 -1.809324
v 1.812300 16.193424 -1.657862
v 1.590675 16.201014 -1.744236
v 1.809109 16.178629 -1.706053
v 1.744036 16.201015 -1.590894
v 1.632683 16.150013 -1.787337
v 1.677046 16.127426 -1.780411
v 1.787132 16.150013 -1.632907
v 1.780200 16.127426 -1.677270
v -1.346414 16.534546 -1.525900
v -1.573154 16.293919 -1.752611
v -1.526066 16.534546 -1.346226
v -1.752806 16.293919 -1.572937
v -1.395516 16.470753 -1.574995
v -1.575168 16.470753 -1.395321
v -1.405259 16.573872 -1.518206
v -1.597073 16.373917 -1.775274
v -1.642015 16.414917 -1.754541
v -1.518380 16.573872 -1.405071
v -1.775471 16.373917 -1.596853
v -1.754744 16.414917 -1.641798
v -1.453253 16.511089 -1.566365
v -1.566545 16.511089 -1.453059
v -1.597483 16.261194 -1.776937
v -1.777135 16.261194 -1.597263
v -1.637264 16.327892 -1.815323
v -1.690223 16.361774 -1.802582
v -1.815526 16.327892 -1.637039
v -1.802791 16.361774 -1.689999
v -1.600576 16.245802 -1.780029
v -1.780228 16.245802 -1.600355
v -1.662725 16.247856 -1.840690
v -1.726762 16.248962 -1.839098
v -1.840896 16.247856 -1.662497
v -1.839312 16.248962 -1.726535
v -1.595005 16.226597 -1.774459
v -1.774657 16.226597 -1.594785
v -1.651087 16.189734 -1.829231
v -1.712326 16.170822 -1.824789
v -1.829435 16.189734 -1.650861
v -1.825001 16.170822 -1.712099
v -1.577737 16.201014 -1.757193
v -1.757389 16.201014 -1.577519
v -1.624914 16.145359 -1.803277
v -1.681996 16.116627 -1.794593
v -1.803479 16.145359 -1.624691
v -1.794801 16.116627 -1.681773
v -1.358963 16.533981 -1.512615
v -1.586309 16.293919 -1.739455
v -1.512783 16.533981 -1.358776
v -1.739651 16.293919 -1.586093
v -1.408671 16.470753 -1.561839
v -1.562013 16.470753 -1.408477
v -1.402215 16.561266 -1.504867
v -1.505040 16.561266 -1.402028
v -1.760791 16.367037 -1.605977
v -1.744074 16.399723 -1.640641
v -1.606195 16.367037 -1.760592
v -1.640857 16.399723 -1.743870
v -1.555079 16.496460 -1.452231
v -1.452423 16.496460 -1.554899
v -1.763980 16.261194 -1.610419
v -1.610638 16.261194 -1.763781
v -1.799028 16.322941 -1.644072
v -1.788579 16.350868 -1.684980
v -1.644296 16.322941 -1.798825
v -1.767073 16.245802 -1.613511
v -1.685202 16.350868 -1.788370
v -1.613731 16.245802 -1.766873
v -1.823185 16.247047 -1.668136
v -1.822443 16.247530 -1.718819
v -1.668362 16.247047 -1.822978
v -1.761502 16.226597 -1.607941
v -1.719045 16.247530 -1.822229
v -1.608160 16.226599 -1.761302
v -1.812506 16.193424 -1.657635
v -1.809322 16.178629 -1.705826
v -1.657860 16.193424 -1.812301
v -1.744234 16.201014 -1.590675
v -1.706051 16.178629 -1.809110
v -1.590892 16.201015 -1.744037
v -1.787335 16.150013 -1.632683
v -1.780409 16.127426 -1.677047
v -1.632905 16.150013 -1.787133
v -1.677267 16.127426 -1.780201
v -0.585885 18.950081 0.975768
v -0.993777 18.950081 0.554668
v -0.585885 19.252705 0.975768
v -0.993777 19.252705 0.554668
v -0.696492 18.950079 0.898673
v -0.916962 18.950081 0.672025
v -0.818286 18.950081 0.793773
v -0.916963 19.252705 0.672025
v -0.696492 19.252705 0.898673
v -0.818286 19.252705 0.793773
v -0.578720 18.950081 0.965486
v -0.983291 18.950081 0.547806
v -0.578720 19.252705 0.965486
v -0.983291 19.252705 0.547806
v -0.688812 18.950081 0.888770
v -0.906837 18.950081 0.664640
v -0.809293 18.950081 0.785045
v -0.906837 19.252705 0.664640
v -0.688812 19.252705 0.888770
v -0.809293 19.252705 0.785045
v -0.336973 19.898458 -0.279538
v -0.386435 19.947922 -0.279534
v -0.363311 19.905518 -0.279536
v -0.379378 19.921583 -0.279535
v -0.386435 20.621832 -0.279534
v -0.336973 20.671293 -0.279537
v -0.379378 20.648170 -0.279535
v -0.363311 20.664236 -0.279536
v 0.386401 19.947922 -0.279583
v 0.336939 19.898460 -0.279580
v 0.379343 19.921583 -0.279582
v 0.363276 19.905518 -0.279581
v 0.336938 20.671293 -0.279580
v 0.386401 20.621830 -0.279583
v 0.363276 20.664236 -0.279581
v 0.379343 20.648169 -0.279582
v -0.419755 19.943531 0.152543
v -0.341336 19.865112 0.152538
v -0.409249 19.904320 0.152542
v -0.380546 19.875618 0.152540
v -0.341336 20.704641 0.152538
v -0.419755 20.626223 0.152543
v -0.380546 20.694136 0.152540
v -0.409249 20.665432 0.152542
v 0.341356 19.865112 0.152495
v 0.419775 19.943531 0.152490
v 0.380565 19.875618 0.152493
v 0.409269 19.904322 0.152491
v 0.419775 20.626223 0.152490
v 0.341356 20.704641 0.152495
v 0.409269 20.665432 0.152491
v 0.380565 20.694136 0.152493
v -0.287761 20.341511 0.195014
v -0.244183 20.447327 0.195012
v -0.163428 20.528410 0.195007
v -0.243521 20.121435 0.195012
v -0.287529 20.227074 0.195014
v -0.056622 19.997101 0.195000
v -0.162437 20.040680 0.195007
v 0.243546 20.448317 0.194981
v 0.287554 20.342678 0.194978
v 0.162462 20.529072 0.194986
v 0.163453 20.041342 0.194986
v 0.057815 19.997334 0.194993
v 0.056647 20.572651 0.194993
v 0.244208 20.122427 0.194981
v 0.287787 20.228241 0.194978
v -0.057790 20.572418 0.195000
v 0.394536 19.851421 0.152492
v 0.345003 19.837410 0.152495
v 0.433466 19.890350 0.152489
v 0.447476 19.939884 0.152488
v 0.345003 20.732342 0.152495
v 0.394536 20.718332 0.152492
v 0.433466 20.679401 0.152489
v 0.447476 20.629869 0.152489
v -0.344983 19.837410 0.152538
v -0.394516 19.851421 0.152541
v -0.433446 19.890350 0.152544
v -0.447456 19.939884 0.152545
v -0.394516 20.718332 0.152541
v -0.344983 20.732342 0.152538
v -0.433446 20.679401 0.152544
v -0.447456 20.629869 0.152545
v 0.341329 19.865112 -0.279580
v 0.380538 19.875618 -0.279583
v 0.409242 19.904322 -0.279584
v 0.419748 19.943531 -0.279585
v 0.380538 20.694136 -0.279582
v 0.341329 20.704641 -0.279580
v 0.409242 20.665432 -0.279584
v 0.419748 20.626221 -0.279585
v -0.380573 19.875618 -0.279535
v -0.341363 19.865112 -0.279537
v -0.409276 19.904320 -0.279533
v -0.419782 19.943531 -0.279532
v -0.341363 20.704639 -0.279537
v -0.380573 20.694136 -0.279535
v -0.409276 20.665432 -0.279533
v -0.419782 20.626223 -0.279532
v 0.336940 19.898458 -0.250331
v 0.363278 19.905518 -0.250333
v 0.379345 19.921583 -0.250334
v 0.386402 19.947922 -0.250334
v 0.363278 20.664236 -0.250333
v 0.336940 20.671293 -0.250331
v 0.379345 20.648169 -0.250334
v 0.386402 20.621832 -0.250334
v -0.363309 19.905518 -0.250287
v -0.336971 19.898460 -0.250289
v -0.379376 19.921583 -0.250286
v -0.386433 19.947922 -0.250286
v -0.336971 20.671293 -0.250289
v -0.363309 20.664236 -0.250287
v -0.379376 20.648170 -0.250286
v -0.386433 20.621832 -0.250286
v -0.447454 20.629868 0.195024
v -0.433443 20.679401 0.195024
v -0.394513 20.718332 0.195021
v -0.433443 19.890350 0.195024
v -0.447454 19.939884 0.195024
v -0.344980 19.837410 0.195018
v -0.394513 19.851421 0.195021
v 0.433468 20.679401 0.194969
v 0.447479 20.629868 0.194968
v 0.394538 20.718332 0.194972
v 0.394538 19.851421 0.194972
v 0.345005 19.837410 0.194975
v 0.345005 20.732342 0.194975
v 0.433469 19.890352 0.194969
v 0.447479 19.939884 0.194968
v -0.344980 20.732342 0.195018
v 0.113479 20.464535 0.222458
v -0.033165 20.449932 0.240705
v -0.174062 20.406733 0.222476
v 0.155632 20.316158 0.243400
v 0.000017 20.284876 0.261321
v -0.155601 20.253593 0.243419
v 0.174091 20.163021 0.222454
v 0.033196 20.119820 0.240701
v -0.113451 20.105217 0.222472
v -0.106750 20.703640 -0.252272
v -0.106750 20.844858 -0.252271
v 0.106719 20.703640 -0.252285
v 0.106720 20.844858 -0.252285
v -0.106734 20.703640 0.013318
v -0.040838 20.703640 0.111924
v -0.075467 20.703640 0.088789
v -0.098607 20.703640 0.054164
v -0.106734 20.844858 0.013318
v -0.098607 20.844858 0.054164
v -0.075467 20.844858 0.088789
v -0.040838 20.844858 0.111925
v 0.106736 20.703640 0.013305
v 0.000008 20.703640 0.120047
v 0.098614 20.703640 0.054151
v 0.075479 20.703640 0.088780
v 0.040853 20.703640 0.111919
v 0.000008 20.844858 0.120047
v 0.106736 20.844858 0.013305
v 0.040853 20.844858 0.111919
v 0.075479 20.844858 0.088780
v 0.098614 20.844858 0.054151
v 0.058895 20.703640 -0.252282
v -0.058926 20.703640 -0.252274
v -0.058926 20.844858 -0.252274
v 0.058895 20.844858 -0.252282
v 0.058898 20.844858 -0.203958
v 0.043186 20.844858 -0.188244
v 0.054296 20.844858 -0.192847
v -0.043209 20.844858 -0.188239
v -0.058923 20.844858 -0.203951
v -0.054320 20.844858 -0.192840
v -0.058923 20.703640 -0.203951
v -0.043209 20.703640 -0.188239
v -0.054320 20.703640 -0.192840
v 0.043186 20.703640 -0.188244
v 0.058898 20.703640 -0.203958
v 0.054296 20.703640 -0.192847
v -0.106750 19.866112 -0.252272
v -0.106750 19.724895 -0.252272
v 0.106720 19.866112 -0.252285
v 0.106720 19.724895 -0.252285
v -0.106734 19.866112 0.013318
v -0.040838 19.866112 0.111924
v -0.075467 19.866112 0.088789
v -0.098607 19.866112 0.054163
v -0.106734 19.724894 0.013318
v -0.098607 19.724895 0.054163
v -0.075467 19.724894 0.088789
v -0.040838 19.724894 0.111924
v 0.106736 19.866112 0.013305
v 0.000008 19.866112 0.120047
v 0.098614 19.866112 0.054151
v 0.075479 19.866112 0.088780
v 0.040853 19.866112 0.111919
v 0.000008 19.724894 0.120047
v 0.106736 19.724895 0.013305
v 0.040853 19.724895 0.111919
v 0.075479 19.724895 0.088780
v 0.098614 19.724894 0.054151
v 0.058895 19.866112 -0.252282
v -0.058926 19.866112 -0.252275
v -0.058926 19.724895 -0.252275
v 0.058895 19.724895 -0.252282
v 0.058898 19.724895 -0.203958
v 0.043186 19.724895 -0.188244
v 0.054296 19.724895 -0.192847
v -0.043209 19.724895 -0.188239
v -0.058923 19.724894 -0.203951
v -0.054320 19.724895 -0.192840
v -0.058923 19.866112 -0.203951
v -0.043209 19.866112 -0.188239
v -0.054320 19.866112 -0.192840
v 0.043186 19.866112 -0.188244
v 0.058898 19.866112 -0.203958
v 0.054296 19.866112 -0.192847
v -0.418780 20.178141 -0.252252
v -0.559997 20.178141 -0.252243
v -0.418780 20.391613 -0.252252
v -0.559997 20.391613 -0.252243
v -0.418764 20.178141 0.013338
v -0.418758 20.244030 0.111948
v -0.418759 20.209402 0.088811
v -0.418761 20.186266 0.054184
v -0.559980 20.178141 0.013347
v -0.559978 20.186266 0.054192
v -0.559976 20.209402 0.088820
v -0.559974 20.244030 0.111957
v -0.418764 20.391613 0.013338
v -0.418757 20.284876 0.120073
v -0.418761 20.383488 0.054184
v -0.418759 20.360350 0.088811
v -0.418758 20.325722 0.111948
v -0.559974 20.284876 0.120082
v -0.559980 20.391613 0.013347
v -0.559974 20.325722 0.111957
v -0.559976 20.360350 0.088820
v -0.559978 20.383488 0.054192
v -0.418780 20.343788 -0.252252
v -0.418780 20.225965 -0.252252
v -0.559997 20.225965 -0.252243
v -0.559997 20.343788 -0.252243
v -0.559994 20.343788 -0.203919
v -0.559993 20.328075 -0.188206
v -0.559993 20.339184 -0.192809
v -0.559993 20.241678 -0.188206
v -0.559994 20.225965 -0.203919
v -0.559993 20.230568 -0.192809
v -0.418777 20.225965 -0.203928
v -0.418776 20.241678 -0.188215
v -0.418777 20.230568 -0.192818
v -0.418776 20.328075 -0.188215
v -0.418777 20.343788 -0.203928
v -0.418777 20.339184 -0.192817
v 0.418749 20.178141 -0.252304
v 0.559966 20.178141 -0.252313
v 0.418749 20.391613 -0.252304
v 0.559966 20.391613 -0.252313
v 0.418766 20.178141 0.013285
v 0.418772 20.244030 0.111896
v 0.418771 20.209402 0.088758
v 0.418769 20.186266 0.054131
v 0.559983 20.178141 0.013277
v 0.559985 20.186266 0.054122
v 0.559988 20.209402 0.088750
v 0.559989 20.244030 0.111887
v 0.418766 20.391613 0.013285
v 0.418773 20.284876 0.120020
v 0.418769 20.383488 0.054131
v 0.418771 20.360350 0.088758
v 0.418772 20.325722 0.111896
v 0.559989 20.284876 0.120012
v 0.559983 20.391613 0.013277
v 0.559989 20.325722 0.111887
v 0.559987 20.360350 0.088750
v 0.559985 20.383488 0.054122
v 0.418749 20.343788 -0.252304
v 0.418749 20.225965 -0.252304
v 0.559966 20.225965 -0.252313
v 0.559966 20.343788 -0.252313
v 0.559969 20.343788 -0.203990
v 0.559970 20.328075 -0.188277
v 0.559970 20.339184 -0.192879
v 0.559970 20.241678 -0.188277
v 0.559969 20.225965 -0.203990
v 0.559970 20.230568 -0.192879
v 0.418752 20.225965 -0.203981
v 0.418753 20.241678 -0.188268
v 0.418753 20.230568 -0.192870
v 0.418753 20.328075 -0.188268
v 0.418752 20.343788 -0.203981
v 0.418753 20.339184 -0.192870
v 0.583343 20.231094 -0.017776
v 0.603714 20.284876 -0.070177
v 0.591210 20.226959 -0.020163
v 0.603716 20.212606 -0.028452
v 0.591208 20.284876 -0.053601
v 0.603721 20.212606 0.054999
v 0.583341 20.284876 -0.048828
v 0.603724 20.284876 0.096724
v 0.575474 20.284876 -0.053600
v 0.603721 20.357147 0.054999
v 0.568731 20.284876 -0.048827
v 0.603716 20.357147 -0.028452
v 0.617144 20.244255 -0.010179
v 0.617143 20.284876 -0.033632
v 0.617147 20.244255 0.036725
v 0.617149 20.284876 0.060177
v 0.617147 20.325497 0.036725
v 0.617144 20.325497 -0.010179
v 0.559741 20.284876 -0.053599
v 0.559743 20.226961 -0.020161
v 0.597954 20.231094 -0.017777
v 0.597952 20.284876 -0.048829
v 0.559747 20.226959 0.046714
v 0.597958 20.231094 0.044326
v 0.559749 20.284876 0.080152
v 0.597960 20.284876 0.075377
v 0.559747 20.342793 0.046714
v 0.597958 20.338659 0.044326
v 0.559743 20.342793 -0.020161
v 0.597954 20.338659 -0.017777
v 0.575476 20.226961 -0.020162
v 0.568732 20.231094 -0.017775
v 0.591214 20.226959 0.046712
v 0.583347 20.231094 0.044326
v 0.575480 20.226959 0.046713
v 0.568736 20.231094 0.044327
v 0.591216 20.284876 0.080150
v 0.583349 20.284876 0.075378
v 0.575483 20.284876 0.080151
v 0.568738 20.284876 0.075379
v 0.591214 20.342793 0.046712
v 0.583347 20.338659 0.044326
v 0.575481 20.342793 0.046713
v 0.568736 20.338659 0.044327
v 0.591210 20.342793 -0.020163
v 0.583343 20.338659 -0.017776
v 0.575476 20.342793 -0.020162
v 0.568732 20.338659 -0.017775
v 0.617143 20.212606 -0.028452
v 0.617140 20.284876 -0.070178
v 0.617148 20.212606 0.054998
v 0.617151 20.284876 0.096724
v 0.617148 20.357147 0.054998
v 0.617143 20.357147 -0.028452
v 0.617143 20.261423 -0.027348
v 0.617146 20.237972 0.013273
v 0.617148 20.261425 0.053893
v 0.617148 20.308329 0.053893
v 0.617146 20.331779 0.013273
v 0.617143 20.308329 -0.027348
v 0.569717 20.261423 -0.027345
v 0.569716 20.284876 -0.033629
v 0.569719 20.237972 0.013276
v 0.569718 20.244255 -0.010176
v 0.569722 20.261425 0.053896
v 0.569721 20.244255 0.036728
v 0.569722 20.308329 0.053896
v 0.569722 20.284876 0.060180
v 0.569719 20.331779 0.013276
v 0.569721 20.325497 0.036728
v 0.569717 20.308329 -0.027345
v 0.569718 20.325497 -0.010176
v -0.583345 20.231094 -0.017703
v -0.603722 20.284876 -0.070101
v -0.591212 20.226959 -0.020089
v -0.603719 20.212606 -0.028376
v -0.591214 20.284876 -0.053527
v -0.603714 20.212606 0.055075
v -0.583347 20.284876 -0.048755
v -0.603711 20.284876 0.096800
v -0.575480 20.284876 -0.053528
v -0.603714 20.357147 0.055075
v -0.568736 20.284876 -0.048756
v -0.603719 20.357147 -0.028376
v -0.617145 20.244255 -0.010102
v -0.617146 20.284876 -0.033554
v -0.617142 20.244255 0.036803
v -0.617140 20.284876 0.060255
v -0.617142 20.325497 0.036803
v -0.617145 20.325497 -0.010102
v -0.559747 20.284876 -0.053529
v -0.559744 20.226961 -0.020091
v -0.597956 20.231094 -0.017702
v -0.597957 20.284876 -0.048754
v -0.559740 20.226959 0.046784
v -0.597952 20.231094 0.044400
v -0.559738 20.284876 0.080222
v -0.597950 20.284876 0.075452
v -0.559740 20.342793 0.046784
v -0.597952 20.338659 0.044400
v -0.559744 20.342793 -0.020091
v -0.597956 20.338659 -0.017702
v -0.575478 20.226959 -0.020090
v -0.568734 20.231094 -0.017704
v -0.591208 20.226961 0.046786
v -0.583341 20.231094 0.044400
v -0.575474 20.226961 0.046785
v -0.568730 20.231094 0.044399
v -0.591206 20.284876 0.080224
v -0.583339 20.284876 0.075451
v -0.575472 20.284876 0.080223
v -0.568728 20.284876 0.075450
v -0.591208 20.342793 0.046786
v -0.583341 20.338659 0.044400
v -0.575474 20.342793 0.046785
v -0.568730 20.338659 0.044399
v -0.591212 20.342793 -0.020089
v -0.583345 20.338659 -0.017703
v -0.575478 20.342793 -0.020090
v -0.568734 20.338659 -0.017704
v -0.617146 20.212606 -0.028375
v -0.617149 20.284876 -0.070100
v -0.617141 20.212606 0.055076
v -0.617138 20.284876 0.096801
v -0.617141 20.357147 0.055076
v -0.617146 20.357147 -0.028375
v -0.617146 20.261423 -0.027270
v -0.617143 20.237972 0.013350
v -0.617141 20.261423 0.053971
v -0.617141 20.308329 0.053971
v -0.617143 20.331781 0.013350
v -0.617146 20.308329 -0.027270
v -0.569719 20.261425 -0.027273
v -0.569720 20.284876 -0.033557
v -0.569717 20.237972 0.013347
v -0.569718 20.244255 -0.010105
v -0.569714 20.261423 0.053968
v -0.569715 20.244255 0.036800
v -0.569714 20.308329 0.053968
v -0.569714 20.284876 0.060252
v -0.569717 20.331781 0.013347
v -0.569715 20.325497 0.036800
v -0.569719 20.308329 -0.027273
v -0.569718 20.325497 -0.010105
v 0.020262 25.989321 0.023726
v -0.020259 25.989321 0.023728
v 0.039173 25.929588 -0.000002
v -0.039173 25.929588 0.000002
v -0.024190 25.893887 0.038738
v 0.024195 25.893887 0.038735
v -0.019959 25.848309 0.000001
v 0.019959 25.848309 -0.000001
v -0.024195 25.893887 -0.038735
v 0.024190 25.893887 -0.038738
v -0.020262 25.989321 -0.023726
v 0.020259 25.989321 -0.023728
v -0.013268 26.296907 -0.018020
v 0.013266 26.296907 -0.018022
v 0.013268 26.296907 0.018020
v -0.013266 26.296907 0.018022
v 0.045558 25.576181 -0.000003
v 0.124467 25.621740 -0.000008
v 0.170025 25.700649 -0.000011
v 0.125245 25.870226 -0.000008
v -0.018903 25.933784 -0.034387
v 0.018899 25.933784 -0.034389
v 0.018903 25.933784 0.034387
v 0.030668 25.949167 -0.011686
v -0.125245 25.870226 0.000008
v 0.036506 25.609972 0.036937
v -0.170031 25.791740 0.000011
v 0.030670 25.949167 0.011682
v -0.170025 25.700647 0.000011
v -0.124467 25.621740 0.000008
v 0.026988 25.645485 -0.000002
v -0.073732 25.672474 0.000005
v 0.036502 25.609972 -0.036942
v -0.027316 26.003590 0.000002
v 0.100179 25.845690 -0.036952
v -0.099733 25.646477 -0.036933
v -0.018899 25.933784 0.034389
v 0.099733 25.646477 0.036933
v 0.027316 26.003590 -0.000002
v -0.136237 25.709702 -0.036931
v 0.073732 25.672474 -0.000005
v 0.099728 25.646477 -0.036946
v -0.036506 25.609972 -0.036937
v 0.136237 25.709702 0.036931
v -0.100179 25.845690 0.036952
v 0.100720 25.719219 -0.000006
v -0.073868 25.820158 0.000005
v 0.136232 25.709702 -0.036948
v -0.100184 25.845690 -0.036940
v 0.170031 25.791740 -0.000011
v 0.136230 25.782705 0.036932
v -0.136226 25.782705 0.036949
v 0.100711 25.773230 -0.000006
v -0.100711 25.773230 0.000006
v 0.136226 25.782705 -0.036949
v -0.136230 25.782705 -0.036932
v -0.045558 25.576181 0.000003
v -0.099728 25.646477 0.036946
v -0.036502 25.609972 0.036942
v 0.100184 25.845690 0.036940
v -0.100720 25.719217 0.000006
v -0.136232 25.709702 0.036948
v -0.026988 25.645485 0.000002
v 0.073868 25.820158 -0.000005
v -0.037464 25.915966 0.025571
v 0.037467 25.915966 0.025566
v -0.020887 25.860901 0.026483
v 0.020890 25.860901 0.026481
v -0.020890 25.860901 -0.026481
v 0.020887 25.860901 -0.026483
v 0.037464 25.915966 -0.025571
v -0.037467 25.915966 -0.025566
v 0.048793 25.880024 -0.037192
v 0.061956 25.913467 -0.000004
v 0.048798 25.880024 0.037186
v -0.061956 25.913467 0.000004
v -0.048793 25.880024 0.037192
v -0.048798 25.880024 -0.037186
v -0.036716 25.844908 0.000002
v 0.036716 25.844908 -0.000002
v 0.018885 26.259899 0.023534
v -0.016145 26.306961 0.000001
v 0.016145 26.306961 -0.000001
v -0.018882 26.259899 0.023536
v -0.018885 26.259899 -0.023534
v 0.018882 26.259899 -0.023536
v -0.030670 25.949167 -0.011682
v -0.030668 25.949167 0.011686
v 0.042845 25.586313 0.025158
v 0.029887 25.634672 0.025886
v 0.029884 25.634672 -0.025890
v 0.042841 25.586313 -0.025163
v 0.117051 25.629158 0.025153
v 0.081651 25.664557 0.025883
v 0.081647 25.664557 -0.025893
v 0.117048 25.629156 -0.025168
v 0.159894 25.703363 0.025151
v 0.111536 25.716320 0.025881
v 0.111533 25.716320 -0.025895
v 0.159891 25.703363 -0.025171
v 0.159898 25.789030 0.025151
v 0.111524 25.776112 0.025874
v 0.111521 25.776112 -0.025888
v 0.159895 25.789030 -0.025171
v 0.117744 25.862850 0.025188
v 0.081862 25.827915 0.025830
v 0.081859 25.827915 -0.025840
v 0.117741 25.862850 -0.025203
v -0.058106 25.903109 0.025533
v -0.040195 25.855780 -0.025970
v 0.058109 25.903109 0.025526
v -0.058109 25.903109 -0.025526
v 0.040195 25.855780 0.025970
v 0.040192 25.855780 -0.025975
v -0.040192 25.855780 0.025975
v -0.117741 25.862850 0.025203
v -0.081859 25.827915 0.025840
v -0.081862 25.827915 -0.025830
v -0.117744 25.862850 -0.025188
v -0.159895 25.789030 0.025171
v -0.111521 25.776112 0.025888
v -0.111524 25.776112 -0.025875
v -0.159898 25.789030 -0.025151
v -0.159891 25.703363 0.025171
v -0.111533 25.716320 0.025895
v -0.111536 25.716320 -0.025881
v -0.159894 25.703363 -0.025151
v -0.117048 25.629156 0.025168
v -0.081647 25.664557 0.025893
v -0.081651 25.664557 -0.025883
v -0.117051 25.629156 -0.025153
v -0.042841 25.586313 0.025163
v -0.029884 25.634672 0.025890
v -0.029887 25.634672 -0.025886
v -0.042845 25.586313 -0.025158
v -0.030429 25.931890 0.023873
v 0.058105 25.903109 -0.025533
v 0.030429 25.931890 -0.023873
v 0.028042 26.260508 -0.000002
v -0.028042 26.260508 0.000002
v -0.030432 25.931890 -0.023869
v 0.030432 25.931890 0.023869
v -0.029724 25.962315 0.000002
v 0.029724 25.962315 -0.000002
v 0.018845 21.049944 0.072472
v 0.000004 21.049944 0.061596
v -0.018834 21.049944 0.094230
v 0.018846 21.281599 0.094227
v -0.018835 21.281599 0.072475
v -0.018834 21.281599 0.094230
v 0.018845 21.281599 0.072472
v 0.000004 21.281599 0.061596
v 0.000007 21.281599 0.105106
v 0.018846 21.325577 0.094134
v 0.018845 21.322737 0.072565
v 0.000004 21.321318 0.061782
v -0.018835 21.322737 0.072568
v -0.018834 21.325577 0.094136
v 0.000007 21.326996 0.104920
v 0.018846 21.371271 0.081603
v 0.018844 21.360394 0.062763
v 0.000004 21.354956 0.053344
v -0.018836 21.360394 0.062765
v -0.018835 21.371271 0.081605
v 0.000006 21.376711 0.091024
v 0.018843 21.405762 0.047113
v 0.018843 21.386921 0.036235
v 0.000002 21.377502 0.030798
v -0.018838 21.386921 0.036238
v -0.018837 21.405762 0.047115
v 0.000004 21.415182 0.052553
v 0.018840 21.418386 -0.000002
v 0.018840 21.396631 -0.000002
v 0.000000 21.385754 -0.000001
v -0.018840 21.396631 0.000001
v -0.018840 21.418386 0.000001
v 0.000000 21.429264 -0.000001
v 0.018837 21.405762 -0.047116
v 0.018838 21.386921 -0.036239
v -0.000002 21.377502 -0.030799
v -0.018842 21.386921 -0.036237
v -0.018843 21.405762 -0.047114
v -0.000003 21.415182 -0.052554
v 0.018835 21.371271 -0.081606
v 0.018837 21.360394 -0.062766
v -0.000003 21.354956 -0.053345
v -0.018844 21.360394 -0.062764
v -0.018845 21.371271 -0.081604
v -0.000005 21.376709 -0.091025
v 0.018835 21.325577 -0.094138
v 0.018836 21.322737 -0.072569
v -0.000004 21.321318 -0.061784
v -0.018844 21.322737 -0.072567
v -0.018846 21.325577 -0.094135
v -0.000006 21.326996 -0.104921
v 0.018835 21.006933 -0.094138
v 0.018836 21.009773 -0.072569
v -0.000004 21.011192 -0.061784
v -0.018844 21.009773 -0.072567
v -0.018846 21.006933 -0.094135
v -0.000006 21.005514 -0.104921
v 0.018835 20.961239 -0.081606
v 0.018837 20.972116 -0.062766
v -0.000003 20.977554 -0.053345
v -0.018844 20.972116 -0.062764
v -0.018845 20.961239 -0.081604
v -0.000005 20.955799 -0.091025
v 0.018838 20.926748 -0.047116
v 0.018838 20.945589 -0.036239
v -0.000002 20.955009 -0.030799
v -0.018842 20.945587 -0.036237
v -0.018843 20.926748 -0.047114
v -0.000003 20.917328 -0.052554
v 0.018840 20.914124 -0.000002
v 0.018840 20.935879 -0.000002
v 0.000000 20.946756 -0.000001
v -0.018840 20.935879 0.000001
v -0.018840 20.914124 0.000001
v 0.000000 20.903248 -0.000001
v 0.018843 20.926748 0.047113
v 0.018843 20.945589 0.036235
v 0.000002 20.955009 0.030798
v -0.018838 20.945589 0.036238
v -0.018837 20.926748 0.047115
v 0.000004 20.917328 0.052553
v 0.018846 20.961239 0.081603
v 0.018844 20.972116 0.062763
v 0.000004 20.977554 0.053344
v -0.018836 20.972116 0.062765
v -0.018835 20.961239 0.081605
v 0.000006 20.955799 0.091024
v 0.018846 21.006933 0.094134
v 0.018845 21.009773 0.072565
v 0.000004 21.011192 0.061782
v -0.018835 21.009773 0.072568
v -0.018834 21.006933 0.094136
v 0.000007 21.005514 0.104920
v 0.018846 21.049944 0.094227
v -0.018835 21.049944 0.072475
v 0.000007 21.049944 0.105106
v 0.072361 21.763426 -0.026373
v 0.054310 21.761074 -0.000004
v 0.072364 21.763428 0.026363
v 0.096571 21.766548 -0.000007
v 0.063054 21.801279 -0.026367
v 0.046796 21.791925 -0.000003
v 0.063058 21.801279 0.026358
v 0.083747 21.813152 -0.000006
v 0.036406 21.827904 -0.026366
v 0.027034 21.811668 -0.000002
v 0.036409 21.827904 0.026360
v 0.048341 21.848572 -0.000004
v -0.000001 21.837658 -0.026363
v 0.000000 21.818911 -0.000001
v 0.000002 21.837658 0.026362
v 0.000000 21.861526 -0.000001
v -0.036409 21.827904 -0.026361
v -0.027033 21.811668 0.000001
v -0.036405 21.827904 0.026364
v -0.048340 21.848572 0.000002
v -0.063057 21.801279 -0.026359
v -0.046796 21.791925 0.000002
v -0.063054 21.801279 0.026366
v -0.083746 21.813152 0.000005
v -0.072364 21.763426 -0.026364
v -0.054310 21.761074 0.000003
v -0.072360 21.763426 0.026372
v -0.096571 21.766548 0.000006
v -0.072364 21.450459 -0.026364
v -0.054310 21.452810 0.000003
v -0.072360 21.450459 0.026372
v -0.096571 21.447336 0.000005
v -0.063057 21.412605 -0.026359
v -0.046796 21.421959 0.000002
v -0.063054 21.412605 0.026366
v -0.083746 21.400732 0.000005
v -0.036409 21.385983 -0.026361
v -0.027033 21.402218 0.000001
v -0.036405 21.385983 0.026364
v -0.048340 21.365313 0.000002
v -0.000001 21.376226 -0.026363
v 0.000000 21.394974 -0.000001
v 0.000002 21.376226 0.026362
v 0.000000 21.352360 -0.000001
v 0.036406 21.385983 -0.026366
v 0.027034 21.402218 -0.000002
v 0.036409 21.385983 0.026360
v 0.048341 21.365313 -0.000004
v 0.063054 21.412605 -0.026367
v 0.046796 21.421959 -0.000004
v 0.063058 21.412605 0.026358
v 0.083747 21.400732 -0.000006
v 0.072361 21.450459 -0.026373
v 0.054310 21.452810 -0.000004
v 0.072364 21.450459 0.026363
v 0.096571 21.447336 -0.000007
v 0.072361 22.613733 -0.026373
v 0.054310 22.611382 -0.000004
v 0.072364 22.613733 0.026363
v 0.096571 22.616856 -0.000006
v 0.063054 22.651585 -0.026366
v 0.046796 22.642231 -0.000003
v 0.063058 22.651585 0.026358
v 0.083746 22.663460 -0.000006
v 0.036406 22.678209 -0.026365
v 0.027034 22.661974 -0.000002
v 0.036409 22.678209 0.026360
v 0.048341 22.698879 -0.000003
v -0.000001 22.687965 -0.026363
v 0.000000 22.669218 -0.000000
v 0.000002 22.687965 0.026362
v 0.000000 22.711832 -0.000000
v -0.036409 22.678209 -0.026361
v -0.027033 22.661974 0.000001
v -0.036405 22.678209 0.026365
v -0.048340 22.698879 0.000003
v -0.063057 22.651585 -0.026359
v -0.046796 22.642231 0.000003
v -0.063054 22.651585 0.026366
v -0.083746 22.663460 0.000005
v -0.072364 22.613733 -0.026364
v -0.054310 22.611382 0.000003
v -0.072360 22.613733 0.026372
v -0.096571 22.616856 0.000006
v -0.072364 22.300764 -0.026364
v -0.054310 22.303116 0.000003
v -0.072360 22.300764 0.026372
v -0.096571 22.297642 0.000006
v -0.063057 22.262913 -0.026359
v -0.046796 22.272266 0.000002
v -0.063054 22.262913 0.026366
v -0.083746 22.251038 0.000005
v -0.036409 22.236288 -0.026361
v -0.027033 22.252523 0.000001
v -0.036405 22.236288 0.026365
v -0.048340 22.215618 0.000003
v -0.000001 22.226532 -0.026363
v 0.000000 22.245279 -0.000000
v 0.000002 22.226532 0.026362
v 0.000000 22.202665 -0.000000
v 0.036406 22.236288 -0.026365
v 0.027034 22.252523 -0.000002
v 0.036409 22.236288 0.026360
v 0.048341 22.215618 -0.000003
v 0.063054 22.262913 -0.026367
v 0.046796 22.272266 -0.000003
v 0.063058 22.262913 0.026358
v 0.083747 22.251038 -0.000006
v 0.072361 22.300764 -0.026373
v 0.054310 22.303116 -0.000004
v 0.072364 22.300764 0.026363
v 0.096571 22.297642 -0.000006
v 0.072361 23.464039 -0.026372
v 0.054310 23.461687 -0.000004
v 0.072364 23.464039 0.026363
v 0.096571 23.467161 -0.000006
v 0.063054 23.501892 -0.026366
v 0.046796 23.492537 -0.000003
v 0.063058 23.501892 0.026358
v 0.083746 23.513765 -0.000005
v 0.036406 23.528515 -0.026365
v 0.027034 23.512280 -0.000002
v 0.036409 23.528515 0.026360
v 0.048341 23.549185 -0.000003
v -0.000002 23.538271 -0.026363
v 0.000000 23.519524 -0.000000
v 0.000002 23.538271 0.026362
v 0.000000 23.562138 -0.000000
v -0.036409 23.528515 -0.026361
v -0.027033 23.512280 0.000001
v -0.036405 23.528515 0.026365
v -0.048340 23.549185 0.000003
v -0.063057 23.501892 -0.026358
v -0.046796 23.492538 0.000003
v -0.063054 23.501892 0.026366
v -0.083746 23.513765 0.000005
v -0.072364 23.464039 -0.026363
v -0.054310 23.461687 0.000003
v -0.072360 23.464039 0.026372
v -0.096571 23.467161 0.000006
v -0.072364 23.151072 -0.026363
v -0.054310 23.153423 0.000003
v -0.072360 23.151072 0.026372
v -0.096571 23.147947 0.000006
v -0.063057 23.113218 -0.026358
v -0.046796 23.122572 0.000003
v -0.063054 23.113218 0.026366
v -0.083746 23.101345 0.000005
v -0.036409 23.086594 -0.026361
v -0.027033 23.102829 0.000001
v -0.036405 23.086594 0.026365
v -0.048340 23.065926 0.000003
v -0.000002 23.076839 -0.026363
v 0.000000 23.095587 -0.000000
v 0.000002 23.076839 0.026362
v 0.000000 23.052973 -0.000000
v 0.036406 23.086594 -0.026365
v 0.027034 23.102829 -0.000002
v 0.036409 23.086594 0.026360
v 0.048341 23.065926 -0.000003
v 0.063054 23.113218 -0.026366
v 0.046796 23.122572 -0.000003
v 0.063058 23.113218 0.026358
v 0.083746 23.101345 -0.000006
v 0.072361 23.151072 -0.026372
v 0.054310 23.153423 -0.000004
v 0.072364 23.151072 0.026363
v 0.096571 23.147947 -0.000006
v 0.072361 24.314344 -0.026372
v 0.054310 24.311993 -0.000004
v 0.072364 24.314344 0.026363
v 0.096571 24.317469 -0.000006
v 0.063054 24.352198 -0.026366
v 0.046796 24.342844 -0.000003
v 0.063057 24.352198 0.026358
v 0.083746 24.364071 -0.000005
v 0.036406 24.378820 -0.026365
v 0.027034 24.362585 -0.000002
v 0.036409 24.378820 0.026360
v 0.048341 24.399490 -0.000003
v -0.000002 24.388577 -0.026363
v 0.000000 24.369829 -0.000000
v 0.000002 24.388577 0.026363
v 0.000000 24.412443 -0.000000
v -0.036409 24.378820 -0.026361
v -0.027033 24.362585 0.000002
v -0.036405 24.378820 0.026365
v -0.048340 24.399490 0.000003
v -0.063057 24.352198 -0.026358
v -0.046796 24.342844 0.000003
v -0.063054 24.352198 0.026366
v -0.083746 24.364071 0.000005
v -0.072364 24.314344 -0.026363
v -0.054310 24.311993 0.000003
v -0.072360 24.314344 0.026372
v -0.096571 24.317469 0.000006
v -0.072364 24.001377 -0.026363
v -0.054310 24.003729 0.000003
v -0.072360 24.001377 0.026372
v -0.096571 23.998255 0.000006
v -0.063057 23.963524 -0.026358
v -0.046796 23.972878 0.000003
v -0.063054 23.963524 0.026366
v -0.083746 23.951651 0.000005
v -0.036409 23.936901 -0.026361
v -0.027033 23.953136 0.000002
v -0.036405 23.936901 0.026365
v -0.048340 23.916231 0.000003
v -0.000002 23.927145 -0.026363
v 0.000000 23.945892 -0.000000
v 0.000002 23.927145 0.026363
v 0.000000 23.903278 -0.000000
v 0.036406 23.936901 -0.026365
v 0.027034 23.953136 -0.000002
v 0.036409 23.936901 0.026360
v 0.048341 23.916231 -0.000003
v 0.063054 23.963524 -0.026366
v 0.046796 23.972878 -0.000003
v 0.063058 23.963524 0.026358
v 0.083746 23.951651 -0.000005
v 0.072361 24.001377 -0.026372
v 0.054310 24.003729 -0.000004
v 0.072364 24.001377 0.026363
v 0.096571 23.998255 -0.000006
v 0.072361 25.164652 -0.026372
v 0.054310 25.162300 -0.000003
v 0.072364 25.164652 0.026363
v 0.096571 25.167774 -0.000006
v 0.063054 25.202503 -0.026366
v 0.046796 25.193150 -0.000003
v 0.063057 25.202503 0.026358
v 0.083746 25.214378 -0.000005
v 0.036406 25.229128 -0.026365
v 0.027034 25.212893 -0.000002
v 0.036409 25.229128 0.026360
v 0.048340 25.249796 -0.000003
v -0.000002 25.238884 -0.026363
v 0.000000 25.220137 0.000000
v 0.000002 25.238884 0.026363
v 0.000000 25.262751 0.000000
v -0.036409 25.229128 -0.026360
v -0.027033 25.212893 0.000002
v -0.036405 25.229128 0.026365
v -0.048340 25.249796 0.000003
v -0.063057 25.202503 -0.026358
v -0.046796 25.193150 0.000003
v -0.063054 25.202503 0.026366
v -0.083746 25.214378 0.000005
v -0.072364 25.164652 -0.026363
v -0.054310 25.162300 0.000003
v -0.072360 25.164652 0.026372
v -0.096571 25.167774 0.000006
v -0.072364 24.851683 -0.026363
v -0.054310 24.854034 0.000003
v -0.072360 24.851683 0.026372
v -0.096571 24.848560 0.000006
v -0.063057 24.813831 -0.026358
v -0.046796 24.823185 0.000003
v -0.063054 24.813831 0.026366
v -0.083746 24.801956 0.000005
v -0.036409 24.787207 -0.026360
v -0.027033 24.803442 0.000002
v -0.036405 24.787207 0.026365
v -0.048340 24.766537 0.000003
v -0.000002 24.777451 -0.026363
v 0.000000 24.796198 0.000000
v 0.000002 24.777451 0.026363
v 0.000000 24.753584 -0.000000
v 0.036406 24.787207 -0.026365
v 0.027034 24.803442 -0.000002
v 0.036409 24.787207 0.026360
v 0.048341 24.766537 -0.000003
v 0.063054 24.813831 -0.026366
v 0.046796 24.823185 -0.000003
v 0.063057 24.813831 0.026358
v 0.083746 24.801956 -0.000005
v 0.072361 24.851683 -0.026372
v 0.054310 24.854034 -0.000003
v 0.072364 24.851683 0.026363
v 0.096571 24.848560 -0.000006
v -0.026372 22.189983 -0.072361
v -0.000003 22.187632 -0.054311
v 0.026363 22.189983 -0.072364
v -0.000006 22.193106 -0.096572
v -0.026366 22.227837 -0.063055
v -0.000003 22.218481 -0.046796
v 0.026358 22.227837 -0.063058
v -0.000005 22.239710 -0.083747
v -0.026365 22.254459 -0.036406
v -0.000002 22.238224 -0.027034
v 0.026361 22.254459 -0.036409
v -0.000003 22.275129 -0.048341
v -0.026363 22.264215 0.000001
v 0.000000 22.245468 -0.000000
v 0.026363 22.264215 -0.000002
v 0.000000 22.288082 -0.000000
v -0.026360 22.254459 0.036408
v 0.000002 22.238224 0.027033
v 0.026365 22.254459 0.036405
v 0.000003 22.275129 0.048340
v -0.026358 22.227837 0.063057
v 0.000003 22.218483 0.046795
v 0.026366 22.227837 0.063054
v 0.000005 22.239710 0.083746
v -0.026363 22.189983 0.072363
v 0.000004 22.187632 0.054310
v 0.026372 22.189983 0.072360
v 0.000006 22.193106 0.096571
v -0.026363 21.877014 0.072363
v 0.000004 21.879368 0.054310
v 0.026372 21.877014 0.072360
v 0.000006 21.873894 0.096571
v -0.026358 21.839163 0.063057
v 0.000003 21.848518 0.046795
v 0.026366 21.839163 0.063054
v 0.000005 21.827290 0.083746
v -0.026360 21.812538 0.036408
v 0.000002 21.828775 0.027033
v 0.026365 21.812538 0.036405
v 0.000003 21.791870 0.048340
v -0.026362 21.802784 0.000001
v 0.000000 21.821531 -0.000001
v 0.026363 21.802784 -0.000002
v 0.000000 21.778915 -0.000001
v -0.026365 21.812538 -0.036406
v -0.000001 21.828775 -0.027034
v 0.026361 21.812538 -0.036409
v -0.000003 21.791870 -0.048341
v -0.026366 21.839163 -0.063055
v -0.000003 21.848518 -0.046796
v 0.026358 21.839163 -0.063058
v -0.000005 21.827290 -0.083747
v -0.026372 21.877014 -0.072361
v -0.000003 21.879368 -0.054311
v 0.026363 21.877014 -0.072364
v -0.000006 21.873894 -0.096572
v -0.026372 23.040291 -0.072361
v -0.000003 23.037937 -0.054311
v 0.026363 23.040291 -0.072364
v -0.000006 23.043413 -0.096571
v -0.026366 23.078142 -0.063054
v -0.000003 23.068789 -0.046796
v 0.026358 23.078142 -0.063058
v -0.000005 23.090015 -0.083747
v -0.026365 23.104767 -0.036406
v -0.000002 23.088530 -0.027034
v 0.026361 23.104767 -0.036409
v -0.000003 23.125435 -0.048341
v -0.026362 23.114521 0.000001
v 0.000000 23.095774 -0.000000
v 0.026363 23.114521 -0.000002
v 0.000000 23.138388 -0.000000
v -0.026360 23.104767 0.036408
v 0.000002 23.088530 0.027033
v 0.026365 23.104765 0.036405
v 0.000003 23.125435 0.048340
v -0.026358 23.078142 0.063057
v 0.000003 23.068789 0.046796
v 0.026366 23.078142 0.063054
v 0.000005 23.090015 0.083746
v -0.026363 23.040291 0.072363
v 0.000004 23.037937 0.054310
v 0.026372 23.040291 0.072360
v 0.000006 23.043413 0.096571
v -0.026363 22.727322 0.072363
v 0.000004 22.729673 0.054310
v 0.026372 22.727322 0.072360
v 0.000006 22.724199 0.096571
v -0.026358 22.689468 0.063057
v 0.000003 22.698824 0.046796
v 0.026366 22.689468 0.063054
v 0.000006 22.677595 0.083746
v -0.026360 22.662846 0.036408
v 0.000002 22.679081 0.027033
v 0.026365 22.662846 0.036405
v 0.000003 22.642176 0.048340
v -0.026363 22.653090 0.000001
v 0.000000 22.671837 -0.000000
v 0.026363 22.653090 -0.000002
v 0.000000 22.629223 -0.000000
v -0.026365 22.662846 -0.036406
v -0.000001 22.679081 -0.027034
v 0.026361 22.662846 -0.036409
v -0.000003 22.642176 -0.048341
v -0.026366 22.689468 -0.063055
v -0.000003 22.698824 -0.046796
v 0.026358 22.689468 -0.063058
v -0.000005 22.677595 -0.083747
v -0.026372 22.727322 -0.072361
v -0.000003 22.729673 -0.054311
v 0.026363 22.727322 -0.072364
v -0.000006 22.724199 -0.096572
v -0.026372 23.890594 -0.072361
v -0.000003 23.888245 -0.054310
v 0.026363 23.890596 -0.072364
v -0.000006 23.893719 -0.096571
v -0.026366 23.928448 -0.063054
v -0.000003 23.919094 -0.046796
v 0.026358 23.928448 -0.063058
v -0.000005 23.940323 -0.083747
v -0.026365 23.955072 -0.036406
v -0.000002 23.938837 -0.027034
v 0.026361 23.955072 -0.036409
v -0.000003 23.975742 -0.048341
v -0.026363 23.964828 0.000001
v 0.000000 23.946081 -0.000000
v 0.026363 23.964828 -0.000002
v 0.000000 23.988695 -0.000000
v -0.026360 23.955072 0.036409
v 0.000002 23.938837 0.027033
v 0.026365 23.955072 0.036405
v 0.000003 23.975742 0.048340
v -0.026358 23.928448 0.063057
v 0.000003 23.919094 0.046796
v 0.026366 23.928448 0.063054
v 0.000005 23.940323 0.083746
v -0.026363 23.890594 0.072364
v 0.000004 23.888245 0.054310
v 0.026372 23.890594 0.072360
v 0.000006 23.893719 0.096571
v -0.026363 23.577627 0.072364
v 0.000004 23.579979 0.054310
v 0.026372 23.577627 0.072360
v 0.000006 23.574505 0.096571
v -0.026358 23.539776 0.063057
v 0.000003 23.549129 0.046796
v 0.026366 23.539774 0.063054
v 0.000005 23.527901 0.083746
v -0.026360 23.513151 0.036408
v 0.000002 23.529388 0.027033
v 0.026365 23.513151 0.036405
v 0.000003 23.492481 0.048340
v -0.026363 23.503397 0.000001
v 0.000000 23.522142 -0.000000
v 0.026363 23.503397 -0.000002
v 0.000000 23.479528 -0.000000
v -0.026365 23.513151 -0.036406
v -0.000002 23.529387 -0.027034
v 0.026361 23.513151 -0.036409
v -0.000003 23.492483 -0.048341
v -0.026366 23.539774 -0.063054
v -0.000003 23.549129 -0.046796
v 0.026358 23.539776 -0.063058
v -0.000005 23.527901 -0.083747
v -0.026372 23.577627 -0.072361
v -0.000003 23.579979 -0.054311
v 0.026363 23.577627 -0.072364
v -0.000006 23.574505 -0.096571
v -0.026372 24.740902 -0.072361
v -0.000003 24.738550 -0.054310
v 0.026363 24.740902 -0.072364
v -0.000006 24.744024 -0.096571
v -0.026366 24.778755 -0.063054
v -0.000003 24.769400 -0.046796
v 0.026358 24.778755 -0.063058
v -0.000005 24.790628 -0.083746
v -0.026365 24.805378 -0.036406
v -0.000002 24.789143 -0.027034
v 0.026361 24.805378 -0.036409
v -0.000003 24.826048 -0.048341
v -0.026363 24.815134 0.000002
v 0.000000 24.796387 -0.000000
v 0.026363 24.815134 -0.000002
v 0.000000 24.839001 -0.000000
v -0.026360 24.805378 0.036409
v 0.000002 24.789143 0.027033
v 0.026365 24.805378 0.036405
v 0.000003 24.826048 0.048340
v -0.026358 24.778755 0.063057
v 0.000003 24.769400 0.046796
v 0.026366 24.778755 0.063054
v 0.000005 24.790628 0.083746
v -0.026363 24.740902 0.072364
v 0.000004 24.738550 0.054310
v 0.026372 24.740902 0.072360
v 0.000006 24.744024 0.096571
v -0.026363 24.427933 0.072364
v 0.000004 24.430286 0.054310
v 0.026372 24.427933 0.072360
v 0.000006 24.424812 0.096571
v -0.026358 24.390081 0.063057
v 0.000003 24.399435 0.046796
v 0.026366 24.390081 0.063054
v 0.000005 24.378208 0.083746
v -0.026360 24.363457 0.036409
v 0.000002 24.379692 0.027033
v 0.026365 24.363457 0.036405
v 0.000003 24.342789 0.048340
v -0.026363 24.353703 0.000001
v 0.000000 24.372450 -0.000000
v 0.026363 24.353703 -0.000002
v 0.000000 24.329836 -0.000000
v -0.026365 24.363457 -0.036406
v -0.000001 24.379692 -0.027034
v 0.026361 24.363457 -0.036409
v -0.000003 24.342789 -0.048341
v -0.026366 24.390081 -0.063054
v -0.000003 24.399435 -0.046796
v 0.026358 24.390081 -0.063058
v -0.000005 24.378208 -0.083746
v -0.026372 24.427933 -0.072361
v -0.000003 24.430286 -0.054310
v 0.026363 24.427933 -0.072364
v -0.000006 24.424812 -0.096571
v -0.026372 25.591208 -0.072361
v -0.000003 25.588856 -0.054310
v 0.026363 25.591208 -0.072364
v -0.000006 25.594332 -0.096571
v -0.026366 25.629061 -0.063054
v -0.000003 25.619707 -0.046796
v 0.026358 25.629061 -0.063057
v -0.000005 25.640934 -0.083746
v -0.026365 25.655685 -0.036406
v -0.000002 25.639448 -0.027034
v 0.026361 25.655685 -0.036409
v -0.000003 25.676353 -0.048340
v -0.026363 25.665440 0.000002
v 0.000000 25.646692 -0.000000
v 0.026363 25.665440 -0.000002
v 0.000000 25.689306 -0.000000
v -0.026360 25.655685 0.036409
v 0.000002 25.639448 0.027034
v 0.026365 25.655685 0.036405
v 0.000003 25.676353 0.048340
v -0.026358 25.629061 0.063057
v 0.000003 25.619707 0.046796
v 0.026366 25.629061 0.063054
v 0.000005 25.640934 0.083746
v -0.026363 25.591208 0.072364
v 0.000004 25.588856 0.054310
v 0.026372 25.591208 0.072360
v 0.000006 25.594332 0.096571
v -0.026363 25.278240 0.072364
v 0.000004 25.280592 0.054310
v 0.026372 25.278240 0.072360
v 0.000006 25.275118 0.096571
v -0.026358 25.240387 0.063057
v 0.000003 25.249741 0.046796
v 0.026366 25.240387 0.063054
v 0.000005 25.228514 0.083746
v -0.026360 25.213764 0.036409
v 0.000002 25.230000 0.027033
v 0.026365 25.213764 0.036405
v 0.000003 25.193094 0.048340
v -0.026363 25.204008 0.000002
v 0.000000 25.222755 -0.000000
v 0.026363 25.204008 -0.000002
v 0.000000 25.180141 -0.000000
v -0.026365 25.213764 -0.036406
v -0.000002 25.230000 -0.027034
v 0.026361 25.213764 -0.036409
v -0.000003 25.193094 -0.048341
v -0.026366 25.240387 -0.063054
v -0.000003 25.249741 -0.046796
v 0.026358 25.240387 -0.063057
v -0.000005 25.228514 -0.083746
v -0.026372 25.278240 -0.072361
v -0.000003 25.280592 -0.054310
v 0.026363 25.278240 -0.072364
v -0.000006 25.275118 -0.096571
v 0.579626 26.171957 -0.000036
v 0.565812 26.171957 0.078335
v 0.526027 26.171957 0.147254
v 0.465069 26.171957 0.198411
v 0.390291 26.171957 0.225633
v 0.310712 26.171957 0.225638
v 0.235930 26.171957 0.198425
v 0.174966 26.171957 0.147277
v 0.135172 26.171957 0.078362
v 0.121349 26.171957 -0.000008
v 0.135163 26.171957 -0.078378
v 0.174948 26.171957 -0.147298
v 0.235906 26.171957 -0.198454
v 0.310684 26.171957 -0.225677
v 0.390263 26.171957 -0.225682
v 0.465044 26.171957 -0.198469
v 0.526008 26.171957 -0.147320
v 0.565802 26.171957 -0.078405
v 0.412881 26.015417 -0.000026
v 0.579626 26.067160 -0.000036
v 0.562794 26.043571 -0.000035
v 0.409119 26.015417 0.021314
v 0.565812 26.067160 0.078335
v 0.549995 26.043571 0.072579
v 0.398286 26.015417 0.040081
v 0.526027 26.067160 0.147254
v 0.513132 26.043571 0.136436
v 0.381687 26.015417 0.054010
v 0.465069 26.067160 0.198411
v 0.456652 26.043571 0.183835
v 0.361326 26.015417 0.061423
v 0.390291 26.067160 0.225633
v 0.387367 26.043571 0.209057
v 0.339657 26.015417 0.061424
v 0.310712 26.067160 0.225638
v 0.313634 26.043571 0.209062
v 0.319294 26.015417 0.054014
v 0.235930 26.067160 0.198425
v 0.244345 26.043571 0.183848
v 0.302694 26.015417 0.040087
v 0.174966 26.067160 0.147276
v 0.187859 26.043571 0.136457
v 0.291858 26.015417 0.021322
v 0.135172 26.067160 0.078362
v 0.150988 26.043571 0.072604
v 0.288094 26.015417 -0.000018
v 0.121349 26.067160 -0.000008
v 0.138180 26.043571 -0.000009
v 0.291855 26.015417 -0.021358
v 0.135163 26.067160 -0.078378
v 0.150979 26.043571 -0.072623
v 0.302689 26.015417 -0.040125
v 0.174948 26.067160 -0.147298
v 0.187842 26.043571 -0.136480
v 0.319287 26.015417 -0.054054
v 0.235906 26.067160 -0.198454
v 0.244322 26.043571 -0.183879
v 0.339649 26.015417 -0.061467
v 0.310684 26.067160 -0.225677
v 0.313607 26.043571 -0.209101
v 0.361318 26.015417 -0.061468
v 0.390263 26.067160 -0.225682
v 0.387341 26.043571 -0.209106
v 0.381681 26.015417 -0.054058
v 0.465044 26.067160 -0.198469
v 0.456629 26.043571 -0.183892
v 0.398281 26.015417 -0.040131
v 0.526008 26.067160 -0.147320
v 0.513115 26.043571 -0.136501
v 0.409117 26.015417 -0.021365
v 0.565802 26.067160 -0.078405
v 0.549986 26.043571 -0.072648
v 0.527733 26.026997 0.064478
v 0.539104 26.026997 -0.000034
v 0.494983 26.026997 0.121209
v 0.444806 26.026997 0.163319
v 0.383252 26.026997 0.185727
v 0.317746 26.026997 0.185731
v 0.256189 26.026997 0.163331
v 0.206006 26.026997 0.121228
v 0.173250 26.026997 0.064500
v 0.161871 26.026997 -0.000010
v 0.173242 26.026997 -0.064521
v 0.205991 26.026997 -0.121253
v 0.256169 26.026997 -0.163363
v 0.317723 26.026997 -0.185771
v 0.383229 26.026997 -0.185775
v 0.444785 26.026997 -0.163374
v 0.494968 26.026997 -0.121271
v 0.527725 26.026997 -0.064544
v 0.409119 26.078453 0.021314
v 0.412881 26.078453 -0.000026
v 0.398286 26.078453 0.040081
v 0.381687 26.078453 0.054010
v 0.361326 26.078453 0.061423
v 0.339657 26.078453 0.061424
v 0.319294 26.078453 0.054014
v 0.302694 26.078453 0.040087
v 0.291858 26.078453 0.021322
v 0.288094 26.078453 -0.000018
v 0.291855 26.078453 -0.021358
v 0.302689 26.078453 -0.040125
v 0.319287 26.078453 -0.054054
v 0.339649 26.078453 -0.061467
v 0.361318 26.078453 -0.061468
v 0.381681 26.078453 -0.054058
v 0.398281 26.078453 -0.040131
v 0.409117 26.078453 -0.021365
v 0.569733 20.238689 0.001960
v 0.569731 20.282734 -0.042084
v 0.569733 20.326778 0.001960
v 0.569736 20.282734 0.046004
v 0.703909 20.256388 -0.001620
v 0.689157 20.298317 -0.045256
v 0.679165 20.340927 -0.000937
v 0.693916 20.298998 0.042700
v 0.814964 20.308851 -0.011501
v 0.785496 20.343750 -0.053849
v 0.765019 20.381353 -0.008611
v 0.794487 20.346453 0.033737
v 0.901460 20.393007 -0.025994
v 0.861020 20.417458 -0.066571
v 0.832231 20.447144 -0.019992
v 0.872671 20.422693 0.020585
v 0.963881 20.503765 -0.043126
v 0.917473 20.518032 -0.082144
v 0.883814 20.539410 -0.034293
v 0.930222 20.525143 0.004725
v 1.005202 20.637255 -0.061244
v 0.956242 20.643694 -0.099206
v 0.920289 20.658035 -0.050406
v 0.969249 20.651596 -0.012443
v 1.028637 20.791340 -0.079005
v 0.978797 20.792381 -0.116349
v 0.941940 20.801178 -0.066913
v 0.991780 20.800137 -0.029569
v 1.036788 20.964466 -0.095144
v 0.986756 20.961973 -0.132160
v 0.949661 20.966408 -0.082320
v 0.999694 20.968901 -0.045304
v 1.031805 21.155090 -0.108373
v 0.981819 21.150393 -0.145237
v 0.944799 21.151287 -0.095153
v 0.994785 21.155983 -0.058289
v 1.015615 21.361536 -0.117374
v 0.965721 21.355595 -0.154184
v 0.928924 21.353506 -0.103972
v 0.978818 21.359446 -0.067161
v 0.990043 21.582024 -0.120805
v 0.940208 21.575569 -0.157608
v 0.903706 21.570868 -0.107356
v 0.953542 21.577320 -0.070553
v 0.956874 21.814697 -0.117313
v 0.907028 21.808311 -0.154115
v 0.870860 21.801239 -0.103900
v 0.920705 21.807625 -0.067098
v 0.917879 22.057592 -0.105543
v 0.868015 22.051327 -0.142340
v 0.832108 22.042608 -0.092197
v 0.881972 22.048874 -0.055400
v 0.872070 22.324253 -0.089194
v 0.822258 22.317682 -0.126008
v 0.786420 22.308558 -0.075887
v 0.836232 22.315130 -0.039074
v 0.818830 22.625273 -0.073098
v 0.769086 22.618313 -0.109933
v 0.733205 22.609436 -0.059799
v 0.782949 22.616396 -0.022964
v 0.760497 22.954136 -0.057609
v 0.710780 22.947023 -0.094451
v 0.674840 22.938480 -0.044301
v 0.724557 22.945593 -0.007459
v 0.699423 23.304237 -0.043084
v 0.649703 23.297144 -0.079925
v 0.613689 23.289019 -0.029758
v 0.663409 23.296114 0.007083
v 0.637962 23.668945 -0.029882
v 0.588213 23.662018 -0.066718
v 0.552113 23.654411 -0.016532
v 0.601861 23.661339 0.020303
v 0.578470 24.041609 -0.018365
v 0.528672 24.034998 -0.055191
v 0.492471 24.028027 -0.004985
v 0.542269 24.034637 0.031840
v 0.523305 24.415573 -0.008892
v 0.473437 24.409433 -0.045706
v 0.437121 24.403250 0.004519
v 0.486988 24.409389 0.041333
v 0.474822 24.784155 -0.001823
v 0.424867 24.778683 -0.038624
v 0.388423 24.773483 0.011620
v 0.438377 24.778957 0.048421
v 0.435374 25.140654 0.002484
v 0.385321 25.136091 -0.034307
v 0.348738 25.132158 0.015952
v 0.398792 25.136719 0.052742
v 0.407309 25.478319 0.003673
v 0.357154 25.475014 -0.033114
v 0.320437 25.472740 0.017150
v 0.370592 25.476046 0.053936
v 0.392951 25.790331 0.001395
v 0.342721 25.788790 -0.035406
v 0.305909 25.788782 0.014839
v 0.356139 25.790323 0.051640
v 0.394579 26.069912 -0.004686
v 0.344373 26.070765 -0.041542
v 0.307591 26.073780 0.008635
v 0.357797 26.072927 0.045490
v -0.122308 20.749140 -0.054265
v -0.122301 20.749138 0.054279
v -0.041118 20.996298 -0.054270
v -0.093125 20.954254 -0.054267
v -0.074161 20.983984 -0.054268
v -0.093119 20.954254 0.054277
v -0.041111 20.996298 0.054274
v -0.074154 20.983984 0.054276
v 0.041111 20.996298 -0.054275
v 0.093119 20.954254 -0.054278
v 0.074154 20.983984 -0.054277
v 0.093126 20.954254 0.054265
v 0.041118 20.996298 0.054269
v 0.074161 20.983984 0.054267
v -0.122924 20.851696 -0.054265
v -0.122917 20.851696 0.054279
v 0.117932 20.868856 -0.054280
v 0.122810 20.833828 -0.054280
v 0.122817 20.833828 0.054264
v 0.117939 20.868856 0.054264
v -0.106133 20.749235 -0.054266
v -0.106126 20.749237 0.054278
v -0.038248 20.980381 -0.054270
v -0.078391 20.947582 -0.054268
v -0.063992 20.971405 -0.054269
v -0.078384 20.947582 0.054276
v -0.038241 20.980381 0.054274
v -0.063985 20.971405 0.054275
v 0.038242 20.980381 -0.054275
v 0.078385 20.947582 -0.054277
v 0.063986 20.971405 -0.054277
v 0.078392 20.947582 0.054266
v 0.038248 20.980381 0.054269
v 0.063992 20.971405 0.054267
v -0.106903 20.849464 -0.054266
v -0.106897 20.849464 0.054278
v 0.102114 20.865475 -0.054279
v 0.106671 20.832758 -0.054279
v 0.106677 20.832758 0.054265
v 0.102121 20.865475 0.054265
v 0.122303 20.749138 -0.032722
v 0.122431 20.770697 -0.054280
v 0.122340 20.755453 -0.047966
v 0.122438 20.770699 0.054264
v 0.122307 20.749138 0.032705
v 0.122346 20.755453 0.047949
v 0.106267 20.770794 -0.054279
v 0.106128 20.749235 -0.032721
v 0.106168 20.755550 -0.047965
v 0.106132 20.749235 0.032706
v 0.106274 20.770794 0.054265
v 0.106174 20.755550 0.047950
v 0.348212 16.831228 -0.000000
v 0.393616 16.680597 -0.000000
v 0.363654 16.529968 -0.000000
v 0.150630 16.316944 -0.000000
v 0.321706 16.831228 0.133255
v 0.363654 16.680597 0.150630
v 0.335972 16.529968 0.139164
v 0.257142 16.402269 0.106512
v 0.139164 16.316944 0.057644
v 0.246223 16.831228 0.246223
v 0.278329 16.680597 0.278329
v 0.257142 16.529968 0.257142
v 0.196808 16.402269 0.196808
v 0.106512 16.316944 0.106512
v 0.133255 16.831228 0.321706
v 0.150630 16.680597 0.363654
v 0.139164 16.529968 0.335972
v 0.106512 16.402269 0.257142
v 0.057644 16.316944 0.139164
v 0.000000 16.831230 0.348212
v 0.000000 16.680597 0.393616
v 0.000000 16.529968 0.363654
v 0.000000 16.402269 0.278329
v 0.000000 16.316944 0.150630
v -0.133255 16.831228 0.321706
v -0.150630 16.680597 0.363654
v -0.139164 16.529968 0.335972
v -0.106512 16.402269 0.257142
v -0.057644 16.316944 0.139164
v -0.246223 16.831228 0.246223
v -0.278329 16.680597 0.278329
v -0.257142 16.529968 0.257142
v -0.196808 16.402269 0.196808
v -0.106512 16.316944 0.106512
v -0.321706 16.831228 0.133255
v -0.363654 16.680597 0.150630
v -0.335972 16.529968 0.139164
v -0.257142 16.402269 0.106512
v -0.139164 16.316944 0.057644
v -0.348212 16.831228 -0.000000
v -0.393616 16.680597 -0.000000
v -0.363654 16.529968 -0.000000
v -0.278329 16.402269 -0.000000
v -0.150630 16.316944 -0.000000
v 0.000000 16.286982 -0.000000
v -0.321706 16.831228 -0.133255
v -0.363654 16.680597 -0.150631
v -0.335972 16.529968 -0.139164
v -0.257142 16.402269 -0.106512
v -0.139164 16.316944 -0.057644
v -0.246223 16.831228 -0.246223
v -0.278329 16.680597 -0.278329
v -0.257142 16.529968 -0.257142
v -0.196808 16.402269 -0.196808
v -0.106512 16.316944 -0.106512
v -0.133255 16.831228 -0.321706
v -0.150630 16.680597 -0.363654
v -0.139164 16.529968 -0.335973
v -0.106512 16.402269 -0.257142
v -0.057644 16.316944 -0.139164
v 0.000000 16.831228 -0.348212
v 0.000000 16.680597 -0.393616
v 0.000000 16.529968 -0.363654
v 0.000000 16.402269 -0.278329
v 0.000000 16.316944 -0.150630
v 0.133255 16.831228 -0.321706
v 0.150631 16.680597 -0.363654
v 0.139165 16.529968 -0.335972
v 0.106512 16.402269 -0.257142
v 0.057644 16.316944 -0.139164
v 0.246223 16.831228 -0.246223
v 0.278329 16.680597 -0.278329
v 0.257142 16.529968 -0.257142
v 0.196808 16.402269 -0.196808
v 0.106512 16.316944 -0.106512
v 0.321706 16.831228 -0.133255
v 0.363654 16.680597 -0.150630
v 0.335973 16.529968 -0.139164
v 0.257142 16.402269 -0.106512
v 0.139164 16.316944 -0.057644
v 0.278329 16.402269 0.000000
v 0.110373 17.411278 0.045718
v 0.203942 17.325953 0.084476
v 0.084476 17.411278 0.084476
v 0.156091 17.325953 0.156091
v 0.045718 17.411278 0.110373
v 0.084476 17.325953 0.203942
v 0.000000 17.411278 0.119467
v 0.000000 17.325953 0.220745
v -0.045718 17.411278 0.110373
v -0.084476 17.325953 0.203942
v -0.084476 17.411278 0.084476
v -0.156091 17.325953 0.156091
v -0.110373 17.411278 0.045718
v -0.203942 17.325954 0.084476
v -0.119467 17.411278 -0.000000
v -0.220745 17.325953 -0.000000
v -0.110373 17.411278 -0.045718
v -0.203942 17.325953 -0.084476
v -0.084476 17.411278 -0.084476
v -0.156091 17.325953 -0.156091
v -0.045718 17.411278 -0.110373
v -0.084475 17.325953 -0.203942
v 0.000000 17.411278 -0.119467
v 0.000000 17.325953 -0.220745
v 0.045718 17.411278 -0.110373
v 0.084476 17.325951 -0.203942
v 0.084476 17.411278 -0.084476
v 0.156091 17.325953 -0.156091
v 0.110373 17.411278 -0.045718
v 0.203942 17.325954 -0.084476
v 0.119467 17.411278 0.000000
v 0.220746 17.325953 0.000000
v 0.256787 16.936993 0.106364
v 0.203942 17.179300 0.084476
v 0.213566 17.056492 0.088462
v 0.156091 17.179298 0.156091
v 0.196536 16.936993 0.196536
v 0.163457 17.056494 0.163457
v 0.084476 17.179300 0.203942
v 0.106364 16.936993 0.256786
v 0.088462 17.056494 0.213566
v 0.000000 17.179298 0.220745
v 0.000000 16.936993 0.277944
v 0.000000 17.056494 0.231162
v -0.084476 17.179300 0.203942
v -0.106364 16.936993 0.256786
v -0.088462 17.056492 0.213566
v -0.156091 17.179298 0.156091
v -0.196536 16.936993 0.196536
v -0.163457 17.056492 0.163456
v -0.203942 17.179300 0.084476
v -0.256786 16.936993 0.106364
v -0.213566 17.056494 0.088462
v -0.220745 17.179300 -0.000000
v -0.277944 16.936993 -0.000000
v -0.231162 17.056494 -0.000000
v -0.203942 17.179300 -0.084476
v -0.256786 16.936993 -0.106365
v -0.213566 17.056494 -0.088462
v -0.156091 17.179298 -0.156091
v -0.196536 16.936993 -0.196536
v -0.163456 17.056492 -0.163457
v -0.084475 17.179300 -0.203942
v -0.106364 16.936993 -0.256787
v -0.088462 17.056492 -0.213566
v 0.000000 17.179298 -0.220745
v 0.000000 16.936993 -0.277944
v 0.000000 17.056492 -0.231163
v 0.084476 17.179300 -0.203942
v 0.106365 16.936993 -0.256786
v 0.088462 17.056494 -0.213566
v 0.156091 17.179300 -0.156091
v 0.196536 16.936993 -0.196536
v 0.163457 17.056492 -0.163457
v 0.203942 17.179300 -0.084476
v 0.256787 16.936993 -0.106364
v 0.213566 17.056492 -0.088462
v 0.220745 17.179300 0.000000
v 0.277944 16.936993 0.000000
v 0.231163 17.056492 0.000000
v 2.200116 15.942620 -0.000000
v 2.125148 15.942620 0.569432
v 1.905356 15.942620 1.100057
v 1.555716 15.942620 1.555717
v 1.100057 15.942620 1.905356
v 0.569432 15.942620 2.125148
v 0.000000 15.942620 2.200116
v -0.569432 15.942620 2.125148
v -1.100057 15.942620 1.905356
v -1.555717 15.942620 1.555716
v -1.905356 15.942620 1.100057
v -2.125148 15.942620 0.569432
v -2.200116 15.942620 -0.000000
v -2.125148 15.942620 -0.569432
v -1.905356 15.942620 -1.100058
v -1.555716 15.942620 -1.555717
v -1.100057 15.942620 -1.905356
v -0.569432 15.942620 -2.125148
v 0.000000 15.942620 -2.200116
v 0.569432 15.942620 -2.125148
v 1.100057 15.942620 -1.905356
v 1.555717 15.942620 -1.555716
v 1.905356 15.942620 -1.100058
v 2.125148 15.942620 -0.569432
v 1.243968 17.042421 -0.000000
v 1.201581 17.042421 0.321963
v 1.077308 17.042421 0.621984
v 0.879618 17.042421 0.879618
v 0.621984 17.042421 1.077308
v 0.321963 17.042421 1.201581
v 0.000000 17.042421 1.243968
v -0.321963 17.042421 1.201581
v -0.621984 17.042421 1.077308
v -0.879618 17.042421 0.879618
v -1.077308 17.042421 0.621984
v -1.201581 17.042421 0.321963
v -1.243968 17.042421 -0.000000
v -1.201581 17.042421 -0.321963
v -1.077308 17.042421 -0.621984
v -0.879618 17.042421 -0.879619
v -0.621984 17.042421 -1.077308
v -0.321963 17.042421 -1.201581
v 0.000000 17.042421 -1.243968
v 0.321963 17.042421 -1.201581
v 0.621984 17.042421 -1.077308
v 0.879618 17.042421 -0.879618
v 1.077308 17.042421 -0.621984
v 1.201581 17.042421 -0.321963
v 1.812949 15.181418 -0.000000
v 1.751174 15.181418 0.469226
v 1.570060 15.181418 0.906474
v 1.281948 15.181418 1.281949
v 0.906474 15.181418 1.570060
v 0.469226 15.181418 1.751174
v 0.000000 15.181418 1.812949
v -0.469226 15.181418 1.751174
v -0.906474 15.181418 1.570060
v -1.281949 15.181418 1.281948
v -1.570060 15.181418 0.906474
v -1.751174 15.181418 0.469226
v -1.812949 15.181418 0.000000
v -1.751174 15.181418 -0.469226
v -1.570060 15.181418 -0.906474
v -1.281948 15.181418 -1.281949
v -0.906474 15.181418 -1.570060
v -0.469226 15.181418 -1.751174
v 0.000000 15.181418 -1.812949
v 0.469226 15.181418 -1.751174
v 0.906474 15.181418 -1.570060
v 1.281949 15.181418 -1.281948
v 1.570060 15.181418 -0.906475
v 1.751174 15.181418 -0.469226
v 1.905470 15.883927 1.100123
v 1.849473 15.815754 1.067793
v 1.848752 15.755164 1.067377
v 1.793591 15.688887 1.035530
v 1.792034 15.626402 1.034631
v 1.737708 15.562019 1.003266
v 1.735317 15.497638 1.001885
v 1.681825 15.435152 0.971002
v 1.678599 15.368876 0.969139
v 1.625943 15.308286 0.938738
v 1.621881 15.240113 0.936393
v 1.324260 15.240113 1.324260
v 1.327576 15.308287 1.327577
v 1.370570 15.368876 1.370570
v 1.373204 15.435153 1.373204
v 1.416880 15.497639 1.416880
v 1.418832 15.562020 1.418832
v 1.463189 15.626402 1.463190
v 1.464460 15.688887 1.464460
v 1.509500 15.755165 1.509500
v 1.510088 15.815754 1.510088
v 1.555809 15.883927 1.555810
v -0.569466 15.883927 -2.125275
v -0.552731 15.815754 -2.062819
v -0.552515 15.755164 -2.062015
v -0.536030 15.688887 -2.000490
v -0.535565 15.626402 -1.998755
v -0.519329 15.562019 -1.938161
v -0.518614 15.497638 -1.935494
v -0.502628 15.435152 -1.875832
v -0.501664 15.368876 -1.872234
v -0.485927 15.308286 -1.813503
v -0.484713 15.240113 -1.808973
v 0.000000 15.240113 -1.872787
v 0.000000 15.308287 -1.877477
v 0.000000 15.368876 -1.938279
v 0.000000 15.435153 -1.942005
v 0.000000 15.497639 -2.003771
v 0.000000 15.562020 -2.006532
v 0.000000 15.626402 -2.069263
v 0.000000 15.688887 -2.071060
v 0.000000 15.755165 -2.134755
v 0.000000 15.815754 -2.135588
v 0.000000 15.883927 -2.200247
v -1.905470 15.883927 1.100123
v -1.849474 15.815754 1.067793
v -1.848753 15.755164 1.067377
v -1.793591 15.688887 1.035530
v -1.792035 15.626402 1.034631
v -1.737708 15.562019 1.003266
v -1.735317 15.497638 1.001885
v -1.681826 15.435152 0.971002
v -1.678599 15.368876 0.969139
v -1.625943 15.308286 0.938738
v -1.621881 15.240113 0.936393
v -1.808973 15.240113 0.484713
v -1.813503 15.308287 0.485927
v -1.872234 15.368876 0.501664
v -1.875832 15.435153 0.502628
v -1.935494 15.497639 0.518614
v -1.938161 15.562020 0.519329
v -1.998755 15.626402 0.535565
v -2.000490 15.688887 0.536030
v -2.062015 15.755165 0.552515
v -2.062819 15.815754 0.552731
v -2.125275 15.883927 0.569466
v 0.936393 15.240113 1.621881
v 0.938738 15.308287 1.625943
v 0.969139 15.368876 1.678599
v 0.971002 15.435153 1.681826
v 1.001885 15.497639 1.735317
v 1.003266 15.562020 1.737708
v 1.034631 15.626402 1.792035
v 1.035530 15.688887 1.793591
v 1.067377 15.755165 1.848752
v 1.067794 15.815754 1.849473
v 1.100123 15.883927 1.905470
v 0.484713 15.240113 -1.808973
v 0.485927 15.308287 -1.813503
v 0.501664 15.368876 -1.872234
v 0.502628 15.435153 -1.875832
v 0.518614 15.497639 -1.935494
v 0.519329 15.562020 -1.938161
v 0.535565 15.626402 -1.998755
v 0.536030 15.688887 -2.000490
v 0.552515 15.755165 -2.062015
v 0.552731 15.815754 -2.062819
v 0.569466 15.883927 -2.125275
v -1.872787 15.240113 0.000000
v -1.877477 15.308287 0.000000
v -1.938279 15.368876 -0.000000
v -1.942005 15.435153 -0.000000
v -2.003771 15.497639 -0.000000
v -2.006532 15.562020 -0.000000
v -2.069263 15.626402 -0.000000
v -2.071060 15.688887 -0.000000
v -2.134755 15.755165 -0.000000
v -2.135588 15.815754 -0.000000
v -2.200247 15.883927 -0.000000
v 0.484713 15.240113 1.808973
v 0.485927 15.308287 1.813503
v 0.501664 15.368876 1.872234
v 0.502628 15.435153 1.875832
v 0.518614 15.497639 1.935494
v 0.519329 15.562020 1.938161
v 0.535565 15.626402 1.998755
v 0.536030 15.688887 2.000490
v 0.552515 15.755165 2.062015
v 0.552731 15.815754 2.062819
v 0.569466 15.883927 2.125275
v 0.936393 15.240113 -1.621881
v 0.938738 15.308287 -1.625943
v 0.969139 15.368876 -1.678599
v 0.971002 15.435153 -1.681826
v 1.001885 15.497639 -1.735317
v 1.003266 15.562020 -1.737708
v 1.034631 15.626402 -1.792035
v 1.035530 15.688887 -1.793591
v 1.067377 15.755165 -1.848752
v 1.067793 15.815754 -1.849473
v 1.100123 15.883927 -1.905470
v -1.808973 15.240113 -0.484713
v -1.813503 15.308287 -0.485927
v -1.872234 15.368876 -0.501663
v -1.875832 15.435153 -0.502628
v -1.935494 15.497639 -0.518614
v -1.938161 15.562020 -0.519329
v -1.998755 15.626402 -0.535565
v -2.000490 15.688887 -0.536030
v -2.062015 15.755165 -0.552515
v -2.062819 15.815754 -0.552731
v -2.125275 15.883927 -0.569466
v 0.000000 15.240113 1.872787
v 0.000000 15.308287 1.877477
v 0.000000 15.368876 1.938279
v 0.000000 15.435153 1.942005
v 0.000000 15.497639 2.003771
v 0.000000 15.562020 2.006532
v 0.000000 15.626402 2.069263
v 0.000000 15.688887 2.071060
v 0.000000 15.755165 2.134755
v 0.000000 15.815754 2.135588
v 0.000000 15.883927 2.200247
v 1.324260 15.240113 -1.324260
v 1.327577 15.308287 -1.327576
v 1.370570 15.368876 -1.370570
v 1.373204 15.435153 -1.373204
v 1.416880 15.497639 -1.416880
v 1.418832 15.562020 -1.418832
v 1.463190 15.626402 -1.463189
v 1.464460 15.688887 -1.464460
v 1.509500 15.755165 -1.509500
v 1.510088 15.815754 -1.510088
v 1.555810 15.883927 -1.555809
v -1.621881 15.240113 -0.936393
v -1.625942 15.308287 -0.938738
v -1.678599 15.368876 -0.969140
v -1.681825 15.435153 -0.971002
v -1.735317 15.497639 -1.001885
v -1.737708 15.562020 -1.003266
v -1.792034 15.626402 -1.034631
v -1.793590 15.688887 -1.035530
v -1.848752 15.755165 -1.067377
v -1.849473 15.815754 -1.067794
v -1.905470 15.883927 -1.100123
v -0.484713 15.240113 1.808973
v -0.485927 15.308287 1.813503
v -0.501663 15.368876 1.872234
v -0.502628 15.435153 1.875832
v -0.518614 15.497639 1.935494
v -0.519329 15.562020 1.938161
v -0.535565 15.626402 1.998755
v -0.536030 15.688887 2.000490
v -0.552515 15.755165 2.062015
v -0.552731 15.815754 2.062819
v -0.569466 15.883927 2.125275
v 1.621881 15.240113 -0.936394
v 1.625943 15.308287 -0.938738
v 1.678599 15.368876 -0.969140
v 1.681826 15.435153 -0.971002
v 1.735317 15.497639 -1.001886
v 1.737708 15.562020 -1.003266
v 1.792035 15.626402 -1.034632
v 1.793591 15.688887 -1.035530
v 1.848752 15.755165 -1.067378
v 1.849473 15.815754 -1.067794
v 1.905470 15.883927 -1.100124
v -1.324260 15.240113 -1.324260
v -1.327576 15.308287 -1.327577
v -1.370570 15.368876 -1.370570
v -1.373204 15.435153 -1.373204
v -1.416880 15.497639 -1.416880
v -1.418832 15.562020 -1.418832
v -1.463189 15.626402 -1.463190
v -1.464460 15.688887 -1.464460
v -1.509500 15.755165 -1.509500
v -1.510088 15.815754 -1.510088
v -1.555809 15.883927 -1.555810
v -0.936393 15.240113 1.621881
v -0.938738 15.308287 1.625942
v -0.969139 15.368876 1.678599
v -0.971002 15.435153 1.681825
v -1.001885 15.497639 1.735317
v -1.003266 15.562020 1.737708
v -1.034631 15.626402 1.792034
v -1.035530 15.688887 1.793590
v -1.067377 15.755165 1.848752
v -1.067793 15.815754 1.849473
v -1.100123 15.883927 1.905470
v 1.808973 15.240113 -0.484713
v 1.813503 15.308287 -0.485927
v 1.872234 15.368876 -0.501664
v 1.875832 15.435153 -0.502628
v 1.935494 15.497639 -0.518614
v 1.938161 15.562020 -0.519329
v 1.998755 15.626402 -0.535565
v 2.000490 15.688887 -0.536030
v 2.062015 15.755165 -0.552516
v 2.062819 15.815754 -0.552731
v 2.125275 15.883927 -0.569466
v 2.200247 15.883927 -0.000000
v 2.135588 15.815754 -0.000000
v 2.134755 15.755164 -0.000000
v 2.071060 15.688887 -0.000000
v 2.069263 15.626402 -0.000000
v 2.006532 15.562019 -0.000000
v 2.003771 15.497638 -0.000000
v 1.942005 15.435152 -0.000000
v 1.938279 15.368876 -0.000000
v 1.877477 15.308286 -0.000000
v 1.872787 15.240113 -0.000000
v 1.808973 15.240113 0.484713
v 1.813503 15.308287 0.485927
v 1.872234 15.368876 0.501663
v 1.875832 15.435153 0.502628
v 1.935494 15.497639 0.518614
v 1.938161 15.562020 0.519329
v 1.998755 15.626402 0.535564
v 2.000490 15.688887 0.536030
v 2.062015 15.755165 0.552515
v 2.062819 15.815754 0.552731
v 2.125275 15.883927 0.569466
v -0.936393 15.240113 -1.621881
v -0.938738 15.308287 -1.625943
v -0.969139 15.368876 -1.678599
v -0.971002 15.435153 -1.681826
v -1.001885 15.497639 -1.735317
v -1.003266 15.562020 -1.737708
v -1.034631 15.626402 -1.792035
v -1.035530 15.688887 -1.793591
v -1.067377 15.755165 -1.848752
v -1.067794 15.815754 -1.849473
v -1.100123 15.883927 -1.905470
v -1.324260 15.240113 1.324260
v -1.327577 15.308287 1.327576
v -1.370570 15.368876 1.370570
v -1.373204 15.435153 1.373204
v -1.416880 15.497639 1.416880
v -1.418832 15.562020 1.418832
v -1.463190 15.626402 1.463189
v -1.464460 15.688887 1.464460
v -1.509500 15.755165 1.509500
v -1.510088 15.815754 1.510088
v -1.555810 15.883927 1.555809
v 1.141716 14.988741 1.110200
v 1.289595 14.872651 0.574682
v 1.340034 14.834741 -0.000000
v 1.289595 14.872651 -0.574682
v 1.141716 14.988741 -1.110200
v 0.600415 14.853457 1.238267
v 0.682884 14.656137 0.640974
v 0.711013 14.575755 -0.000000
v 0.682884 14.656137 -0.640974
v 0.600415 14.853457 -1.238267
v -0.000000 14.805876 1.281948
v 0.000000 14.560778 0.663585
v 0.000000 14.473343 -0.000000
v -0.000000 14.560778 -0.663585
v 0.000000 14.805876 -1.281948
v -0.600415 14.853457 1.238267
v -0.682884 14.656137 0.640974
v -0.711013 14.575755 -0.000000
v -0.682884 14.656137 -0.640974
v -0.600415 14.853457 -1.238267
v -1.141716 14.988741 1.110200
v -1.289595 14.872651 0.574682
v -1.340035 14.834741 -0.000000
v -1.289595 14.872654 -0.574682
v -1.141716 14.988741 -1.110200
vn 0.9659 -0.0000 0.2588
vn 0.8661 -0.0000 0.4999
vn -0.0000 1.0000 -0.0000
vn -0.0001 -0.0000 -1.0000
vn -0.2589 -0.0000 -0.9659
vn -0.5001 -0.0000 -0.8660
vn -0.7072 -0.0000 -0.7071
vn 0.8660 -0.0000 -0.5001
vn 0.7071 -0.0000 -0.7071
vn -0.9659 -0.0000 -0.2588
vn -1.0000 -0.0000 0.0001
vn -0.0000 -1.0000 -0.0000
vn 0.7303 -0.6546 0.1956
vn 0.7560 -0.6546 -0.0000
vn -0.0000 -0.6546 0.7560
vn 0.1957 -0.6546 0.7302
vn 0.1736 0.7418 0.6477
vn 0.3353 0.7418 0.5807
vn -0.7302 -0.6546 0.1957
vn -0.6547 -0.6546 0.3780
vn 0.3780 -0.6546 0.6547
vn 0.5346 -0.6546 0.5345
vn 0.2994 -0.8008 -0.5187
vn 0.4235 -0.8008 -0.4235
vn 0.9659 -0.0000 -0.2589
vn 0.5001 -0.0000 0.8660
vn 0.2589 -0.0000 0.9659
vn -0.7071 -0.0000 0.7072
vn -0.8660 -0.0000 0.5001
vn 0.4999 -0.0000 -0.8661
vn 0.2588 -0.0000 -0.9659
vn 0.7072 -0.0000 0.7071
vn -0.2588 -0.0000 0.9659
vn -0.4999 -0.0000 0.8661
vn 1.0000 -0.0000 -0.0001
vn 0.1735 0.7418 -0.6477
vn 0.3352 0.7418 -0.5808
vn 0.0001 -0.0000 1.0000
vn -0.9659 -0.0000 0.2589
vn -0.8661 -0.0000 -0.4999
vn 0.2995 -0.8008 0.5187
vn 0.4235 -0.8008 0.4235
vn 0.7071 -0.0000 -0.7072
vn 0.6547 -0.6546 0.3780
vn -0.3780 -0.6546 0.6547
vn -0.1956 -0.6546 0.7303
vn -0.5345 -0.6546 0.5346
vn 0.6801 0.7101 -0.1823
vn 0.7041 0.7101 -0.0000
vn -0.0000 0.7418 0.6706
vn 0.4978 0.7101 -0.4979
vn 0.6097 0.7101 -0.3521
vn -0.1735 0.7418 0.6477
vn 0.1822 0.7101 -0.6801
vn 0.3520 0.7101 -0.6098
vn -0.3353 0.7418 0.5808
vn 0.6477 0.7418 0.1735
vn 0.6706 0.7418 -0.0000
vn -0.1823 0.7101 -0.6801
vn -0.0000 0.7101 -0.7041
vn -0.4741 0.7418 0.4742
vn 0.5808 0.7418 0.3353
vn -0.4979 0.7101 -0.4978
vn -0.3521 0.7101 -0.6097
vn -0.5807 0.7418 0.3353
vn 0.4742 0.7418 0.4741
vn -0.6801 0.7101 -0.1822
vn -0.6098 0.7101 -0.3520
vn -0.6477 0.7418 0.1736
vn -0.6706 0.7418 -0.0000
vn -0.8208 -0.5272 -0.2199
vn -0.8498 -0.5272 0.0001
vn -0.7359 -0.5272 -0.4248
vn -0.6009 -0.5272 -0.6008
vn -0.4249 -0.5272 -0.7359
vn -0.2200 -0.5272 -0.8208
vn -0.0001 -0.5272 -0.8498
vn 0.2199 -0.5272 -0.8208
vn 0.4248 -0.5272 -0.7359
vn 0.6008 -0.5272 -0.6009
vn 0.7359 -0.5272 -0.4249
vn 0.8208 -0.5272 -0.2200
vn 0.8498 -0.5272 -0.0001
vn 0.0239 -0.9997 0.0064
vn 0.0247 -0.9997 -0.0000
vn 0.0214 -0.9997 0.0124
vn 0.0175 -0.9997 0.0175
vn 0.0124 -0.9997 0.0214
vn 0.0064 -0.9997 0.0239
vn -0.0000 -0.9997 0.0247
vn -0.0064 -0.9997 0.0239
vn -0.0124 -0.9997 0.0214
vn -0.0175 -0.9997 0.0175
vn -0.0214 -0.9997 0.0124
vn -0.0239 -0.9997 0.0064
vn -0.0247 -0.9997 -0.0000
vn -0.4705 -0.7465 -0.4704
vn -0.3327 -0.7465 -0.5762
vn 0.4249 -0.5272 0.7359
vn 0.2200 -0.5272 0.8208
vn -0.5785 -0.8008 -0.1550
vn -0.5187 -0.8008 -0.2994
vn -0.5808 0.7418 -0.3353
vn -0.4742 0.7418 -0.4741
vn 0.5187 -0.8008 -0.2995
vn -0.4235 -0.8008 -0.4235
vn -0.6477 0.7418 -0.1735
vn 0.5785 -0.8008 -0.1551
vn -0.2995 -0.8008 -0.5187
vn 0.5989 -0.8008 -0.0000
vn -0.1550 -0.8008 -0.5785
vn -0.7359 -0.5272 0.4249
vn -0.8208 -0.5272 0.2200
vn -0.0000 -0.8008 -0.5989
vn -0.4248 -0.5272 0.7359
vn -0.6008 -0.5272 0.6009
vn -0.0000 0.7418 -0.6706
vn 0.1550 -0.8008 -0.5785
vn 0.0001 -0.5272 0.8498
vn -0.2199 -0.5272 0.8208
vn -0.3353 0.7418 -0.5807
vn -0.1736 0.7418 -0.6477
vn 0.7359 -0.5272 0.4248
vn 0.6009 -0.5272 0.6008
vn -0.5989 -0.8008 -0.0000
vn 0.0184 -0.9998 0.0049
vn 0.0191 -0.9998 -0.0000
vn 0.0165 -0.9998 0.0095
vn 0.0135 -0.9998 0.0135
vn 0.0095 -0.9998 0.0165
vn 0.0049 -0.9998 0.0184
vn -0.0000 -0.9998 0.0191
vn -0.0049 -0.9998 0.0184
vn -0.0095 -0.9998 0.0165
vn -0.0135 -0.9998 0.0135
vn -0.0165 -0.9998 0.0095
vn -0.0184 -0.9998 0.0049
vn -0.0191 -0.9998 -0.0000
vn 0.6477 0.7418 -0.1736
vn 0.5807 0.7418 -0.3353
vn 0.4741 0.7418 -0.4742
vn 0.8208 -0.5272 0.2199
vn -0.6654 -0.7465 -0.0000
vn -0.6427 -0.7465 0.1722
vn -0.0239 -0.9997 -0.0064
vn 0.6427 -0.7465 -0.1722
vn 0.6653 -0.7465 -0.0000
vn -0.1722 -0.7465 -0.6427
vn -0.5785 -0.8008 0.1551
vn -0.5187 -0.8008 0.2995
vn -0.0000 -0.7465 -0.6654
vn -0.4235 -0.8008 0.4235
vn 0.0214 -0.9997 -0.0124
vn 0.0239 -0.9997 -0.0064
vn 0.1722 -0.7465 -0.6427
vn -0.2994 -0.8008 0.5187
vn 0.0124 -0.9997 -0.0214
vn 0.0175 -0.9997 -0.0175
vn 0.3326 -0.7465 -0.5762
vn -0.0000 -0.8008 0.5989
vn 0.1551 -0.8008 0.5785
vn 0.1550 -0.8008 0.5785
vn -0.6427 -0.7465 -0.1722
vn -0.0000 -0.9997 -0.0247
vn 0.0064 -0.9997 -0.0239
vn 0.4704 -0.7465 -0.4705
vn -0.1550 -0.8008 0.5785
vn -0.5762 -0.7465 -0.3326
vn -0.0124 -0.9997 -0.0214
vn -0.0064 -0.9997 -0.0239
vn 0.5762 -0.7465 -0.3327
vn -0.0214 -0.9997 -0.0124
vn -0.0175 -0.9997 -0.0175
vn -0.4704 -0.7465 0.4705
vn -0.3326 -0.7465 0.5762
vn 0.5187 -0.8008 0.2994
vn 0.5785 -0.8008 0.1550
vn 0.0095 -0.9998 -0.0165
vn 0.0135 -0.9998 -0.0135
vn -0.5762 -0.7465 0.3327
vn -0.0000 -0.9998 -0.0191
vn 0.0049 -0.9998 -0.0184
vn -0.0095 -0.9998 -0.0165
vn -0.0049 -0.9998 -0.0184
vn -0.0165 -0.9998 -0.0095
vn -0.0135 -0.9998 -0.0135
vn -0.0184 -0.9998 -0.0049
vn -0.1722 -0.7465 0.6427
vn -0.0000 -0.7465 0.6654
vn 0.1722 -0.7465 0.6427
vn 0.0165 -0.9998 -0.0095
vn 0.0184 -0.9998 -0.0049
vn 0.6427 -0.7465 0.1722
vn 0.3327 -0.7465 0.5762
vn 0.4705 -0.7465 0.4704
vn 0.5762 -0.7465 0.3326
vn 0.1763 0.7321 0.6580
vn -0.0000 0.7321 0.6812
vn -0.1763 0.7321 0.6580
vn -0.3406 0.7321 0.5900
vn 0.6812 0.7321 -0.0000
vn 0.6580 0.7321 0.1763
vn -0.4816 0.7321 0.4817
vn 0.5900 0.7321 0.3406
vn -0.5899 0.7321 0.3406
vn 0.4817 0.7321 0.4816
vn -0.6580 0.7321 0.1763
vn 0.3406 0.7321 0.5899
vn -0.6812 0.7321 -0.0000
vn -0.5043 0.7010 0.5043
vn -0.6176 0.7010 0.3566
vn 0.6177 0.7010 0.3566
vn 0.5043 0.7010 0.5043
vn -0.6889 0.7010 0.1846
vn 0.3566 0.7010 0.6176
vn -0.7132 0.7010 -0.0000
vn 0.1846 0.7010 0.6889
vn -0.0000 0.7010 0.7132
vn -0.1845 0.7010 0.6889
vn -0.3566 0.7010 0.6177
vn 0.7132 0.7010 -0.0000
vn 0.6889 0.7010 0.1845
vn -0.6934 -0.1959 0.6934
vn -0.8492 -0.1959 0.4904
vn 0.4816 0.7321 -0.4817
vn 0.3406 0.7321 -0.5900
vn -0.1763 0.7321 -0.6580
vn -0.3406 0.7321 -0.5899
vn -0.6580 0.7321 -0.1763
vn 0.6580 0.7321 -0.1763
vn 0.1763 0.7321 -0.6580
vn -0.4817 0.7321 -0.4816
vn 0.5899 0.7321 -0.3406
vn -0.5900 0.7321 -0.3406
vn -0.0000 0.7321 -0.6812
vn -0.9472 -0.1959 -0.2537
vn -0.9806 -0.1959 0.0001
vn -0.8493 -0.1959 -0.4903
vn -0.6934 -0.1959 -0.6934
vn -0.4904 -0.1959 -0.8492
vn -0.2539 -0.1959 -0.9472
vn -0.0001 -0.1959 -0.9806
vn 0.2537 -0.1959 -0.9472
vn 0.4903 -0.1959 -0.8493
vn 0.6934 -0.1959 -0.6934
vn 0.8492 -0.1959 -0.4904
vn 0.9472 -0.1959 -0.2539
vn 0.9806 -0.1959 -0.0001
vn -0.5043 0.7010 -0.5043
vn -0.6177 0.7010 -0.3566
vn -0.6889 0.7010 -0.1845
vn 0.1845 0.7010 -0.6889
vn -0.0000 0.7010 -0.7132
vn -0.3566 0.7010 -0.6176
vn -0.1846 0.7010 -0.6889
vn 0.6176 0.7010 -0.3566
vn 0.5043 0.7010 -0.5043
vn 0.3566 0.7010 -0.6177
vn 0.6889 0.7010 -0.1846
vn -0.2537 -0.1959 0.9472
vn -0.4903 -0.1959 0.8493
vn 0.2539 -0.1959 0.9472
vn 0.0001 -0.1959 0.9806
vn 0.9472 -0.1959 0.2537
vn 0.8493 -0.1959 0.4903
vn 0.6934 -0.1959 0.6934
vn 0.4904 -0.1959 0.8492
vn -0.9472 -0.1959 0.2539
vn 0.7302 -0.6546 -0.1957
vn -0.3780 -0.6546 -0.6547
vn -0.1957 -0.6546 -0.7302
vn -0.0000 -0.6546 -0.7560
vn 0.1956 -0.6546 -0.7303
vn 0.3780 -0.6546 -0.6547
vn -0.7560 -0.6546 -0.0000
vn -0.7303 -0.6546 -0.1956
vn 0.5345 -0.6546 -0.5346
vn -0.6547 -0.6546 -0.3780
vn 0.6547 -0.6546 -0.3780
vn -0.5346 -0.6546 -0.5345
vn 0.6801 0.7101 0.1822
vn 0.6098 0.7101 0.3520
vn 0.4979 0.7101 0.4978
vn 0.3521 0.7101 0.6097
vn 0.1823 0.7101 0.6801
vn -0.0000 0.7101 0.7041
vn -0.1822 0.7101 0.6801
vn -0.3520 0.7101 0.6098
vn -0.4978 0.7101 0.4979
vn -0.6097 0.7101 0.3521
vn -0.6801 0.7101 0.1823
vn -0.7041 0.7101 -0.0000
vn -0.7071 -0.0000 -0.7071
vn -0.7071 -0.0000 0.7071
vn -0.0003 1.0000 -0.0001
vn 0.0001 1.0000 -0.0000
vn 0.0001 1.0000 -0.0001
vn -0.0001 1.0000 0.0002
vn -0.0002 1.0000 -0.0000
vn 0.0002 1.0000 -0.0000
vn -0.0003 1.0000 0.0003
vn -0.0001 1.0000 -0.0002
vn 0.6318 -0.2758 -0.7244
vn 0.6203 -0.3160 -0.7179
vn -0.6662 0.2844 -0.6895
vn -0.6969 0.2182 -0.6832
vn -0.3829 -0.6229 -0.6822
vn -0.3540 -0.6398 -0.6822
vn -0.2923 -0.6291 0.7203
vn -0.3101 -0.6171 0.7233
vn 0.4365 0.5231 -0.7320
vn -0.4992 -0.5380 -0.6793
vn -0.5158 -0.5253 -0.6767
vn 0.4593 0.5003 -0.7340
vn 0.7139 0.4026 0.5730
vn -0.7133 0.4115 0.5674
vn -0.7129 0.4446 0.5424
vn 0.7127 0.4308 0.5536
vn -0.6464 0.2611 0.7170
vn -0.6261 0.3112 0.7150
vn 0.6401 -0.3181 0.6994
vn 0.6644 -0.2683 0.6975
vn 0.7193 0.1910 -0.6679
vn -0.7194 0.1910 -0.6678
vn -0.7151 0.1321 -0.6865
vn 0.7150 0.1321 -0.6866
vn 0.7023 -0.6909 0.1715
vn -0.6992 -0.6926 0.1770
vn -0.6998 -0.7005 0.1402
vn 0.7026 -0.6993 0.1317
vn 0.6797 -0.2912 0.6732
vn 0.6419 -0.3606 0.6767
vn 0.5965 -0.3550 -0.7198
vn -0.7115 0.6831 -0.1647
vn -0.7117 0.6758 -0.1918
vn 0.7117 0.6757 -0.1919
vn 0.7115 0.6831 -0.1648
vn 0.1476 -0.6963 -0.7024
vn -0.1458 0.6870 -0.7119
vn -0.1742 0.6806 -0.7117
vn 0.1763 -0.6894 -0.7026
vn 0.3956 -0.5917 0.7024
vn -0.3903 0.5839 0.7119
vn -0.3767 0.5916 0.7128
vn 0.3861 -0.6090 0.6928
vn 0.6993 -0.6539 -0.2888
vn -0.7021 -0.6509 -0.2888
vn -0.7029 -0.6337 -0.3231
vn 0.7003 -0.6369 -0.3224
vn 0.7019 -0.1369 -0.6989
vn 0.6901 -0.2023 -0.6949
vn -0.6662 0.1952 -0.7198
vn -0.6858 0.1337 -0.7155
vn -0.3057 0.6096 -0.7314
vn -0.3152 0.5986 -0.7364
vn 0.3995 -0.6279 -0.6679
vn 0.3828 -0.6229 -0.6822
vn 0.5501 -0.5323 0.6435
vn 0.2100 -0.7240 0.6570
vn 0.4075 0.9101 0.0746
vn 0.7044 0.5332 -0.4685
vn 0.7088 0.5258 -0.4703
vn 0.7060 -0.5274 0.4727
vn 0.7073 -0.5342 0.4629
vn -0.4594 0.5003 -0.7339
vn -0.4879 0.4703 -0.7354
vn 0.5362 -0.5062 -0.6754
vn 0.5157 -0.5253 -0.6768
vn -0.7123 0.6695 0.2107
vn -0.7125 0.6798 0.1739
vn 0.7146 0.6790 0.1684
vn 0.7147 0.6679 0.2078
vn 0.6902 -0.2023 0.6948
vn 0.6644 -0.2683 -0.6976
vn 0.7022 -0.6664 -0.2506
vn 0.7123 0.6569 0.2471
vn 0.7123 0.6695 0.2106
vn 0.7024 -0.6796 -0.2116
vn 0.2667 -0.6431 -0.7178
vn -0.3096 0.6510 -0.6931
vn -0.3505 0.6327 -0.6906
vn 0.2923 -0.6291 -0.7203
vn 0.7113 0.6456 -0.2779
vn 0.7030 -0.6533 0.2811
vn 0.7021 -0.6652 0.2543
vn 0.7122 0.6556 -0.2508
vn 0.7125 0.4582 -0.5314
vn 0.7123 0.4852 -0.5071
vn -0.7123 0.4939 -0.4986
vn -0.7128 0.4711 -0.5195
vn 0.7124 0.6952 -0.0961
vn -0.7109 0.6951 -0.1073
vn -0.7122 0.6883 -0.1378
vn 0.7140 0.6881 -0.1295
vn -0.7115 0.5082 -0.4853
vn -0.7124 0.4852 -0.5070
vn 0.7123 0.4939 -0.4987
vn 0.7105 0.5127 -0.4819
vn 0.4887 0.5430 -0.6829
vn 0.3484 0.6551 -0.6704
vn -0.5916 -0.3701 -0.7162
vn -0.4242 -0.5395 -0.7274
vn 0.6993 -0.6926 0.1770
vn 0.6993 -0.6819 0.2145
vn -0.7024 -0.6797 0.2116
vn -0.7023 -0.6909 0.1716
vn -0.1790 0.6591 -0.7304
vn -0.2041 0.6510 -0.7311
vn 0.2243 -0.6934 -0.6848
vn 0.1852 -0.7045 -0.6852
vn -0.5722 0.4445 -0.6892
vn -0.5395 0.4077 0.7367
vn -0.5592 0.3768 0.7384
vn -0.5996 0.4063 -0.6895
vn 0.6998 -0.3105 0.6433
vn 0.7015 -0.3468 0.6226
vn 0.7128 0.3413 -0.6127
vn 0.7146 0.3041 -0.6300
vn 0.0761 -0.7052 -0.7050
vn 0.0762 -0.7052 0.7049
vn 0.0662 -0.7050 0.7061
vn 0.0662 -0.7050 -0.7061
vn -0.6079 -0.7682 0.2007
vn -0.6079 -0.7682 -0.2006
vn 0.1491 -0.8880 -0.4351
vn 0.1492 -0.8880 0.4350
vn 0.7125 0.6798 0.1738
vn -0.7146 0.6790 0.1685
vn -0.7140 0.6881 0.1295
vn 0.7123 0.6882 0.1378
vn 0.3861 -0.6090 -0.6928
vn -0.3768 0.5916 -0.7128
vn -0.3903 0.5839 -0.7118
vn 0.3955 -0.5917 -0.7024
vn -0.7129 0.3413 -0.6126
vn -0.7147 0.3041 -0.6299
vn 0.7108 0.7018 -0.0474
vn 0.3458 0.8750 0.3389
vn -0.3458 0.8750 0.3390
vn -0.7108 0.7018 -0.0473
vn 0.7012 -0.4287 0.5697
vn 0.6995 -0.4639 0.5437
vn 0.7149 0.4538 -0.5320
vn 0.7131 0.4215 -0.5602
vn 0.7028 -0.6916 0.1668
vn 0.7026 -0.6846 0.1943
vn 0.2487 -0.6634 0.7058
vn 0.2385 -0.6680 0.7049
vn 0.2385 -0.6680 -0.7050
vn 0.2486 -0.6634 -0.7058
vn 0.1674 -0.9743 -0.1508
vn -0.6447 -0.7274 0.2350
vn -0.6990 -0.6125 0.3692
vn 0.6890 -0.6198 0.3758
vn -0.7124 0.6695 -0.2106
vn 0.7146 0.6679 -0.2079
vn 0.7146 0.6790 -0.1685
vn -0.7125 0.6798 -0.1738
vn -0.7020 -0.4653 0.5392
vn 0.7011 -0.4787 0.5284
vn 0.7020 -0.4514 0.5509
vn -0.7008 -0.4382 0.5629
vn 0.7123 0.6663 0.2206
vn 0.7123 0.6556 0.2507
vn -0.7122 0.6556 0.2508
vn -0.7123 0.6663 0.2207
vn 0.4033 0.6990 0.5906
vn 0.3316 0.7584 -0.5611
vn -0.7622 0.3951 -0.5127
vn -0.6931 0.3362 0.6377
vn -0.7168 0.5306 0.4525
vn -0.7145 0.5650 0.4127
vn 0.7145 0.5650 0.4126
vn 0.7169 0.5305 0.4523
vn 0.4953 -0.4772 0.7260
vn -0.5263 0.4966 0.6902
vn -0.5077 0.5166 0.6895
vn 0.4650 -0.5061 0.7264
vn -0.7019 -0.5189 -0.4879
vn -0.7034 -0.5298 -0.4739
vn -0.7103 0.5241 0.4700
vn -0.7114 0.5082 0.4854
vn 0.6953 -0.2419 0.6767
vn 0.6993 -0.3147 0.6419
vn 0.7196 0.3340 -0.6088
vn 0.7231 0.2908 -0.6266
vn -0.7021 -0.6652 -0.2543
vn 0.7020 -0.6652 -0.2544
vn 0.7020 -0.6760 -0.2239
vn -0.7020 -0.6761 -0.2239
vn -0.6070 0.3502 0.7134
vn -0.6262 0.3112 -0.7149
vn -0.6071 0.3502 -0.7133
vn -0.6994 -0.4639 0.5438
vn -0.6981 -0.5043 0.5083
vn 0.6981 -0.5043 0.5083
vn -0.5780 -0.4168 -0.7016
vn 0.5689 0.4103 -0.7127
vn 0.5468 0.4386 -0.7132
vn -0.5562 -0.4461 -0.7011
vn 0.7148 0.6546 0.2461
vn 0.6993 -0.6819 -0.2146
vn 0.6993 -0.6691 -0.2518
vn -0.7044 0.5332 0.4685
vn -0.7074 -0.5342 -0.4629
vn -0.6304 -0.3763 -0.6790
vn -0.6961 0.6585 0.2862
vn 0.6991 -0.6124 0.3691
vn -0.6889 -0.6198 0.3758
vn -0.7044 -0.6180 0.3492
vn 0.7020 -0.6215 0.3479
vn 0.7231 0.2908 0.6265
vn -0.7114 0.2345 0.6625
vn -0.7137 0.3072 0.6295
vn 0.7197 0.3340 0.6087
vn 0.3919 0.6207 -0.6791
vn 0.7131 0.4355 -0.5494
vn 0.5317 0.5839 0.6136
vn 0.3152 0.5986 0.7364
vn 0.1188 -0.7016 0.7026
vn 0.1187 -0.7016 -0.7026
vn 0.1477 -0.6963 0.7024
vn -0.7128 0.4712 0.5196
vn -0.7009 -0.4382 -0.5628
vn -0.7020 -0.4653 -0.5391
vn -0.6418 -0.3606 0.6768
vn -0.6089 -0.4127 0.6774
vn 0.5593 0.3768 0.7383
vn 0.5770 0.3440 0.7408
vn -0.5715 -0.5391 0.6187
vn -0.5716 -0.5391 -0.6186
vn 0.7139 0.6238 0.3181
vn -0.7115 0.6270 0.3173
vn -0.7124 0.6420 0.2835
vn 0.7148 0.6392 0.2836
vn -0.4539 0.5316 -0.7152
vn -0.4185 0.5613 -0.7140
vn -0.4184 0.5613 0.7140
vn -0.4538 0.5316 0.7152
vn 0.6977 -0.5452 0.4648
vn 0.7168 0.5305 -0.4524
vn 0.7163 0.4914 -0.4954
vn 0.0937 -0.7043 -0.7037
vn 0.0938 -0.7043 0.7037
vn 0.7124 0.6420 0.2834
vn -0.7148 0.6392 0.2837
vn -0.7147 0.6546 0.2462
vn -0.1996 0.7771 -0.5969
vn 0.1996 0.7771 -0.5969
vn 0.7032 0.6262 -0.3368
vn -0.7032 0.6262 -0.3367
vn 0.7167 0.2550 -0.6491
vn -0.7168 0.2550 -0.6490
vn -0.7020 -0.6761 0.2239
vn -0.7123 0.6663 -0.2206
vn -0.7025 -0.6846 0.1944
vn 0.6851 0.6152 0.3901
vn -0.6851 0.6152 0.3902
vn -0.4075 0.9101 -0.0746
vn 0.4075 0.9101 -0.0747
vn -0.6969 -0.3808 0.6077
vn -0.6991 -0.4110 0.5851
vn 0.7023 -0.4181 0.5762
vn 0.7016 -0.3738 0.6067
vn -0.2862 0.6176 -0.7326
vn 0.3539 -0.6398 -0.6822
vn 0.1764 -0.6894 0.7026
vn 0.2021 -0.6817 -0.7032
vn 0.2022 -0.6817 0.7032
vn 0.6976 -0.5452 -0.4649
vn 0.6998 -0.5768 -0.4213
vn -0.6999 -0.5768 -0.4212
vn -0.6977 -0.5452 -0.4648
vn 0.4032 0.6990 -0.5906
vn -0.6932 0.3362 -0.6376
vn -0.7622 0.3951 0.5129
vn 0.3317 0.7584 0.5610
vn -0.2212 0.6684 -0.7102
vn -0.2211 0.6683 0.7102
vn -0.2370 0.6639 0.7093
vn -0.2371 0.6639 -0.7093
vn -0.0660 0.7030 0.7081
vn -0.0435 0.7024 0.7104
vn 0.0785 -0.7161 0.6936
vn 0.6941 -0.6479 0.3137
vn -0.6941 -0.6479 0.3138
vn -0.7030 -0.6533 0.2812
vn 0.6465 0.2611 0.7169
vn 0.6464 0.2611 -0.7170
vn 0.6661 0.1952 -0.7199
vn 0.6662 0.1952 0.7198
vn 0.2314 0.6405 0.7323
vn -0.2677 -0.6788 0.6838
vn -0.2243 -0.6934 0.6848
vn 0.2042 0.6510 0.7311
vn 0.5498 -0.8037 0.2274
vn 0.2425 -0.8150 0.5263
vn 0.4952 -0.4772 -0.7260
vn -0.5264 0.4966 -0.6901
vn -0.5484 0.4732 -0.6895
vn 0.5245 -0.4457 -0.7255
vn 0.5715 -0.5391 -0.6187
vn 0.1058 0.8969 -0.4294
vn 0.7037 -0.7038 0.0974
vn 0.7109 0.6951 -0.1073
vn 0.7122 0.6882 -0.1379
vn -0.7169 0.5306 -0.4524
vn -0.7164 0.4914 -0.4953
vn -0.1477 -0.6963 -0.7024
vn -0.1764 -0.6894 -0.7026
vn 0.1741 0.6806 -0.7117
vn 0.1457 0.6870 -0.7119
vn 0.7124 0.6952 0.0960
vn 0.7140 0.6881 0.1294
vn -0.7122 0.6883 0.1379
vn -0.7109 0.6951 0.1073
vn 0.2862 0.6176 0.7326
vn -0.3539 -0.6398 0.6822
vn -0.3134 -0.6601 0.6827
vn 0.2599 0.6284 0.7332
vn 0.6400 -0.3181 -0.6995
vn 0.6178 -0.3564 0.7009
vn 0.6177 -0.3564 -0.7010
vn -0.7106 0.5127 -0.4818
vn -0.7088 0.5258 -0.4702
vn -0.7060 -0.5273 0.4728
vn -0.7046 -0.5133 0.4900
vn -0.1072 0.6445 -0.7571
vn -0.1192 0.6748 -0.7283
vn 0.0954 -0.7214 -0.6859
vn 0.0913 -0.7410 -0.6652
vn -0.2218 0.6851 -0.6939
vn -0.2041 0.6510 0.7311
vn -0.2313 0.6405 0.7323
vn -0.2644 0.6697 -0.6940
vn -0.5966 -0.3550 -0.7197
vn 0.6314 0.3545 -0.6897
vn 0.5995 0.4063 -0.6895
vn -0.5740 -0.3866 -0.7219
vn 0.7062 -0.2218 0.6724
vn -0.5452 0.7699 0.3317
vn -0.7231 0.2908 0.6266
vn 0.7115 0.2345 0.6624
vn 0.6057 0.7084 0.3625
vn 0.6953 -0.1976 0.6910
vn 0.6994 -0.1351 0.7019
vn -0.7128 0.3413 0.6127
vn 0.7129 0.3413 0.6126
vn 0.7147 0.3041 0.6299
vn -0.7146 0.3041 0.6300
vn -0.3828 -0.6229 0.6822
vn -0.3102 -0.6171 -0.7232
vn -0.2924 -0.6291 -0.7202
vn 0.6889 -0.6198 -0.3758
vn 0.7295 0.5892 0.3473
vn 0.7100 0.6145 0.3439
vn 0.7044 -0.6180 -0.3492
vn 0.7019 -0.4514 -0.5510
vn 0.7010 -0.4787 -0.5285
vn 0.5363 -0.5062 0.6754
vn 0.5158 -0.5253 0.6767
vn 0.4649 -0.5061 -0.7265
vn -0.6997 -0.3105 0.6434
vn -0.6977 -0.2619 0.6668
vn 0.7106 0.6999 0.0724
vn -0.7093 0.6997 0.0857
vn -0.7023 -0.6664 -0.2505
vn -0.0756 0.7009 0.7093
vn -0.0757 0.7009 -0.7093
vn -0.0661 0.7030 -0.7081
vn 0.2212 0.6684 0.7102
vn -0.2231 -0.6742 0.7040
vn -0.2021 -0.6817 0.7032
vn 0.1999 0.6741 0.7111
vn 0.2231 -0.6742 -0.7040
vn -0.1899 -0.7257 0.6612
vn -0.5668 -0.4593 0.6839
vn -0.6858 -0.4599 0.5641
vn 0.3272 -0.6093 0.7222
vn 0.3102 -0.6171 0.7232
vn -0.7103 -0.5346 0.4578
vn -0.7082 0.5280 -0.4687
vn -0.2624 0.9359 0.2349
vn -0.2667 -0.6432 0.7178
vn 0.3096 0.6510 0.6931
vn 0.3505 0.6327 0.6906
vn 0.3996 -0.6279 0.6679
vn 0.3271 -0.6093 -0.7223
vn 0.1899 -0.7257 -0.6613
vn -0.1673 -0.9743 0.1508
vn 0.5246 -0.4457 0.7254
vn -0.5483 0.4732 0.6895
vn 0.4940 0.5318 0.6879
vn -0.4402 -0.5271 0.7269
vn -0.4241 -0.5395 0.7274
vn 0.4888 0.5430 0.6828
vn -0.6981 -0.5043 -0.5083
vn 0.6980 -0.5043 -0.5083
vn 0.6952 -0.6072 0.3846
vn -0.6952 -0.6072 0.3847
vn -0.5500 -0.5323 0.6436
vn 0.2084 -0.6642 0.7179
vn 0.1821 -0.6712 0.7186
vn 0.7087 0.6073 0.3592
vn 0.7094 0.6006 0.3689
vn -0.7093 0.6006 0.3689
vn -0.7086 0.6073 0.3593
vn 0.3151 0.5986 -0.7365
vn -0.3996 -0.6279 -0.6679
vn 0.5316 0.5839 -0.6136
vn -0.1172 0.6927 0.7117
vn -0.1457 0.6870 0.7119
vn 0.7022 -0.4181 -0.5763
vn -0.0663 -0.7050 -0.7061
vn 0.0660 0.7030 -0.7081
vn 0.0436 0.7024 -0.7104
vn -0.0785 -0.7161 -0.6936
vn 0.7030 -0.6533 -0.2812
vn -0.7030 -0.6533 -0.2811
vn 0.7049 0.6097 -0.3625
vn 0.7122 0.6111 -0.3453
vn -0.7100 0.6145 -0.3439
vn -0.7295 0.5892 -0.3473
vn -0.6204 -0.3160 -0.7178
vn -0.6796 -0.2912 0.6733
vn -0.7123 0.6556 -0.2507
vn -0.7113 0.6456 -0.2778
vn -0.5498 -0.8037 0.2275
vn -0.2425 -0.8150 0.5264
vn 0.6080 -0.7682 0.2006
vn 0.6079 -0.7682 -0.2007
vn 0.5716 -0.5391 0.6186
vn 0.5395 0.4077 -0.7367
vn 0.5159 0.4384 -0.7360
vn -0.5579 -0.4814 -0.6761
vn -0.5813 -0.4515 -0.6769
vn 0.7047 -0.7060 0.0710
vn 0.6631 0.7394 0.1168
vn 0.7247 0.6868 -0.0561
vn -0.1127 -0.6655 -0.7379
vn -0.1201 -0.6810 -0.7224
vn 0.0948 0.7174 -0.6902
vn 0.0881 0.7392 -0.6677
vn -0.7126 0.4582 -0.5313
vn 0.7128 0.4711 -0.5196
vn -0.0928 0.6975 0.7105
vn 0.7147 0.6546 -0.2462
vn 0.6993 -0.6690 0.2517
vn -0.4365 0.5231 0.7320
vn -0.4250 0.5350 0.7302
vn 0.4846 -0.5436 0.6854
vn 0.4992 -0.5380 0.6793
vn 0.7029 -0.5952 0.3894
vn 0.6999 -0.5768 0.4212
vn -0.6998 -0.5768 0.4213
vn -0.7029 -0.5952 0.3895
vn 0.7138 0.4026 -0.5731
vn 0.7127 0.4308 -0.5537
vn -0.7129 0.4446 -0.5423
vn -0.7134 0.4115 -0.5673
vn 0.7020 -0.1369 0.6989
vn 0.1348 0.6707 -0.7293
vn -0.1189 -0.7184 -0.6854
vn -0.1497 -0.7128 -0.6852
vn 0.1554 0.6655 -0.7301
vn 0.7622 0.3951 -0.5128
vn 0.7061 -0.2218 -0.6725
vn -0.6136 0.2694 -0.7422
vn -0.3317 0.7584 -0.5610
vn -0.5160 0.4384 -0.7359
vn 0.1191 0.6748 -0.7283
vn -0.0955 -0.7214 -0.6859
vn -0.6991 -0.6125 -0.3691
vn -0.7049 0.6097 0.3625
vn -0.5893 0.3395 0.7331
vn -0.6448 -0.7274 -0.2349
vn 0.6851 0.6152 -0.3901
vn -0.6851 0.6152 -0.3901
vn -0.7087 0.6073 -0.3592
vn 0.7086 0.6073 -0.3593
vn 0.7020 -0.6760 0.2238
vn 0.7122 0.6663 -0.2207
vn -0.5077 0.5166 -0.6894
vn 0.4402 -0.5271 -0.7269
vn -0.4940 0.5318 -0.6879
vn -0.7103 0.6983 -0.0884
vn -0.7091 0.7013 -0.0723
vn -0.7051 -0.7054 0.0728
vn -0.7039 -0.7046 0.0893
vn -0.7247 0.6868 -0.0560
vn 0.7069 0.7062 -0.0394
vn 0.1059 0.8969 0.4294
vn -0.6631 0.7394 0.1169
vn -0.6585 0.4832 -0.5769
vn 0.4829 0.6581 -0.5777
vn 0.6857 0.1337 -0.7155
vn -0.7020 -0.1369 -0.6989
vn -0.7019 -0.6215 0.3480
vn 0.7044 -0.6180 0.3491
vn 0.7011 -0.4287 -0.5698
vn 0.7024 -0.4004 -0.5885
vn 0.7119 0.3951 0.5807
vn 0.7132 0.4215 0.5601
vn -0.2084 -0.6642 -0.7179
vn -0.2371 -0.6552 -0.7173
vn 0.2643 0.6697 -0.6940
vn 0.2217 0.6851 -0.6939
vn 0.6963 -0.2995 0.6523
vn -0.6953 -0.2419 0.6768
vn -0.6992 -0.3147 0.6420
vn 0.6956 -0.3440 0.6307
vn -0.7014 -0.3468 0.6227
vn -0.7023 -0.3751 0.6051
vn 0.7023 -0.3751 0.6050
vn 0.7115 0.6270 -0.3173
vn 0.7029 -0.6337 0.3231
vn 0.7021 -0.6509 0.2888
vn 0.7124 0.6420 -0.2835
vn -0.5885 0.3818 -0.7127
vn -0.5884 0.3818 0.7127
vn 0.4119 -0.9083 0.0726
vn 0.2099 -0.7240 -0.6570
vn 0.1126 -0.6655 -0.7379
vn 0.0914 -0.7410 0.6652
vn 0.7088 0.5258 0.4702
vn 0.7106 0.5127 0.4818
vn -0.5769 0.3440 0.7408
vn -0.6315 0.3545 -0.6896
vn -0.2784 0.6659 0.6921
vn -0.2785 0.6659 -0.6921
vn -0.2477 0.6609 -0.7084
vn -0.2476 0.6609 0.7085
vn -0.5307 -0.4773 -0.7004
vn 0.5206 0.4683 -0.7139
vn -0.7132 0.4355 -0.5493
vn 0.7139 0.6238 -0.3182
vn 0.7148 0.6392 -0.2837
vn -0.7124 0.6420 -0.2834
vn -0.7115 0.6270 -0.3172
vn 0.2747 -0.6633 0.6961
vn 0.5996 0.4063 0.6895
vn -0.5739 -0.3866 0.7219
vn -0.5501 -0.4159 0.7242
vn 0.5722 0.4445 0.6892
vn 0.5780 -0.4168 0.7016
vn -0.5689 0.4103 0.7127
vn -0.5468 0.4386 0.7132
vn 0.5562 -0.4461 0.7011
vn -0.5915 -0.3701 0.7163
vn -0.6858 -0.4599 -0.5640
vn -0.6401 -0.3181 -0.6994
vn -0.6400 -0.3181 0.6995
vn -0.6644 -0.2683 0.6976
vn -0.6645 -0.2683 -0.6975
vn 0.2924 -0.6291 0.7202
vn -0.3804 0.6183 0.6878
vn -0.3504 0.6327 0.6906
vn -0.7049 -0.6044 0.3713
vn -0.7094 0.6006 -0.3689
vn -0.7056 -0.6099 0.3608
vn -0.1491 -0.8880 0.4350
vn 0.2746 -0.6633 -0.6961
vn -0.1492 -0.8880 -0.4350
vn 0.5452 0.7699 -0.3317
vn -0.6057 0.7084 -0.3625
vn -0.6152 0.3138 0.7232
vn 0.5392 0.3763 0.7534
vn -0.6797 -0.2912 -0.6732
vn 0.5935 0.3045 -0.7450
vn 0.5769 0.3440 -0.7408
vn -0.6419 -0.3606 -0.6767
vn 0.5978 -0.3879 0.7016
vn 0.1192 0.6748 0.7283
vn 0.1072 0.6445 0.7571
vn -0.7015 -0.7044 0.1086
vn -0.7033 -0.7056 0.0863
vn 0.7051 -0.7053 0.0730
vn -0.7015 -0.7044 -0.1085
vn -0.7033 -0.7056 -0.0862
vn -0.7106 0.6999 0.0724
vn -0.7123 0.6952 0.0961
vn -0.6465 0.2611 -0.7169
vn -0.1058 0.8969 0.4294
vn -0.7069 0.7062 -0.0393
vn -0.6584 0.4832 0.5770
vn -0.7019 -0.1369 0.6989
vn 0.6857 0.1337 0.7155
vn 0.4830 0.6580 0.5777
vn -0.7024 -0.3751 -0.6050
vn -0.7025 -0.4004 -0.5884
vn -0.7118 0.3951 0.5807
vn -0.7119 0.3700 0.5969
vn 0.4119 -0.9083 -0.0726
vn 0.7116 0.6889 -0.1380
vn -0.7116 0.6889 -0.1379
vn 0.1674 -0.9743 0.1508
vn 0.5501 -0.4159 -0.7242
vn 0.7104 -0.5346 0.4578
vn 0.5669 -0.4593 0.6838
vn 0.2625 0.9359 0.2349
vn 0.7082 0.5280 -0.4687
vn -0.1364 -0.6797 -0.7207
vn -0.1578 -0.6765 -0.7194
vn 0.1480 0.7057 -0.6929
vn 0.1177 0.7126 -0.6917
vn 0.7164 0.3710 -0.5909
vn -0.4075 0.9101 0.0747
vn -0.5779 -0.4168 0.7017
vn -0.5561 -0.4461 0.7012
vn 0.5469 0.4386 0.7131
vn 0.5690 0.4103 0.7126
vn -0.4119 -0.9083 0.0726
vn -0.6941 -0.6479 -0.3137
vn -0.7032 0.6262 0.3368
vn -0.1996 0.7771 0.5969
vn 0.1555 0.6655 0.7300
vn 0.1790 0.6591 0.7304
vn -0.1852 -0.7045 0.6852
vn -0.1496 -0.7128 0.6852
vn 0.7103 -0.5346 -0.4578
vn 0.7082 0.5280 0.4687
vn 0.2624 0.9359 -0.2349
vn 0.5668 -0.4593 -0.6839
vn 0.2231 -0.6742 0.7040
vn 0.7113 0.6456 0.2778
vn 0.6796 -0.2912 -0.6733
vn 0.6418 -0.3606 -0.6768
vn -0.5770 0.3440 -0.7408
vn -0.5936 0.3045 -0.7449
vn -0.5159 0.4384 0.7360
vn 0.6994 -0.4639 -0.5438
vn -0.6995 -0.4638 -0.5437
vn -0.7012 -0.4287 -0.5697
vn 0.0436 0.7024 0.7104
vn -0.3458 0.8750 -0.3389
vn 0.5578 -0.4814 -0.6761
vn 0.7091 0.7014 -0.0724
vn -0.0929 0.6975 -0.7105
vn -0.7113 0.6456 0.2779
vn -0.4846 -0.5436 -0.6854
vn 0.6961 0.6585 -0.2862
vn 0.6304 -0.3763 0.6790
vn 0.7131 0.4355 0.5493
vn -0.7163 0.4914 0.4954
vn 0.7164 0.4914 0.4953
vn 0.7029 -0.7023 0.1126
vn 0.7039 -0.7046 0.0892
vn 0.7103 0.6983 -0.0885
vn 0.7114 0.6940 -0.1113
vn -0.2486 -0.6634 0.7058
vn -0.2385 -0.6680 0.7050
vn 0.2371 0.6639 0.7093
vn 0.2477 0.6609 0.7084
vn -0.5502 -0.4159 -0.7241
vn -0.5812 -0.4515 0.6770
vn 0.6969 -0.3808 -0.6077
vn 0.6991 -0.4110 -0.5851
vn -0.7023 -0.4181 -0.5762
vn -0.7015 -0.3738 -0.6067
vn 0.7116 0.6889 0.1379
vn 0.7114 0.6939 0.1112
vn 0.7029 -0.7023 -0.1127
vn 0.7027 -0.6977 -0.1397
vn 0.5779 -0.4168 -0.7017
vn 0.5977 -0.3879 -0.7016
vn -0.7115 0.2345 -0.6624
vn -0.6962 -0.2995 0.6524
vn 0.7031 -0.4918 0.5135
vn 0.7046 -0.5133 0.4899
vn 0.7150 0.4538 0.5319
vn 0.5001 -0.5102 0.6997
vn 0.4642 -0.5437 0.6992
vn 0.4642 -0.5437 -0.6992
vn 0.5000 -0.5102 -0.6998
vn 0.6152 0.3138 -0.7232
vn -0.5392 0.3763 -0.7534
vn 0.7027 -0.6976 0.1396
vn 0.1831 0.6968 -0.6935
vn 0.7049 -0.6044 0.3712
vn 0.7056 -0.6099 0.3607
vn 0.7093 0.6006 -0.3689
vn -0.7046 -0.5133 -0.4899
vn -0.7031 -0.4918 -0.5135
vn 0.7007 -0.5018 -0.5072
vn 0.7019 -0.5189 -0.4880
vn 0.7295 0.5892 -0.3474
vn 0.7118 0.6757 0.1918
vn 0.7025 -0.6846 -0.1944
vn -0.2678 -0.6788 -0.6838
vn -0.2244 -0.6934 -0.6847
vn -0.2083 -0.6642 0.7179
vn -0.2370 -0.6552 0.7173
vn -0.7061 -0.2218 0.6725
vn 0.5936 0.3045 0.7449
vn 0.6136 0.2694 0.7422
vn -0.5690 0.4103 -0.7126
vn 0.7050 0.6097 0.3624
vn -0.7295 0.5892 0.3474
vn -0.7099 0.6145 0.3440
vn 0.7123 0.6111 0.3453
vn 0.6998 -0.7005 0.1401
vn 0.7039 -0.7046 -0.0893
vn -0.7039 -0.7046 -0.0892
vn -0.7029 -0.7023 -0.1126
vn 0.6962 -0.2995 -0.6524
vn -0.6953 -0.2419 -0.6767
vn -0.7020 -0.6652 0.2544
vn -0.1363 -0.6797 0.7208
vn 0.1178 0.7125 0.6917
vn 0.1481 0.7057 0.6929
vn -0.1577 -0.6765 0.7194
vn 0.5893 0.3395 -0.7331
vn 0.6448 -0.7274 0.2349
vn -0.6955 -0.3440 0.6308
vn -0.7022 -0.6664 0.2506
vn -0.7124 0.6569 -0.2471
vn -0.1998 0.6741 0.7111
vn -0.1741 0.6806 0.7117
vn -0.4897 0.4995 -0.7146
vn -0.4896 0.4995 0.7147
vn -0.5206 0.4683 0.7139
vn -0.5207 0.4683 -0.7138
vn 0.5500 -0.5323 -0.6436
vn 0.6952 -0.6072 -0.3847
vn -0.5781 0.4756 0.6630
vn -0.5766 0.6639 -0.4763
vn -0.6993 -0.1351 0.7019
vn 0.6949 -0.7149 0.0780
vn 0.7051 -0.7054 0.0727
vn 0.7114 0.5082 -0.4854
vn -0.5317 0.5839 -0.6136
vn -0.7132 0.4215 -0.5601
vn -0.7119 0.3951 -0.5806
vn 0.7118 0.3951 -0.5807
vn 0.3768 0.5916 0.7128
vn -0.1059 0.8969 -0.4294
vn 0.3767 0.5916 -0.7128
vn -0.3272 -0.6093 -0.7222
vn -0.1900 -0.7257 -0.6612
vn -0.7149 0.4538 0.5320
vn -0.7131 0.4215 0.5602
vn -0.7139 0.6238 -0.3181
vn -0.7148 0.6392 -0.2836
vn -0.6993 -0.6539 0.2888
vn -0.7003 -0.6369 0.3224
vn -0.6178 -0.3564 -0.7009
vn -0.6177 -0.3564 0.7010
vn -0.1821 -0.6712 -0.7186
vn 0.7139 0.3668 0.5965
vn 0.6955 -0.3440 -0.6308
vn 0.7137 0.3072 0.6294
vn 0.7024 -0.6797 0.2115
vn -0.6993 -0.6819 0.2146
vn -0.3919 0.6207 0.6791
vn -0.1476 -0.6963 0.7024
vn -0.1763 -0.6894 0.7026
vn -0.6631 0.7394 -0.1168
vn -0.7015 -0.3738 0.6068
vn 0.6970 -0.3808 0.6076
vn -0.7123 0.6569 0.2472
vn -0.1481 0.7057 -0.6929
vn -0.1554 0.6655 0.7301
vn -0.1789 0.6591 0.7304
vn -0.1832 0.6968 -0.6935
vn 0.7093 0.6997 0.0856
vn 0.7109 0.6951 0.1072
vn -0.7138 0.3668 0.5966
vn -0.6970 -0.3808 -0.6076
vn -0.6992 -0.4110 -0.5850
vn -0.7027 -0.6977 0.1397
vn -0.7029 -0.7023 0.1127
vn 0.4538 0.5316 -0.7152
vn 0.4539 0.5316 0.7152
vn 0.4185 0.5613 0.7140
vn 0.4184 0.5613 -0.7140
vn -0.7038 -0.7037 -0.0974
vn -0.7051 -0.7053 -0.0730
vn 0.7119 0.3700 -0.5969
vn -0.2231 -0.6742 -0.7040
vn 0.2211 0.6684 -0.7102
vn 0.1998 0.6741 -0.7111
vn -0.2022 -0.6817 -0.7032
vn 0.0784 -0.7161 -0.6936
vn -0.5935 0.3045 0.7450
vn 0.5307 -0.4772 0.7005
vn 0.1189 -0.7184 0.6854
vn 0.1363 -0.6796 -0.7208
vn 0.1577 -0.6765 -0.7194
vn 0.1497 -0.7129 0.6851
vn 0.7028 -0.6916 -0.1669
vn -0.7028 -0.6916 -0.1668
vn -0.7025 -0.6846 -0.1943
vn 0.6631 0.7394 -0.1169
vn -0.5965 -0.3551 0.7198
vn 0.6315 0.3545 0.6896
vn -0.7027 -0.6976 -0.1396
vn -0.7026 -0.6993 -0.1317
vn 0.6998 -0.7005 -0.1402
vn 0.7014 -0.7044 -0.1086
vn 0.3504 0.6327 -0.6906
vn 0.3804 0.6183 -0.6878
vn 0.3057 0.6096 0.7314
vn -0.7031 -0.4918 0.5136
vn 0.7007 -0.5018 0.5071
vn -0.1674 -0.9743 -0.1508
vn 0.7106 0.6999 -0.0724
vn 0.7033 -0.7056 0.0862
vn 0.7153 -0.6933 0.0878
vn -0.2598 0.6284 0.7332
vn -0.2487 -0.6634 -0.7057
vn 0.2477 0.6609 -0.7085
vn 0.2370 0.6639 -0.7093
vn -0.2386 -0.6680 -0.7049
vn 0.7015 -0.7044 0.1085
vn -0.7026 -0.6993 0.1318
vn -0.7037 -0.7037 0.0974
vn 0.6661 0.2843 -0.6895
vn -0.0436 0.7024 -0.7104
vn -0.7028 -0.6916 0.1669
vn 0.4250 0.5350 -0.7302
vn 0.3485 0.6551 0.6704
vn -0.2625 0.9359 -0.2349
vn 0.7019 -0.5189 0.4879
vn 0.7034 -0.5298 0.4739
vn 0.7102 0.5241 -0.4700
vn 0.7115 0.6270 0.3172
vn 0.7021 -0.6509 -0.2889
vn 0.7029 -0.6337 -0.3232
vn -0.5306 -0.4772 0.7005
vn -0.7231 0.2908 -0.6265
vn -0.7197 0.3340 -0.6087
vn 0.7120 0.3700 0.5968
vn -0.6949 -0.7149 0.0780
vn -0.7050 0.6097 -0.3624
vn -0.7123 0.6111 -0.3453
vn -0.5669 -0.4593 -0.6838
vn 0.7123 0.6569 -0.2472
vn -0.7148 0.6546 -0.2461
vn 0.4251 0.5350 0.7301
vn -0.4845 -0.5435 0.6855
vn -0.7140 0.6881 -0.1294
vn -0.7124 0.6952 -0.0960
vn 0.7051 -0.7053 -0.0731
vn 0.7247 0.6868 0.0560
vn 0.7047 -0.7060 -0.0711
vn -0.6318 -0.2758 0.7244
vn 0.6969 0.2182 0.6832
vn -0.0938 -0.7043 -0.7037
vn 0.0928 0.6975 -0.7105
vn 0.0756 0.7009 -0.7093
vn -0.0762 -0.7052 -0.7049
vn -0.5001 -0.5102 -0.6997
vn 0.4896 0.4995 -0.7147
vn -0.4642 -0.5437 -0.6992
vn -0.4829 0.6580 0.5777
vn -0.4830 0.6581 -0.5777
vn -0.6857 0.1337 0.7155
vn 0.5781 0.4756 -0.6630
vn 0.5766 0.6639 0.4763
vn 0.7151 0.1321 0.6865
vn 0.6993 -0.1351 -0.7019
vn 0.6994 -0.6539 0.2887
vn 0.2244 -0.6934 0.6847
vn 0.2678 -0.6788 0.6838
vn -0.6138 0.5232 0.5912
vn -0.6139 0.5232 -0.5911
vn -0.7137 0.3072 -0.6294
vn 0.7126 0.4582 0.5313
vn 0.7124 0.4852 0.5070
vn -0.2668 -0.6431 -0.7178
vn -0.4888 0.5430 -0.6828
vn 0.4241 -0.5395 -0.7274
vn 0.5915 -0.3701 -0.7163
vn -0.3485 0.6551 -0.6703
vn 0.4897 0.4995 0.7146
vn 0.5207 0.4683 0.7138
vn -0.5000 -0.5102 0.6998
vn -0.5469 0.4386 -0.7131
vn 0.7023 -0.6909 -0.1716
vn 0.7026 -0.6993 -0.1318
vn 0.7123 0.4939 0.4986
vn 0.7031 -0.4918 -0.5136
vn 0.7020 -0.4653 -0.5392
vn 0.7128 0.4712 0.5195
vn 0.5579 -0.4814 0.6761
vn 0.5813 -0.4515 0.6769
vn -0.5578 -0.4814 0.6761
vn -0.5246 -0.4457 -0.7254
vn -0.4953 -0.4772 -0.7260
vn -0.5362 -0.5062 0.6754
vn 0.5721 0.4445 -0.6893
vn 0.5396 0.4077 0.7366
vn 0.5561 -0.4461 -0.7012
vn -0.7150 0.4538 -0.5319
vn -0.5977 -0.3879 0.7016
vn 0.5885 0.3818 0.7127
vn 0.6071 0.3502 0.7133
vn 0.7114 0.5881 0.3848
vn -0.7113 0.5881 0.3849
vn -0.5498 -0.8037 -0.2274
vn 0.5498 -0.8037 -0.2275
vn -0.7021 -0.6509 0.2889
vn -0.1173 0.6927 -0.7116
vn -0.7146 0.6679 0.2079
vn 0.7091 0.7014 0.0723
vn 0.7103 0.6983 0.0884
vn -0.7103 0.6983 0.0885
vn -0.7091 0.7014 0.0724
vn -0.4952 -0.4772 0.7260
vn -0.4649 -0.5061 0.7265
vn 0.5077 0.5166 0.6894
vn 0.5264 0.4966 0.6901
vn 0.5782 0.4756 0.6629
vn 0.5765 0.6639 -0.4763
vn 0.7060 -0.5273 -0.4728
vn 0.7046 -0.5133 -0.4900
vn 0.6447 -0.7274 -0.2350
vn 0.6990 -0.6125 -0.3692
vn -0.6890 -0.6198 -0.3758
vn -0.7015 -0.3468 -0.6226
vn -0.6998 -0.3105 -0.6434
vn 0.6997 -0.3105 -0.6434
vn 0.7014 -0.3468 -0.6227
vn -0.5501 -0.5323 -0.6435
vn -0.6952 -0.6072 -0.3846
vn -0.7062 -0.2218 -0.6724
vn 0.6135 0.2694 -0.7423
vn 0.6089 -0.4127 -0.6774
vn -0.5593 0.3768 -0.7383
vn 0.1364 -0.6796 0.7207
vn 0.1578 -0.6765 0.7194
vn -0.1480 0.7057 0.6929
vn -0.1177 0.7125 0.6917
vn 0.1349 0.6707 0.7293
vn -0.3995 -0.6279 0.6679
vn -0.7029 -0.6337 0.3232
vn 0.7003 -0.6369 0.3223
vn 0.3805 0.6183 0.6877
vn -0.6661 0.1952 0.7199
vn 0.6941 -0.6479 -0.3138
vn 0.7019 -0.6215 -0.3480
vn -0.7044 -0.6180 -0.3491
vn -0.5452 0.7699 -0.3316
vn 0.6056 0.7084 -0.3625
vn 0.7114 0.2345 -0.6625
vn 0.2217 0.6851 0.6939
vn 0.2644 0.6697 0.6940
vn -0.2426 -0.8150 -0.5263
vn 0.3101 -0.6170 -0.7233
vn -0.3804 0.6183 -0.6877
vn -0.3920 0.6207 -0.6791
vn 0.7034 -0.5298 -0.4740
vn -0.7060 -0.5273 -0.4727
vn -0.7120 0.3700 -0.5968
vn 0.7073 -0.5342 -0.4630
vn 0.6303 -0.3763 -0.6791
vn -0.7104 -0.5346 -0.4578
vn 0.7033 -0.7056 -0.0863
vn 0.7152 -0.6933 -0.0879
vn -0.7047 -0.7060 -0.0710
vn -0.7051 -0.7053 0.0731
vn -0.7045 0.5332 -0.4684
vn -0.6961 0.6585 -0.2861
vn -0.6303 -0.3763 0.6791
vn -0.7073 -0.5342 0.4630
vn -0.7116 0.6889 0.1380
vn -0.7113 0.6940 0.1113
vn -0.3095 0.6510 0.6931
vn -0.2599 0.6284 -0.7332
vn -0.2314 0.6405 -0.7323
vn -0.2643 0.6697 0.6940
vn -0.1555 0.6655 -0.7300
vn -0.1349 0.6707 -0.7293
vn 0.7194 0.1910 0.6678
vn -0.7193 0.1910 0.6679
vn -0.7167 0.2550 0.6491
vn 0.7168 0.2550 0.6490
vn 0.7108 0.7018 0.0473
vn -0.7108 0.7018 0.0474
vn 0.7115 0.5082 0.4853
vn -0.7105 0.5127 0.4819
vn -0.7088 0.5258 0.4703
vn 0.7103 0.5241 0.4699
vn 0.1996 0.7771 0.5969
vn 0.7032 0.6262 0.3367
vn -0.0954 -0.7214 0.6859
vn -0.0913 -0.7410 0.6652
vn -0.3151 0.5986 0.7365
vn -0.5316 0.5839 0.6136
vn 0.5077 0.5166 -0.6895
vn 0.4939 0.5318 -0.6879
vn -0.4403 -0.5271 -0.7268
vn -0.4650 -0.5061 -0.7264
vn -0.3135 -0.6601 -0.6826
vn -0.3271 -0.6093 0.7223
vn 0.6319 -0.2758 0.7243
vn -0.6968 0.2182 0.6833
vn -0.6661 0.2843 0.6895
vn 0.6204 -0.3160 0.7178
vn 0.7123 0.6695 -0.2107
vn 0.7125 0.6798 -0.1739
vn -0.4642 -0.5437 0.6992
vn -0.4267 -0.5723 -0.7003
vn 0.3903 0.5839 -0.7119
vn -0.3956 -0.5917 -0.7024
vn 0.7025 -0.4004 0.5884
vn -0.7139 0.3668 -0.5965
vn 0.7049 -0.6044 -0.3713
vn 0.7056 -0.6099 -0.3608
vn 0.1853 -0.7045 0.6851
vn -0.1200 -0.6810 0.7224
vn 0.0948 0.7174 0.6902
vn -0.7117 0.6758 0.1919
vn -0.7125 0.4582 0.5314
vn -0.7123 0.4852 0.5071
vn -0.6993 -0.6926 -0.1770
vn -0.6993 -0.6819 -0.2145
vn -0.7122 0.4939 0.4987
vn -0.7139 0.4026 -0.5730
vn 0.7133 0.4115 -0.5674
vn 0.7129 0.4446 -0.5424
vn -0.7127 0.4308 -0.5536
vn -0.1999 0.6741 -0.7111
vn 0.3056 0.6096 -0.7314
vn -0.7153 -0.6933 0.0879
vn -0.6994 -0.6539 -0.2887
vn -0.6993 -0.6690 -0.2517
vn 0.3095 0.6510 -0.6931
vn -0.7020 -0.6215 -0.3479
vn 0.6858 -0.4599 -0.5641
vn -0.2861 0.6176 0.7326
vn -0.6998 -0.7005 -0.1401
vn -0.0948 0.7174 0.6902
vn -0.7007 -0.5018 0.5072
vn -0.7018 -0.5189 0.4880
vn 0.5592 0.3768 -0.7384
vn -0.5391 0.3763 0.7535
vn 0.6153 0.3138 0.7232
vn -0.7008 -0.5018 -0.5071
vn -0.7011 -0.4787 -0.5284
vn -0.4251 0.5350 -0.7301
vn 0.4845 -0.5436 -0.6854
vn 0.5306 -0.4773 -0.7005
vn 0.5966 -0.3550 0.7197
vn -0.1187 -0.7016 0.7026
vn -0.1188 -0.7016 -0.7026
vn 0.2677 -0.6788 -0.6838
vn 0.2371 -0.6552 0.7173
vn 0.7020 -0.4653 0.5391
vn 0.7009 -0.4382 0.5628
vn -0.7019 -0.4514 0.5510
vn -0.7010 -0.4787 0.5285
vn -0.4032 0.6990 0.5906
vn 0.6932 0.3362 0.6376
vn -0.7020 -0.4514 -0.5509
vn -0.7127 0.4308 0.5537
vn -0.7138 0.4026 0.5731
vn 0.1188 -0.7184 -0.6854
vn 0.1201 -0.6810 0.7224
vn 0.1127 -0.6655 0.7379
vn 0.6949 -0.7149 -0.0780
vn -0.6949 -0.7149 -0.0780
vn -0.7051 -0.7054 -0.0727
vn 0.7051 -0.7054 -0.0728
vn 0.7037 -0.7037 -0.0974
vn 0.7093 0.6997 -0.0857
vn -0.7034 -0.5298 0.4740
vn -0.7049 -0.6044 -0.3712
vn -0.7029 -0.5952 -0.3894
vn -0.5245 -0.4457 0.7255
vn 0.2785 0.6659 0.6921
vn 0.2784 0.6659 -0.6921
vn 0.6138 0.5233 -0.5912
vn 0.6138 0.5233 0.5911
vn -0.7122 0.6111 0.3454
vn -0.5978 -0.3879 -0.7015
vn -0.7146 0.6790 -0.1684
vn -0.7146 0.6679 -0.2078
vn 0.1832 0.6968 0.6935
vn 0.1789 0.6591 -0.7304
vn 0.2041 0.6510 -0.7311
vn 0.0929 0.6975 0.7105
vn -0.0937 -0.7043 0.7037
vn -0.0761 -0.7052 0.7050
vn 0.0757 0.7009 0.7093
vn 0.7029 -0.5952 -0.3895
vn -0.7069 0.7062 0.0394
vn -0.7153 -0.6933 -0.0878
vn -0.1821 -0.6712 0.7186
vn 0.2370 -0.6552 -0.7173
vn -0.4593 0.5003 0.7340
vn -0.7003 -0.6369 -0.3223
vn -0.7139 0.6238 0.3182
vn -0.0948 0.7174 -0.6902
vn -0.1191 0.6748 0.7284
vn -0.1348 0.6707 0.7294
vn -0.1178 0.7126 -0.6916
vn -0.6319 -0.2758 -0.7243
vn 0.4594 0.5003 0.7339
vn 0.4879 0.4703 0.7354
vn -0.5157 -0.5253 0.6768
vn 0.3458 0.8750 -0.3390
vn 0.7008 -0.4382 -0.5629
vn -0.3955 -0.5917 0.7024
vn -0.4266 -0.5723 0.7004
vn 0.1172 0.6927 -0.7117
vn -0.7150 0.1321 0.6866
vn 0.6961 0.6585 0.2861
vn 0.5884 0.3818 -0.7127
vn 0.1071 0.6445 -0.7571
vn -0.0914 -0.7410 -0.6652
vn -0.7103 0.5241 -0.4699
vn -0.2217 0.6851 0.6939
vn 0.6978 -0.2619 0.6667
vn 0.3134 -0.6601 -0.6827
vn 0.2668 -0.6431 0.7178
vn 0.7069 0.7062 0.0393
vn -0.7093 0.6997 -0.0856
vn -0.7047 -0.7060 0.0711
vn -0.1188 -0.7184 0.6854
vn -0.7145 0.5650 -0.4126
vn -0.7114 0.5881 -0.3848
vn 0.1496 -0.7128 -0.6852
vn 0.6090 -0.4127 0.6773
vn 0.1900 -0.7257 0.6612
vn 0.6858 -0.4599 0.5640
vn 0.4242 -0.5395 0.7274
vn 0.5916 -0.3701 0.7162
vn -0.6993 -0.6690 0.2518
vn -0.0662 -0.7050 0.7061
vn 0.0661 0.7030 0.7081
vn 0.7023 -0.6664 0.2505
vn 0.7145 0.5650 -0.4127
vn 0.7113 0.5881 -0.3849
vn -0.6956 -0.3440 -0.6307
vn -0.3056 0.6096 0.7314
vn -0.6976 -0.5452 0.4649
vn -0.7247 0.6868 0.0561
vn 0.7115 0.6831 0.1647
vn -0.7115 0.6831 0.1648
vn -0.7131 0.4355 0.5494
vn -0.2746 -0.6633 0.6961
vn -0.2747 -0.6633 -0.6961
vn -0.4888 0.5430 0.6829
vn -0.4939 0.5318 0.6879
vn -0.4366 0.5231 -0.7320
vn -0.6314 0.3545 0.6897
vn -0.7056 -0.6099 -0.3607
vn -0.7024 -0.6796 -0.2115
vn -0.6203 -0.3160 0.7179
vn -0.7082 0.5280 0.4687
vn 0.7045 0.5332 0.4684
vn -0.6978 -0.2619 -0.6667
vn 0.6977 -0.2619 -0.6668
vn -0.7106 0.6999 -0.0723
vn 0.1821 -0.6712 -0.7186
vn 0.6585 0.4832 0.5770
vn 0.6584 0.4832 -0.5770
vn 0.2313 0.6405 -0.7323
vn 0.2598 0.6284 -0.7332
vn -0.7114 0.6940 -0.1112
vn 0.2424 -0.8150 -0.5264
vn -0.4878 0.4703 0.7354
vn 0.6662 0.2843 0.6895
vn -0.5894 0.3395 -0.7331
vn 0.6968 0.2182 -0.6833
vn 0.2083 -0.6642 -0.7179
vn -0.4991 -0.5380 0.6793
vn -0.1831 0.6968 0.6935
vn -0.6901 -0.2023 0.6949
vn -0.6902 -0.2023 -0.6948
vn -0.5995 0.4063 0.6895
vn -0.5721 0.4445 0.6893
vn 0.5502 -0.4159 0.7241
vn 0.5740 -0.3866 0.7219
vn -0.2099 -0.7240 0.6570
vn 0.5739 -0.3866 -0.7219
vn 0.4266 -0.5723 -0.7004
vn -0.7024 -0.4004 0.5885
vn -0.7011 -0.4287 0.5698
vn -0.4033 0.6990 -0.5906
vn -0.3316 0.7584 0.5611
vn 0.7622 0.3951 0.5128
vn 0.6931 0.3362 -0.6377
vn 0.3903 0.5839 0.7118
vn 0.7023 -0.3751 -0.6051
vn -0.0881 0.7392 0.6677
vn 0.6992 -0.3147 -0.6420
vn 0.7164 0.3710 0.5908
vn 0.7015 -0.3738 -0.6068
vn 0.6952 -0.1976 -0.6911
vn 0.4267 -0.5723 0.7003
vn -0.7164 0.3710 -0.5908
vn 0.5484 0.4732 0.6895
vn 0.7129 0.4446 0.5423
vn -0.3861 -0.6091 0.6928
vn -0.3861 -0.6090 -0.6928
vn 0.1458 0.6870 0.7119
vn 0.1173 0.6927 0.7116
vn -0.2100 -0.7240 -0.6570
vn -0.3484 0.6551 0.6704
vn 0.5812 -0.4515 -0.6770
vn -0.7196 0.3340 0.6088
vn -0.1853 -0.7045 -0.6851
vn 0.7099 0.6145 -0.3440
vn -0.7164 0.3710 0.5909
vn 0.6070 0.3502 -0.7134
vn 0.6261 0.3112 -0.7150
vn 0.6262 0.3112 0.7149
vn 0.7133 0.4115 0.5673
vn 0.7138 0.3668 -0.5966
vn 0.1742 0.6806 0.7117
vn -0.0784 -0.7161 0.6936
vn 0.7137 0.3072 -0.6295
vn 0.2861 0.6176 -0.7326
vn 0.4878 0.4703 -0.7354
vn -0.6952 -0.1976 0.6911
vn 0.5483 0.4732 -0.6896
vn 0.3135 -0.6601 0.6826
vn 0.3540 -0.6398 0.6822
vn 0.4991 -0.5380 -0.6793
vn 0.4403 -0.5271 0.7268
vn -0.6953 -0.1976 -0.6910
vn -0.6994 -0.1351 -0.7018
vn 0.1200 -0.6809 -0.7224
vn 0.3829 -0.6229 0.6822
vn 0.0881 0.7392 0.6677
vn -0.1071 0.6445 0.7571
vn -0.5782 0.4756 -0.6629
vn 0.5263 0.4966 -0.6902
vn -0.4119 -0.9083 -0.0726
vn 0.6992 -0.6926 -0.1771
vn 0.5160 0.4384 0.7359
vn 0.4366 0.5231 0.7319
vn -0.0881 0.7392 -0.6676
vn 0.3920 0.6207 0.6791
vn 0.5894 0.3395 0.7331
vn 0.6953 -0.2419 -0.6768
vn 0.6992 -0.4110 0.5850
vn -0.1126 -0.6655 0.7379
vn -0.6963 -0.2995 -0.6523
vn 0.5391 0.3763 -0.7535
vn 0.5452 0.7699 0.3316
vn -0.5363 -0.5062 -0.6754
vn -0.6135 0.2694 0.7423
vn -0.7022 -0.4181 0.5763
vn -0.5765 0.6639 0.4763
vn -0.6090 -0.4127 -0.6773
vn -0.7023 -0.6909 -0.1715
vn -0.5396 0.4077 -0.7366
vn -0.6056 0.7084 0.3625
vn 0.0955 -0.7214 0.6859
vn -0.6993 -0.3147 -0.6419
vn -0.6153 0.3138 -0.7232
vn 0.9413 -0.2760 -0.1943
vn 0.8372 -0.2665 -0.4776
vn 0.3944 -0.6196 0.6786
vn 0.7726 0.0477 0.6331
vn 0.2919 -0.3002 -0.9081
vn 0.3587 0.3940 -0.8462
vn -0.5890 -0.0001 -0.8082
vn -0.3952 0.7340 -0.5523
vn -0.9543 0.2939 0.0541
vn -0.8325 0.5254 0.1759
vn -0.1249 0.3381 0.9328
vn -0.6487 -0.0812 0.7567
vn 0.4775 -0.2665 -0.8373
vn -0.6787 -0.6196 -0.3943
vn 0.8462 0.3940 -0.3588
vn 0.5524 0.7340 0.3951
vn -0.1758 0.5254 0.8325
vn -0.7566 -0.0812 0.6488
vn 0.1942 -0.2760 -0.9413
vn -0.6332 0.0477 -0.7725
vn 0.9081 -0.3002 -0.2920
vn 0.8082 -0.0001 0.5889
vn -0.0540 0.2939 0.9543
vn -0.9328 0.3381 0.1250
vn -0.0755 -0.8098 -0.5819
vn -0.6687 -0.1138 -0.7348
vn 0.5847 -0.8102 0.0418
vn 0.7280 -0.1313 0.6728
vn 0.1759 0.7415 0.6474
vn -0.6330 0.7563 -0.1655
vn -0.5878 -0.8087 -0.0248
vn -0.7645 -0.1303 -0.6313
vn 0.0402 -0.8106 0.5843
vn 0.6140 -0.1359 0.7775
vn 0.6873 0.7157 0.1239
vn -0.1149 0.7068 -0.6980
vn -0.9161 -0.2472 0.3157
vn -0.7893 -0.0271 -0.6134
vn -0.3039 -0.2465 0.9203
vn 0.6000 -0.0246 0.7996
vn 0.9589 0.1854 -0.2148
vn 0.2082 0.1761 -0.9621
vn -0.9098 0.3059 0.2804
vn -0.7467 0.0343 -0.6643
vn -0.2776 0.3056 0.9108
vn 0.6611 0.0372 0.7494
vn 0.9400 -0.2317 -0.2503
vn 0.2476 -0.2327 -0.9405
vn -0.5217 0.8454 -0.1148
vn -0.7392 0.1949 -0.6446
vn 0.1149 0.8453 0.5217
vn 0.6447 0.1949 0.7392
vn 0.6585 -0.6732 0.3364
vn -0.3365 -0.6732 -0.6585
vn 0.0017 0.7589 -0.6512
vn -0.6934 0.0545 -0.7184
vn 0.6512 0.7589 -0.0018
vn 0.7185 0.0545 0.6934
vn -0.0130 -0.7019 0.7122
vn -0.7121 -0.7019 0.0131
vn 0.2611 0.3387 -0.9040
vn -0.6158 0.0482 -0.7864
vn 0.9039 0.3387 -0.2612
vn 0.7865 0.0482 0.6157
vn -0.1299 -0.3162 0.9398
vn -0.9397 -0.3162 0.1300
vn 0.2326 -0.3631 -0.9022
vn -0.6312 -0.0447 -0.7743
vn 0.8909 -0.3730 -0.2593
vn 0.7858 -0.0649 0.6150
vn -0.1014 0.3400 0.9349
vn -0.9259 0.3548 0.1299
vn 0.2107 -0.5471 -0.8101
vn -0.5204 0.2803 -0.8066
vn 0.6572 -0.7527 0.0387
vn 0.4958 -0.2750 0.8237
vn -0.0894 0.4443 0.8914
vn -0.6074 0.7795 0.1531
vn 0.5110 -0.3892 -0.7664
vn 0.1417 0.6727 -0.7262
vn 0.3172 -0.9484 0.0023
vn -0.1432 -0.6579 0.7394
vn -0.4816 0.1829 0.8571
vn -0.4015 0.8899 0.2166
vn 0.6900 -0.2184 -0.6901
vn 0.4876 0.7241 -0.4877
vn 0.1932 -0.9619 -0.1932
vn -0.4875 -0.7243 0.4876
vn -0.6897 0.2204 0.6898
vn -0.1918 0.9625 0.1918
vn 0.7664 -0.3892 -0.5111
vn 0.7262 0.6727 -0.1418
vn -0.0024 -0.9484 -0.3172
vn -0.7393 -0.6579 0.1433
vn -0.8571 0.1829 0.4817
vn -0.2165 0.8899 0.4015
vn 0.8100 -0.5471 -0.2109
vn 0.8067 0.2803 0.5203
vn -0.0388 -0.7527 -0.6572
vn -0.8238 -0.2750 -0.4957
vn -0.8914 0.4443 0.0895
vn -0.1530 0.7795 0.6074
vn 0.9022 -0.3631 -0.2327
vn 0.7744 -0.0447 0.6311
vn 0.2592 -0.3730 -0.8909
vn -0.6151 -0.0649 -0.7858
vn -0.9349 0.3400 0.1015
vn -0.1298 0.3548 0.9259
vn -0.7122 -0.7019 0.0131
vn -0.0131 -0.7019 0.7122
vn 0.1149 0.8454 0.5217
vn -0.2803 0.3059 0.9099
vn 0.6644 0.0343 0.7466
vn -0.9108 0.3056 0.2777
vn -0.7495 0.0372 -0.6610
vn 0.2502 -0.2317 -0.9401
vn 0.9405 -0.2327 -0.2477
vn -0.3156 -0.2471 0.9161
vn 0.6135 -0.0271 0.7893
vn -0.9202 -0.2466 0.3040
vn -0.7997 -0.0245 -0.5999
vn 0.2146 0.1854 -0.9589
vn 0.9621 0.1761 -0.2083
vn 0.0249 -0.8086 0.5878
vn 0.6314 -0.1303 0.7644
vn -0.5842 -0.8106 -0.0401
vn -0.7776 -0.1359 -0.6139
vn -0.1240 0.7157 -0.6873
vn 0.6980 0.7068 0.1148
vn 0.5819 -0.8098 0.0755
vn 0.7349 -0.1138 0.6686
vn -0.0419 -0.8102 -0.5847
vn -0.6729 -0.1313 -0.7280
vn -0.6474 0.7416 -0.1758
vn 0.1656 0.7563 0.6330
vn -0.1943 -0.2760 -0.9413
vn -0.4776 -0.2665 -0.8372
vn 0.6786 -0.6196 -0.3944
vn 0.6331 0.0477 -0.7726
vn -0.9081 -0.3002 -0.2919
vn -0.8462 0.3939 -0.3587
vn -0.8081 -0.0001 0.5890
vn -0.5523 0.7340 0.3952
vn 0.0541 0.2939 0.9543
vn 0.1760 0.5254 0.8325
vn 0.9328 0.3382 0.1249
vn 0.7567 -0.0812 0.6487
vn -0.8373 -0.2665 -0.4775
vn -0.3943 -0.6196 0.6787
vn -0.3588 0.3939 -0.8462
vn 0.3951 0.7340 -0.5524
vn 0.8325 0.5254 0.1758
vn 0.6488 -0.0812 0.7567
vn -0.9413 -0.2760 -0.1942
vn -0.7725 0.0477 0.6333
vn -0.2920 -0.3002 -0.9081
vn 0.5889 -0.0001 -0.8082
vn 0.9543 0.2939 0.0540
vn 0.1250 0.3381 0.9328
vn -0.5819 -0.8098 0.0755
vn -0.7348 -0.1138 0.6687
vn 0.0418 -0.8102 -0.5847
vn 0.6728 -0.1313 -0.7280
vn 0.6474 0.7416 -0.1759
vn -0.1655 0.7563 0.6330
vn -0.0248 -0.8087 0.5878
vn -0.6313 -0.1304 0.7645
vn 0.5842 -0.8106 -0.0402
vn 0.7775 -0.1359 -0.6140
vn 0.1239 0.7157 -0.6873
vn -0.6980 0.7068 0.1149
vn 0.3158 -0.2471 0.9161
vn -0.6134 -0.0272 0.7893
vn 0.9203 -0.2466 0.3039
vn 0.7996 -0.0246 -0.6000
vn -0.2148 0.1854 -0.9589
vn -0.9621 0.1761 -0.2082
vn 0.2804 0.3059 0.9098
vn -0.6643 0.0343 0.7467
vn 0.9108 0.3056 0.2776
vn 0.7494 0.0372 -0.6611
vn -0.2503 -0.2317 -0.9400
vn -0.9405 -0.2327 -0.2476
vn -0.1148 0.8453 0.5217
vn -0.6446 0.1949 0.7392
vn 0.5217 0.8454 -0.1149
vn 0.7392 0.1949 -0.6447
vn 0.3364 -0.6732 -0.6585
vn -0.6585 -0.6732 0.3365
vn -0.6512 0.7589 -0.0017
vn -0.7185 0.0545 0.6934
vn -0.0018 0.7589 -0.6512
vn 0.6934 0.0545 -0.7185
vn 0.7122 -0.7019 0.0130
vn 0.0131 -0.7019 0.7122
vn -0.9040 0.3387 -0.2611
vn -0.7864 0.0482 0.6158
vn -0.2612 0.3387 -0.9039
vn 0.6157 0.0482 -0.7865
vn 0.9398 -0.3162 0.1299
vn 0.1300 -0.3162 0.9397
vn -0.9022 -0.3631 -0.2326
vn -0.7743 -0.0447 0.6312
vn -0.2593 -0.3730 -0.8909
vn 0.6150 -0.0649 -0.7858
vn 0.9349 0.3400 0.1014
vn 0.1299 0.3547 0.9259
vn -0.8101 -0.5472 -0.2108
vn -0.8066 0.2803 0.5204
vn 0.0387 -0.7527 -0.6572
vn 0.8237 -0.2750 -0.4958
vn 0.8914 0.4443 0.0894
vn 0.1531 0.7795 0.6074
vn -0.7664 -0.3892 -0.5110
vn -0.7262 0.6727 -0.1417
vn 0.0023 -0.9484 -0.3172
vn 0.7394 -0.6579 0.1432
vn 0.8571 0.1829 0.4816
vn 0.2166 0.8899 0.4015
vn -0.6901 -0.2184 -0.6900
vn -0.4877 0.7241 -0.4877
vn -0.1933 -0.9619 -0.1932
vn 0.4876 -0.7243 0.4875
vn 0.6898 0.2204 0.6897
vn 0.1918 0.9625 0.1918
vn -0.5111 -0.3892 -0.7664
vn -0.1418 0.6727 -0.7262
vn -0.3172 -0.9484 0.0024
vn 0.1433 -0.6579 0.7393
vn 0.4817 0.1829 0.8571
vn 0.4015 0.8899 0.2165
vn -0.2109 -0.5471 -0.8100
vn 0.5203 0.2803 -0.8066
vn -0.6572 -0.7527 0.0388
vn -0.4957 -0.2750 0.8238
vn 0.0895 0.4443 0.8914
vn 0.6074 0.7795 0.1530
vn -0.2327 -0.3631 -0.9022
vn 0.6311 -0.0447 -0.7744
vn -0.8909 -0.3730 -0.2592
vn -0.7858 -0.0649 0.6151
vn 0.1015 0.3400 0.9349
vn 0.9259 0.3547 0.1298
vn -0.0018 0.7589 -0.6511
vn -0.7184 0.0545 0.6934
vn 0.3364 -0.6732 -0.6586
vn 0.9099 0.3059 0.2803
vn 0.7466 0.0343 -0.6644
vn 0.2777 0.3056 0.9108
vn -0.6610 0.0372 0.7495
vn -0.9401 -0.2317 -0.2502
vn -0.2477 -0.2327 -0.9405
vn 0.9161 -0.2471 0.3156
vn 0.7892 -0.0271 -0.6135
vn 0.3040 -0.2466 0.9202
vn -0.5999 -0.0246 0.7997
vn -0.9589 0.1854 -0.2146
vn -0.2083 0.1761 -0.9621
vn 0.5878 -0.8086 -0.0249
vn 0.7644 -0.1304 -0.6314
vn -0.0401 -0.8106 0.5842
vn -0.6139 -0.1359 0.7776
vn -0.6873 0.7157 0.1240
vn 0.1148 0.7068 -0.6980
vn 0.0755 -0.8098 -0.5819
vn 0.6686 -0.1138 -0.7349
vn -0.5847 -0.8102 0.0419
vn -0.7280 -0.1313 0.6729
vn -0.1758 0.7416 0.6474
vn 0.6330 0.7563 -0.1656
vn -0.9413 -0.2760 0.1943
vn -0.8372 -0.2664 0.4776
vn -0.3944 -0.6196 -0.6786
vn -0.7726 0.0477 -0.6332
vn -0.2919 -0.3002 0.9081
vn -0.3587 0.3940 0.8462
vn 0.5890 -0.0001 0.8081
vn 0.3952 0.7340 0.5523
vn 0.9543 0.2939 -0.0541
vn 0.8325 0.5254 -0.1759
vn 0.1249 0.3381 -0.9328
vn 0.6487 -0.0812 -0.7567
vn -0.4775 -0.2664 0.8373
vn 0.6787 -0.6196 0.3943
vn -0.8462 0.3940 0.3589
vn -0.5524 0.7340 -0.3951
vn 0.1758 0.5254 -0.8325
vn 0.7566 -0.0812 -0.6488
vn -0.1942 -0.2760 0.9413
vn 0.6332 0.0477 0.7725
vn -0.9081 -0.3002 0.2920
vn -0.8082 -0.0001 -0.5889
vn 0.0540 0.2939 -0.9543
vn 0.9327 0.3381 -0.1250
vn 0.0756 -0.8098 0.5819
vn 0.6687 -0.1138 0.7348
vn -0.5847 -0.8102 -0.0418
vn -0.7280 -0.1313 -0.6728
vn -0.1759 0.7416 -0.6474
vn 0.6330 0.7563 0.1655
vn 0.5878 -0.8086 0.0248
vn 0.7645 -0.1303 0.6313
vn -0.0402 -0.8106 -0.5842
vn -0.6140 -0.1359 -0.7775
vn -0.6873 0.7157 -0.1239
vn 0.1149 0.7068 0.6980
vn 0.9161 -0.2471 -0.3157
vn 0.7893 -0.0272 0.6134
vn 0.3039 -0.2466 -0.9203
vn -0.6000 -0.0245 -0.7996
vn -0.9589 0.1854 0.2148
vn -0.2082 0.1761 0.9621
vn 0.9098 0.3059 -0.2804
vn 0.7467 0.0343 0.6643
vn 0.2776 0.3056 -0.9108
vn -0.6611 0.0372 -0.7494
vn -0.9400 -0.2317 0.2503
vn -0.2476 -0.2327 0.9405
vn 0.5217 0.8454 0.1148
vn 0.7392 0.1949 0.6446
vn -0.1149 0.8454 -0.5217
vn -0.6447 0.1949 -0.7392
vn -0.6586 -0.6732 -0.3364
vn 0.3365 -0.6732 0.6585
vn -0.0017 0.7589 0.6511
vn 0.6934 0.0545 0.7184
vn -0.6512 0.7589 0.0018
vn -0.7185 0.0545 -0.6933
vn 0.0130 -0.7019 -0.7122
vn 0.7122 -0.7019 -0.0131
vn -0.2611 0.3387 0.9040
vn 0.6158 0.0482 0.7864
vn -0.9039 0.3387 0.2612
vn -0.7865 0.0482 -0.6157
vn 0.1299 -0.3162 -0.9398
vn 0.9397 -0.3162 -0.1300
vn -0.2326 -0.3631 0.9022
vn 0.6312 -0.0447 0.7743
vn -0.8909 -0.3730 0.2593
vn -0.7858 -0.0649 -0.6150
vn 0.1014 0.3400 -0.9349
vn 0.9259 0.3548 -0.1299
vn -0.2108 -0.5471 0.8101
vn 0.5205 0.2803 0.8066
vn -0.6572 -0.7527 -0.0387
vn -0.4958 -0.2750 -0.8237
vn 0.0894 0.4443 -0.8914
vn 0.6074 0.7795 -0.1531
vn -0.5110 -0.3892 0.7664
vn -0.1417 0.6727 0.7262
vn -0.3172 -0.9484 -0.0023
vn 0.1432 -0.6579 -0.7394
vn 0.4816 0.1829 -0.8571
vn 0.4015 0.8899 -0.2166
vn -0.6900 -0.2184 0.6901
vn -0.4876 0.7241 0.4877
vn -0.1932 -0.9619 0.1932
vn 0.4875 -0.7243 -0.4876
vn 0.6897 0.2204 -0.6898
vn 0.1918 0.9625 -0.1918
vn -0.7664 -0.3892 0.5111
vn -0.7262 0.6727 0.1418
vn 0.0024 -0.9484 0.3172
vn 0.7394 -0.6579 -0.1433
vn 0.8571 0.1829 -0.4817
vn 0.2165 0.8899 -0.4015
vn -0.8101 -0.5471 0.2109
vn -0.8066 0.2803 -0.5204
vn 0.0388 -0.7527 0.6572
vn 0.8238 -0.2750 0.4957
vn 0.8914 0.4444 -0.0895
vn 0.1530 0.7795 -0.6074
vn -0.9022 -0.3631 0.2327
vn -0.7744 -0.0447 -0.6311
vn -0.2592 -0.3730 0.8909
vn 0.6151 -0.0649 0.7858
vn 0.9349 0.3401 -0.1015
vn 0.1298 0.3548 -0.9259
vn -0.0017 0.7589 0.6512
vn -0.6447 0.1949 -0.7391
vn 0.2803 0.3059 -0.9099
vn -0.6644 0.0343 -0.7466
vn 0.9108 0.3056 -0.2777
vn 0.7495 0.0372 0.6610
vn -0.2502 -0.2317 0.9401
vn -0.9405 -0.2327 0.2477
vn 0.3156 -0.2471 -0.9161
vn -0.6135 -0.0272 -0.7892
vn 0.9202 -0.2466 -0.3040
vn 0.7997 -0.0245 0.5999
vn -0.2146 0.1854 0.9589
vn -0.9621 0.1761 0.2083
vn -0.0249 -0.8086 -0.5878
vn -0.6314 -0.1303 -0.7644
vn 0.5842 -0.8106 0.0401
vn 0.7776 -0.1359 0.6139
vn 0.1240 0.7157 0.6873
vn -0.6980 0.7068 -0.1148
vn -0.5819 -0.8098 -0.0755
vn -0.7349 -0.1138 -0.6686
vn 0.0419 -0.8102 0.5847
vn 0.6729 -0.1313 0.7280
vn 0.6475 0.7415 0.1758
vn -0.1655 0.7563 -0.6330
vn 0.1943 -0.2760 0.9413
vn 0.4776 -0.2665 0.8372
vn -0.6786 -0.6196 0.3944
vn -0.6332 0.0477 0.7726
vn 0.9081 -0.3002 0.2919
vn 0.8462 0.3940 0.3587
vn 0.8082 -0.0001 -0.5890
vn 0.5523 0.7340 -0.3952
vn -0.0541 0.2939 -0.9543
vn -0.1759 0.5254 -0.8325
vn -0.9328 0.3382 -0.1249
vn -0.7567 -0.0812 -0.6487
vn 0.8373 -0.2665 0.4775
vn 0.3943 -0.6196 -0.6787
vn 0.3589 0.3940 0.8462
vn -0.3951 0.7340 0.5524
vn -0.8325 0.5254 -0.1758
vn -0.6488 -0.0812 -0.7566
vn 0.9413 -0.2760 0.1942
vn 0.7725 0.0477 -0.6333
vn 0.2920 -0.3002 0.9081
vn -0.5889 -0.0001 0.8082
vn -0.9543 0.2939 -0.0540
vn -0.1250 0.3382 -0.9327
vn 0.5819 -0.8098 -0.0755
vn 0.7348 -0.1138 -0.6687
vn -0.0418 -0.8102 0.5847
vn -0.6728 -0.1313 0.7280
vn -0.6474 0.7416 0.1759
vn 0.1655 0.7563 -0.6330
vn 0.0248 -0.8086 -0.5878
vn 0.6313 -0.1303 -0.7645
vn -0.5842 -0.8106 0.0402
vn -0.7775 -0.1359 0.6140
vn -0.1239 0.7157 0.6873
vn 0.6980 0.7068 -0.1149
vn -0.3157 -0.2472 -0.9161
vn 0.6134 -0.0272 -0.7893
vn -0.9203 -0.2465 -0.3039
vn -0.7996 -0.0246 0.6000
vn 0.2148 0.1853 0.9589
vn 0.9621 0.1761 0.2081
vn -0.2804 0.3059 -0.9098
vn 0.6643 0.0343 -0.7467
vn -0.9108 0.3056 -0.2776
vn -0.7494 0.0372 0.6611
vn 0.2503 -0.2317 0.9400
vn 0.9405 -0.2327 0.2476
vn 0.1148 0.8454 -0.5217
vn 0.6446 0.1949 -0.7392
vn -0.5217 0.8453 0.1149
vn -0.7392 0.1949 0.6447
vn -0.3364 -0.6732 0.6586
vn 0.6585 -0.6732 -0.3365
vn 0.6512 0.7589 0.0017
vn 0.7185 0.0545 -0.6934
vn 0.0017 0.7589 0.6511
vn -0.6934 0.0545 0.7185
vn -0.7122 -0.7019 -0.0130
vn -0.0131 -0.7019 -0.7122
vn 0.9040 0.3387 0.2611
vn 0.7864 0.0482 -0.6158
vn 0.2612 0.3387 0.9039
vn -0.6157 0.0482 0.7865
vn -0.9398 -0.3162 -0.1299
vn -0.1300 -0.3162 -0.9398
vn 0.9022 -0.3631 0.2326
vn 0.7743 -0.0447 -0.6312
vn 0.2593 -0.3730 0.8909
vn -0.6150 -0.0649 0.7858
vn -0.9349 0.3400 -0.1014
vn -0.1299 0.3548 -0.9259
vn 0.8101 -0.5471 0.2107
vn 0.8066 0.2803 -0.5205
vn -0.0387 -0.7527 0.6572
vn -0.8237 -0.2750 0.4958
vn -0.8914 0.4443 -0.0894
vn -0.1531 0.7795 -0.6074
vn 0.7664 -0.3892 0.5110
vn 0.7262 0.6727 0.1417
vn -0.0023 -0.9484 0.3172
vn -0.7394 -0.6579 -0.1432
vn -0.8571 0.1829 -0.4816
vn -0.2166 0.8899 -0.4015
vn 0.6901 -0.2184 0.6900
vn 0.4877 0.7241 0.4877
vn 0.1933 -0.9619 0.1932
vn -0.4876 -0.7243 -0.4875
vn -0.6898 0.2204 -0.6897
vn -0.1918 0.9625 -0.1918
vn 0.5111 -0.3892 0.7664
vn 0.1418 0.6727 0.7262
vn 0.3172 -0.9484 -0.0024
vn -0.1433 -0.6579 -0.7393
vn -0.4817 0.1829 -0.8571
vn -0.4015 0.8899 -0.2165
vn 0.2109 -0.5471 0.8100
vn -0.5204 0.2803 0.8066
vn 0.6572 -0.7527 -0.0388
vn 0.4957 -0.2750 -0.8238
vn -0.0895 0.4443 -0.8914
vn -0.6074 0.7795 -0.1530
vn 0.2327 -0.3631 0.9022
vn -0.6311 -0.0447 0.7744
vn 0.8909 -0.3730 0.2592
vn 0.7858 -0.0649 -0.6151
vn -0.1015 0.3400 -0.9349
vn -0.9259 0.3548 -0.1298
vn -0.1300 -0.3162 -0.9397
vn 0.0018 0.7589 0.6511
vn -0.3364 -0.6732 0.6585
vn -0.9099 0.3059 -0.2803
vn -0.7466 0.0343 0.6644
vn -0.2777 0.3056 -0.9108
vn 0.6610 0.0372 -0.7495
vn 0.9401 -0.2317 0.2502
vn 0.2477 -0.2327 0.9405
vn -0.9161 -0.2471 -0.3156
vn -0.7892 -0.0272 0.6135
vn -0.3040 -0.2466 -0.9202
vn 0.5999 -0.0245 -0.7997
vn 0.9589 0.1854 0.2146
vn 0.2083 0.1761 0.9621
vn -0.5878 -0.8087 0.0249
vn -0.7644 -0.1303 0.6314
vn 0.0401 -0.8106 -0.5843
vn 0.6139 -0.1359 -0.7776
vn 0.6873 0.7157 -0.1240
vn -0.1148 0.7068 0.6980
vn -0.0755 -0.8098 0.5819
vn -0.6686 -0.1138 0.7349
vn 0.5847 -0.8102 -0.0419
vn 0.7280 -0.1313 -0.6729
vn 0.1758 0.7416 -0.6474
vn -0.6330 0.7563 0.1656
vn 0.9074 -0.0760 -0.4134
vn 0.7635 -0.5877 -0.2676
vn 0.2675 -0.5877 -0.7636
vn 0.4133 -0.0760 -0.9074
vn -0.7843 0.5325 -0.3184
vn -0.6252 0.7799 0.0285
vn -0.7276 0.6702 0.1463
vn -0.8470 0.4867 -0.2139
vn -0.5764 0.8151 0.0577
vn -0.0577 0.8151 0.5764
vn -0.0284 0.7799 0.6252
vn -0.7122 0.0082 -0.7019
vn -0.7891 0.3706 -0.4900
vn 0.4900 0.3706 0.7890
vn 0.3185 0.5325 0.7842
vn 0.7144 -0.6801 -0.1648
vn 0.1647 -0.6801 -0.7144
vn 0.0472 -0.7891 -0.6125
vn 0.6125 -0.7891 -0.0473
vn 0.2141 0.4867 0.8470
vn -0.1462 0.6702 0.7276
vn -0.8879 0.2695 -0.3729
vn -0.7642 0.5849 0.2717
vn -0.7145 0.0059 -0.6996
vn -0.7154 0.0011 -0.6987
vn -0.9540 0.0438 -0.2966
vn 0.7020 0.0082 0.7121
vn 0.3730 0.2695 0.8878
vn 0.6997 0.0059 0.7144
vn 0.2967 0.0438 0.9540
vn 0.6988 0.0011 0.7154
vn -0.7141 -0.0037 -0.7001
vn -0.9121 -0.1994 -0.3582
vn -0.8430 -0.4177 0.3389
vn -0.9061 0.0779 0.4159
vn -0.4158 0.0779 0.9061
vn -0.3388 -0.4177 0.8430
vn 0.3583 -0.1994 0.9121
vn -0.2716 0.5849 0.7643
vn -0.8690 -0.2512 -0.4262
vn -0.7743 -0.5793 0.2548
vn 0.3352 0.4215 -0.8426
vn 0.8425 0.4215 -0.3353
vn -0.7131 -0.0052 -0.7011
vn 0.7002 -0.0037 0.7140
vn 0.4263 -0.2512 0.8690
vn 0.7012 -0.0052 0.7130
vn 0.7809 -0.5578 0.2811
vn 0.7887 -0.3665 0.4936
vn 0.7015 0.0091 0.7126
vn 0.8391 -0.5159 0.1725
vn -0.2812 -0.5578 -0.7809
vn -0.1726 -0.5159 -0.8391
vn 0.5204 0.6768 -0.5207
vn 0.5203 0.6769 -0.5207
vn 0.6995 -0.0041 0.7146
vn 0.9076 0.1971 0.3706
vn 0.8664 0.2487 0.4331
vn 0.7006 -0.0057 0.7135
vn 0.5725 -0.8175 -0.0629
vn 0.0629 -0.8175 -0.5725
vn 0.9497 -0.0432 0.3102
vn 0.7728 0.5818 -0.2534
vn 0.7059 0.0562 -0.7060
vn 0.5931 0.5444 -0.5932
vn 0.4614 -0.7390 -0.4909
vn 0.4351 -0.7800 -0.4498
vn 0.4351 -0.7799 -0.4499
vn 0.4591 -0.7680 -0.4465
vn 0.4498 -0.7769 -0.4406
vn 0.4499 -0.7768 -0.4406
vn 0.4591 -0.7680 -0.4466
vn -0.2547 -0.5793 0.7743
vn 0.5206 0.6768 -0.5205
vn 0.5206 0.6769 -0.5204
vn 0.5115 0.6904 -0.5116
vn 0.4465 -0.7680 -0.4592
vn 0.4465 -0.7679 -0.4592
vn 0.4406 -0.7768 -0.4499
vn 0.4406 -0.7769 -0.4498
vn 0.6051 -0.5172 -0.6052
vn -0.4937 -0.3665 -0.7887
vn -0.3836 -0.2622 -0.8855
vn 0.4499 -0.7799 -0.4351
vn 0.4484 -0.7732 -0.4484
vn 0.4498 -0.7800 -0.4351
vn 0.5115 0.6904 -0.5115
vn 0.4599 -0.7636 -0.4532
vn -0.7153 0.0065 -0.6988
vn -0.7163 0.0012 -0.6978
vn -0.3103 -0.0432 -0.9497
vn 0.8855 -0.2622 0.3835
vn 0.6989 0.0065 0.7152
vn -0.7147 -0.0041 -0.6994
vn -0.7136 -0.0058 -0.7005
vn -0.4332 0.2487 -0.8663
vn -0.3708 0.1972 -0.9076
vn 0.2533 0.5818 -0.7728
vn 0.4532 -0.7636 -0.4599
vn 0.6978 0.0012 0.7163
vn -0.7127 0.0091 -0.7014
vn 0.4909 -0.7390 -0.4615
vn -0.4134 -0.0760 -0.9074
vn -0.2676 -0.5877 -0.7635
vn -0.7636 -0.5877 -0.2675
vn -0.9074 -0.0760 -0.4133
vn -0.3184 0.5325 0.7843
vn 0.0285 0.7799 0.6252
vn 0.1463 0.6702 0.7276
vn -0.2139 0.4867 0.8470
vn 0.0577 0.8151 0.5764
vn 0.5764 0.8151 0.0577
vn 0.6252 0.7799 0.0284
vn -0.7020 0.0082 0.7122
vn -0.4900 0.3706 0.7890
vn 0.7890 0.3706 -0.4900
vn 0.7842 0.5325 -0.3185
vn -0.1648 -0.6801 -0.7144
vn -0.7144 -0.6801 -0.1647
vn -0.6125 -0.7891 -0.0472
vn -0.0472 -0.7891 -0.6125
vn 0.8470 0.4867 -0.2140
vn 0.7276 0.6702 0.1462
vn -0.3729 0.2695 0.8879
vn 0.2717 0.5849 0.7642
vn -0.6996 0.0059 0.7145
vn -0.6987 0.0011 0.7154
vn -0.2966 0.0438 0.9540
vn 0.7121 0.0082 -0.7020
vn 0.8878 0.2695 -0.3730
vn 0.7144 0.0059 -0.6997
vn 0.9539 0.0438 -0.2968
vn 0.7154 0.0011 -0.6988
vn -0.7001 -0.0037 0.7141
vn -0.3582 -0.1994 0.9121
vn 0.3389 -0.4177 0.8430
vn 0.4159 0.0779 0.9061
vn 0.9061 0.0779 0.4158
vn 0.8430 -0.4177 0.3388
vn 0.9121 -0.1994 -0.3583
vn 0.7643 0.5849 0.2716
vn -0.4262 -0.2512 0.8690
vn 0.2548 -0.5793 0.7743
vn -0.8426 0.4215 -0.3352
vn -0.3353 0.4215 -0.8425
vn -0.7011 -0.0052 0.7131
vn 0.7140 -0.0037 -0.7002
vn 0.8690 -0.2512 -0.4263
vn 0.7130 -0.0052 -0.7012
vn 0.2811 -0.5578 -0.7809
vn 0.4936 -0.3665 -0.7887
vn 0.7126 0.0091 -0.7015
vn 0.1725 -0.5159 -0.8391
vn -0.7809 -0.5578 0.2812
vn -0.8391 -0.5159 0.1726
vn -0.5207 0.6768 -0.5205
vn -0.5207 0.6769 -0.5203
vn 0.7147 -0.0041 -0.6995
vn 0.3706 0.1971 -0.9076
vn 0.4331 0.2487 -0.8664
vn 0.7135 -0.0057 -0.7006
vn -0.0629 -0.8175 -0.5725
vn -0.5725 -0.8175 -0.0629
vn 0.3102 -0.0432 -0.9497
vn -0.2534 0.5818 -0.7728
vn -0.7060 0.0562 -0.7060
vn -0.5931 0.5444 -0.5931
vn -0.4909 -0.7390 -0.4614
vn -0.4499 -0.7800 -0.4350
vn -0.4499 -0.7799 -0.4351
vn -0.4466 -0.7680 -0.4591
vn -0.4406 -0.7769 -0.4498
vn -0.4406 -0.7768 -0.4499
vn -0.4466 -0.7679 -0.4591
vn 0.7743 -0.5793 0.2547
vn -0.5205 0.6768 -0.5206
vn -0.5204 0.6769 -0.5206
vn -0.5115 0.6904 -0.5115
vn -0.7060 0.0562 -0.7059
vn -0.5932 0.5444 -0.5931
vn -0.4592 -0.7680 -0.4464
vn -0.4592 -0.7680 -0.4465
vn -0.4499 -0.7768 -0.4405
vn -0.4499 -0.7769 -0.4405
vn -0.6052 -0.5172 -0.6051
vn -0.7887 -0.3665 0.4937
vn -0.8855 -0.2622 0.3836
vn -0.4351 -0.7799 -0.4498
vn -0.4484 -0.7732 -0.4484
vn -0.4351 -0.7800 -0.4498
vn -0.5116 0.6904 -0.5115
vn -0.4533 -0.7636 -0.4599
vn -0.6988 0.0065 0.7153
vn -0.6977 0.0012 0.7163
vn -0.9497 -0.0432 0.3103
vn 0.3835 -0.2622 -0.8855
vn 0.7152 0.0065 -0.6989
vn -0.6994 -0.0041 0.7147
vn -0.7005 -0.0058 0.7136
vn -0.8663 0.2487 0.4332
vn -0.9076 0.1972 0.3708
vn -0.7728 0.5818 -0.2534
vn -0.4484 -0.7732 -0.4483
vn -0.6052 -0.5173 -0.6051
vn -0.4600 -0.7636 -0.4531
vn 0.7163 0.0012 -0.6978
vn -0.7014 0.0091 0.7127
vn -0.4615 -0.7390 -0.4908
vn -0.9074 -0.0760 0.4134
vn -0.7635 -0.5877 0.2676
vn -0.2675 -0.5877 0.7636
vn -0.4133 -0.0760 0.9074
vn 0.7843 0.5325 0.3184
vn 0.6252 0.7799 -0.0285
vn 0.7276 0.6702 -0.1463
vn 0.8470 0.4867 0.2139
vn 0.5764 0.8151 -0.0577
vn 0.0577 0.8151 -0.5764
vn 0.0285 0.7799 -0.6252
vn 0.7122 0.0082 0.7019
vn 0.7891 0.3706 0.4900
vn -0.4901 0.3706 -0.7890
vn -0.3185 0.5325 -0.7842
vn -0.7144 -0.6801 0.1648
vn -0.1647 -0.6801 0.7144
vn -0.0472 -0.7891 0.6125
vn -0.6125 -0.7891 0.0472
vn -0.2140 0.4867 -0.8470
vn 0.1462 0.6702 -0.7276
vn 0.8879 0.2695 0.3729
vn 0.7642 0.5849 -0.2717
vn 0.7145 0.0059 0.6996
vn 0.7154 0.0011 0.6987
vn 0.9540 0.0438 0.2966
vn -0.7020 0.0082 -0.7121
vn -0.3730 0.2695 -0.8878
vn -0.6997 0.0059 -0.7144
vn -0.2967 0.0438 -0.9540
vn -0.6988 0.0011 -0.7154
vn 0.7141 -0.0037 0.7001
vn 0.9121 -0.1994 0.3582
vn 0.8430 -0.4177 -0.3389
vn 0.9061 0.0779 -0.4159
vn 0.4158 0.0779 -0.9061
vn 0.3388 -0.4177 -0.8430
vn -0.3583 -0.1994 -0.9121
vn 0.2716 0.5849 -0.7643
vn 0.8690 -0.2512 0.4262
vn 0.7743 -0.5793 -0.2548
vn -0.3352 0.4215 0.8426
vn -0.8425 0.4215 0.3353
vn 0.7131 -0.0052 0.7011
vn -0.7002 -0.0037 -0.7140
vn -0.4263 -0.2512 -0.8690
vn -0.7012 -0.0052 -0.7130
vn -0.7809 -0.5578 -0.2811
vn -0.7887 -0.3665 -0.4936
vn -0.7015 0.0091 -0.7126
vn -0.8391 -0.5159 -0.1725
vn 0.2812 -0.5578 0.7809
vn 0.1726 -0.5159 0.8391
vn -0.5204 0.6768 0.5207
vn -0.5203 0.6769 0.5207
vn -0.6995 -0.0041 -0.7146
vn -0.9076 0.1971 -0.3706
vn -0.8664 0.2487 -0.4331
vn -0.7006 -0.0058 -0.7135
vn -0.5725 -0.8175 0.0629
vn -0.0629 -0.8175 0.5725
vn -0.9497 -0.0432 -0.3102
vn -0.7728 0.5818 0.2534
vn -0.7059 0.0562 0.7060
vn -0.5931 0.5444 0.5932
vn -0.4614 -0.7390 0.4909
vn -0.4351 -0.7800 0.4498
vn -0.4351 -0.7799 0.4499
vn -0.4591 -0.7680 0.4465
vn -0.4498 -0.7769 0.4406
vn -0.4499 -0.7768 0.4406
vn -0.4592 -0.7679 0.4466
vn 0.2547 -0.5793 -0.7743
vn -0.5206 0.6768 0.5205
vn -0.5206 0.6769 0.5204
vn -0.5115 0.6904 0.5115
vn -0.4465 -0.7680 0.4592
vn -0.4405 -0.7769 0.4499
vn -0.6051 -0.5172 0.6052
vn 0.4937 -0.3665 0.7887
vn 0.3836 -0.2622 0.8855
vn -0.4498 -0.7799 0.4351
vn -0.4484 -0.7732 0.4484
vn -0.4498 -0.7800 0.4351
vn -0.4599 -0.7636 0.4532
vn 0.7153 0.0065 0.6988
vn 0.7163 0.0012 0.6977
vn 0.3103 -0.0432 0.9497
vn -0.8855 -0.2622 -0.3835
vn -0.6989 0.0065 -0.7152
vn 0.7147 -0.0041 0.6994
vn 0.7136 -0.0058 0.7005
vn 0.4332 0.2487 0.8663
vn 0.3707 0.1972 0.9076
vn -0.2534 0.5818 0.7728
vn -0.6051 -0.5173 0.6052
vn -0.4532 -0.7636 0.4600
vn -0.6978 0.0012 -0.7162
vn 0.7127 0.0091 0.7014
vn -0.4908 -0.7390 0.4615
vn 0.4134 -0.0760 0.9074
vn 0.2676 -0.5877 0.7635
vn 0.7636 -0.5877 0.2675
vn 0.9074 -0.0760 0.4133
vn 0.3184 0.5325 -0.7843
vn -0.0285 0.7799 -0.6252
vn -0.1463 0.6702 -0.7276
vn 0.2139 0.4867 -0.8470
vn -0.0577 0.8151 -0.5764
vn -0.5764 0.8151 -0.0577
vn -0.6252 0.7799 -0.0284
vn 0.7020 0.0082 -0.7122
vn 0.4900 0.3706 -0.7890
vn -0.7890 0.3706 0.4901
vn -0.7842 0.5325 0.3185
vn 0.1648 -0.6801 0.7144
vn 0.7144 -0.6801 0.1647
vn 0.6125 -0.7891 0.0472
vn 0.0473 -0.7891 0.6125
vn -0.8470 0.4867 0.2140
vn -0.7276 0.6702 -0.1462
vn 0.3729 0.2695 -0.8879
vn -0.2717 0.5849 -0.7642
vn 0.6996 0.0059 -0.7145
vn 0.6987 0.0011 -0.7154
vn 0.2966 0.0438 -0.9540
vn -0.7121 0.0082 0.7020
vn -0.8878 0.2695 0.3730
vn -0.7144 0.0059 0.6997
vn -0.9539 0.0438 0.2968
vn -0.7154 0.0011 0.6988
vn 0.7001 -0.0037 -0.7141
vn 0.3582 -0.1994 -0.9121
vn -0.3389 -0.4177 -0.8430
vn -0.4159 0.0779 -0.9061
vn -0.9061 0.0779 -0.4158
vn -0.8430 -0.4177 -0.3388
vn -0.9121 -0.1994 0.3583
vn -0.7643 0.5849 -0.2716
vn 0.4262 -0.2512 -0.8690
vn -0.2548 -0.5793 -0.7743
vn 0.8426 0.4215 0.3352
vn 0.3353 0.4215 0.8425
vn 0.7011 -0.0052 -0.7131
vn -0.7140 -0.0037 0.7002
vn -0.8690 -0.2512 0.4263
vn -0.7130 -0.0052 0.7012
vn -0.2811 -0.5578 0.7809
vn -0.4936 -0.3665 0.7887
vn -0.7126 0.0091 0.7015
vn -0.1725 -0.5159 0.8391
vn 0.7809 -0.5578 -0.2812
vn 0.8391 -0.5159 -0.1726
vn 0.5207 0.6768 0.5204
vn 0.5207 0.6769 0.5203
vn -0.7146 -0.0041 0.6995
vn -0.3706 0.1971 0.9076
vn -0.4331 0.2487 0.8664
vn -0.7135 -0.0058 0.7006
vn 0.0629 -0.8175 0.5725
vn 0.5725 -0.8175 0.0629
vn -0.3102 -0.0432 0.9497
vn 0.2534 0.5818 0.7728
vn 0.7060 0.0562 0.7059
vn 0.5932 0.5444 0.5931
vn 0.4909 -0.7390 0.4614
vn 0.4498 -0.7800 0.4350
vn 0.4499 -0.7799 0.4351
vn 0.4465 -0.7680 0.4591
vn 0.4406 -0.7769 0.4498
vn 0.4406 -0.7769 0.4499
vn 0.4466 -0.7680 0.4591
vn -0.7743 -0.5793 -0.2547
vn 0.5205 0.6768 0.5206
vn 0.5204 0.6769 0.5206
vn 0.5116 0.6904 0.5115
vn 0.7060 0.0562 0.7060
vn 0.4592 -0.7680 0.4465
vn 0.4499 -0.7768 0.4406
vn 0.4498 -0.7769 0.4406
vn 0.6052 -0.5173 0.6051
vn 0.7887 -0.3665 -0.4937
vn 0.8855 -0.2622 -0.3836
vn 0.4351 -0.7799 0.4498
vn 0.4484 -0.7732 0.4484
vn 0.4351 -0.7800 0.4498
vn 0.4533 -0.7636 0.4599
vn 0.6988 0.0065 -0.7153
vn 0.6977 0.0012 -0.7163
vn 0.9497 -0.0432 -0.3103
vn -0.3835 -0.2622 0.8855
vn -0.7152 0.0065 0.6989
vn 0.6994 -0.0041 -0.7147
vn 0.7005 -0.0058 -0.7136
vn 0.8663 0.2487 -0.4332
vn 0.9076 0.1972 -0.3708
vn 0.7728 0.5818 0.2533
vn 0.6052 -0.5172 0.6051
vn 0.4599 -0.7636 0.4532
vn -0.7163 0.0012 0.6978
vn 0.7014 0.0091 -0.7127
vn 0.4614 -0.7390 0.4908
vn -0.8078 -0.0000 0.5894
vn -0.8367 -0.0000 0.5477
vn -0.7176 -0.0000 0.6965
vn -0.6130 -0.0000 0.7901
vn -0.5718 -0.0000 0.8204
vn 0.8079 -0.0000 -0.5893
vn 0.8368 -0.0000 -0.5476
vn 0.7176 -0.0000 -0.6965
vn 0.6129 -0.0000 -0.7902
vn 0.5717 -0.0000 -0.8204
vn 0.8205 -0.0000 0.5717
vn -0.5476 -0.0000 -0.8368
vn -0.9914 -0.1305 0.0001
vn -0.9914 0.1305 0.0001
vn 0.1305 0.9914 -0.0000
vn -0.1305 0.9914 -0.0000
vn 0.9914 -0.1305 -0.0001
vn 0.9914 0.1305 -0.0001
vn 0.1305 -0.9914 -0.0000
vn 0.5000 -0.8660 -0.0000
vn 0.8660 -0.5000 -0.0001
vn 0.5000 0.8660 -0.0000
vn 0.8660 0.5000 -0.0001
vn -0.1305 -0.9914 -0.0000
vn -0.5000 -0.8660 -0.0000
vn -0.8660 -0.5000 0.0001
vn -0.5000 0.8660 -0.0000
vn -0.8660 0.5000 0.0001
vn 0.1374 0.9905 -0.0000
vn -0.1374 0.9905 -0.0000
vn 0.9905 -0.1374 -0.0001
vn 0.9905 0.1374 -0.0001
vn -0.8625 -0.5060 -0.0000
vn -0.5060 -0.8625 -0.0000
vn 0.8625 0.5060 -0.0001
vn 0.5060 -0.8625 -0.0000
vn 0.8625 -0.5060 -0.0000
vn -0.1374 -0.9905 -0.0000
vn 0.1374 -0.9905 -0.0000
vn -0.5060 0.8625 -0.0000
vn -0.8625 0.5060 0.0001
vn 0.5060 0.8625 -0.0000
vn -0.9905 -0.1374 0.0001
vn -0.9905 0.1374 0.0001
vn 0.0824 0.3051 0.9488
vn 0.1478 0.2280 0.9624
vn 0.2462 0.1939 0.9496
vn 0.1782 0.2678 0.9469
vn 0.2102 0.0423 0.9767
vn 0.2922 0.0587 0.9545
vn 0.2244 -0.1532 0.9624
vn 0.3020 -0.0838 0.9496
vn 0.1939 -0.2495 0.9488
vn 0.2679 -0.1781 0.9468
vn -0.0598 0.2977 0.9528
vn -0.0438 0.2183 0.9749
vn 0.0439 -0.2183 0.9749
vn 0.0599 -0.2977 0.9528
vn -0.1938 0.2495 0.9488
vn -0.2243 0.1532 0.9624
vn -0.2101 -0.0423 0.9768
vn -0.1477 -0.2280 0.9624
vn -0.0823 -0.3050 0.9488
vn -0.2677 0.1781 0.9469
vn -0.3019 0.0838 0.9497
vn -0.2921 -0.0587 0.9546
vn -0.2461 -0.1939 0.9496
vn -0.1781 -0.2678 0.9469
vn -0.9952 -0.0000 0.0981
vn 0.9952 -0.0000 0.0980
vn 0.3827 -0.0000 0.9239
vn 0.9239 -0.0000 0.3826
vn -0.9239 -0.0000 0.3827
vn -0.3826 -0.0000 0.9239
vn 0.9808 -0.0000 -0.1952
vn 0.1950 -0.0000 -0.9808
vn -0.1952 -0.0000 -0.9808
vn -0.9808 -0.0000 -0.1950
vn 0.9808 -0.0000 -0.1951
vn -0.0001 1.0000 -0.0000
vn -0.0001 -1.0000 -0.0000
vn -0.0002 -1.0000 0.0001
vn -0.0001 1.0000 -0.0001
vn 0.0001 -1.0000 -0.0000
vn -0.0000 -0.9952 0.0980
vn -0.0000 0.9952 0.0980
vn 0.0001 0.3827 0.9239
vn -0.0000 0.7071 0.7071
vn -0.0000 0.9239 0.3827
vn -0.0000 -0.9239 0.3827
vn -0.0000 -0.7071 0.7071
vn 0.0001 -0.3827 0.9239
vn -0.0000 0.9808 -0.1951
vn -0.0001 0.1951 -0.9808
vn -0.0001 -0.1951 -0.9808
vn -0.0000 0.7071 -0.7071
vn -0.0000 -0.9808 -0.1951
vn -0.0000 -0.7071 -0.7071
vn 1.0000 -0.0000 -0.0000
vn -0.9654 0.2257 0.1304
vn -0.9655 0.2257 -0.1302
vn 0.4689 0.7649 0.4416
vn 0.4689 0.7649 -0.4416
vn -0.5187 0.7404 -0.4274
vn -0.5187 0.7404 -0.4275
vn -0.5187 -0.0000 -0.8549
vn -0.9655 -0.0000 -0.2605
vn 0.5186 0.7404 -0.4275
vn 0.5186 -0.0000 -0.8550
vn -0.5777 0.7069 -0.4081
vn -0.5777 -0.0000 -0.8162
vn -0.5777 0.7069 0.4082
vn 0.0001 -0.5000 0.8660
vn -0.0000 -0.5000 -0.8660
vn -0.0000 -0.5000 0.8660
vn -0.0001 0.5000 -0.8660
vn 0.0001 0.5000 0.8660
vn 0.5776 -0.0000 -0.8163
vn 0.5776 -0.7069 -0.4082
vn 0.5777 -0.7069 0.4081
vn 0.5777 -0.0000 0.8162
vn 0.5777 0.7069 0.4081
vn 0.5777 0.7069 -0.4082
vn 0.4689 -0.0000 -0.8833
vn -0.9654 -0.0000 0.2607
vn -0.9655 -0.2257 -0.1302
vn -0.9654 -0.2257 0.1304
vn 0.5187 0.7404 0.4274
vn -0.5187 0.7404 0.4275
vn 0.4690 -0.0000 0.8832
vn -0.5776 -0.0000 0.8163
vn 0.5188 -0.0000 0.8549
vn -0.5186 -0.0000 0.8550
vn 0.4689 -0.7649 0.4416
vn -0.5776 -0.7069 0.4082
vn 0.5187 -0.7404 0.4274
vn -0.5187 -0.7404 0.4275
vn 0.4689 -0.7649 -0.4417
vn 0.4689 -0.7649 -0.4416
vn -0.5777 -0.7069 -0.4081
vn 0.5187 -0.7404 -0.4275
vn -0.5187 -0.7404 -0.4275
vn -0.5187 -0.7404 -0.4274
vn -0.0000 -0.8660 -0.5000
vn -0.0000 0.8660 0.5000
vn -0.0001 -0.5000 -0.8660
vn -0.0000 -0.8660 0.5000
vn -0.0000 0.8660 -0.5000
vn 0.9655 0.2257 0.1302
vn 0.9654 0.2257 -0.1304
vn -0.4689 0.7649 0.4417
vn -0.4690 0.7649 -0.4416
vn -0.4689 0.7649 0.4416
vn 0.5187 0.7404 -0.4275
vn 0.9654 -0.0000 -0.2607
vn 0.5777 -0.0000 -0.8163
vn -0.5777 -0.7069 0.4082
vn -0.4690 -0.0000 -0.8832
vn 0.9655 -0.0000 0.2606
vn 0.9654 -0.2257 -0.1304
vn 0.9655 -0.2257 0.1302
vn 0.5187 0.7404 0.4275
vn -0.4688 -0.0000 0.8833
vn 0.5187 -0.0000 0.8549
vn -0.4689 -0.7649 0.4417
vn 0.5187 -0.7404 0.4275
vn -0.4690 -0.7649 -0.4416
vn 0.5777 -0.7069 -0.4082
vn 0.5186 -0.7404 -0.4275
vn -0.1944 -0.7258 0.6599
vn 0.1945 -0.7258 0.6599
vn 0.0231 -0.0858 0.9960
vn -0.0229 -0.0858 0.9960
vn 0.5313 -0.5313 0.6598
vn 0.0629 -0.0628 0.9960
vn -0.4763 0.4764 0.7390
vn -0.1743 0.6508 0.7390
vn 0.1744 0.6508 0.7390
vn -0.2588 0.9659 -0.0000
vn 0.2588 0.9659 -0.0000
vn -0.7071 0.7071 -0.0000
vn -0.4764 0.4764 -0.7390
vn -0.1744 0.6508 -0.7390
vn 0.1743 0.6508 -0.7390
vn 0.0229 -0.0858 -0.9960
vn -0.0231 -0.0858 -0.9960
vn 0.0628 -0.0628 -0.9961
vn 0.7071 -0.7071 -0.0000
vn 0.9659 -0.2588 -0.0001
vn 0.7258 -0.1945 0.6599
vn 0.2588 -0.9659 -0.0000
vn 0.7335 0.6797 -0.0000
vn 0.5492 0.5062 0.6649
vn 0.7259 0.1925 0.6603
vn 0.9665 0.2565 -0.0001
vn -0.5313 -0.5313 -0.6598
vn -0.1945 -0.7258 -0.6599
vn -0.2588 -0.9659 -0.0000
vn -0.7071 -0.7071 -0.0000
vn 0.5313 -0.5313 -0.6599
vn 0.1944 -0.7258 -0.6599
vn 0.0858 -0.0230 0.9960
vn -0.6507 0.1743 0.7390
vn -0.9659 0.2587 0.0001
vn -0.6508 0.1743 -0.7390
vn 0.0857 -0.0230 -0.9961
vn -0.4066 0.6012 -0.6879
vn -0.5492 0.5062 -0.6649
vn -0.7335 0.6797 -0.0000
vn -0.5588 0.8293 -0.0000
vn 0.7257 -0.1945 -0.6599
vn 0.0849 0.0222 0.9961
vn -0.6516 -0.1732 0.7385
vn -0.9664 -0.2569 0.0001
vn -0.6517 -0.1732 -0.7384
vn 0.0848 0.0222 -0.9961
vn -0.0599 0.0502 0.9969
vn -0.0848 0.0222 0.9961
vn 0.6517 -0.1732 0.7384
vn 0.4964 -0.4643 0.7335
vn 0.7258 0.1925 -0.6604
vn 0.0600 0.0502 0.9969
vn -0.4963 -0.4643 0.7335
vn -0.7317 -0.6816 -0.0000
vn -0.4964 -0.4643 -0.7335
vn 0.0599 0.0502 -0.9969
vn 0.5588 0.8293 -0.0000
vn 0.4066 0.6012 0.6879
vn -0.7259 0.1925 -0.6603
vn -0.7258 -0.1945 -0.6599
vn -0.9659 -0.2589 0.0001
vn -0.9665 0.2565 0.0001
vn 0.5491 0.5062 -0.6650
vn 0.0528 0.0158 0.9985
vn -0.2764 -0.6215 0.7330
vn -0.4002 -0.9164 -0.0000
vn -0.2765 -0.6215 -0.7330
vn 0.0527 0.0158 -0.9985
vn -0.5491 0.5062 0.6650
vn -0.4065 0.6012 0.6880
vn 0.4065 0.6012 -0.6880
vn -0.8402 0.5422 0.0001
vn -0.5764 0.4467 0.6843
vn -0.0527 0.0158 0.9985
vn 0.2765 -0.6215 0.7330
vn -0.1148 -0.0099 0.9933
vn 0.1139 -0.9935 -0.0000
vn 0.4002 -0.9164 -0.0000
vn 0.2764 -0.6215 -0.7330
vn 0.0830 -0.6573 -0.7490
vn 0.4963 -0.4643 -0.7335
vn -0.0600 0.0502 -0.9969
vn -0.0528 0.0158 -0.9985
vn -0.7258 0.1925 0.6604
vn -0.1149 -0.0099 -0.9933
vn -0.1139 -0.9935 -0.0000
vn -0.0830 -0.6573 0.7490
vn 0.0831 -0.6573 0.7490
vn 0.8402 0.5422 -0.0001
vn 0.5765 0.4467 0.6842
vn 0.1149 -0.0099 0.9933
vn -0.5765 0.4467 -0.6842
vn -0.0831 -0.6573 -0.7490
vn 0.1148 -0.0099 -0.9933
vn 0.7317 -0.6816 -0.0000
vn 0.9664 -0.2569 -0.0001
vn 0.6516 -0.1732 -0.7385
vn -0.0849 0.0223 -0.9961
vn -0.7257 -0.1945 0.6599
vn -0.0857 -0.0230 0.9961
vn 0.9659 0.2587 -0.0001
vn 0.6507 0.1743 -0.7390
vn 0.6508 0.1743 0.7390
vn -0.0858 -0.0230 -0.9960
vn -0.5313 -0.5313 0.6599
vn -0.0628 -0.0628 0.9961
vn 0.4764 0.4764 0.7390
vn 0.7071 0.7071 -0.0000
vn 0.4763 0.4764 -0.7390
vn -0.0629 -0.0628 -0.9960
vn -0.8093 0.2404 0.5360
vn -0.9309 0.2180 0.2931
vn -0.3701 0.1785 0.9117
vn -0.5968 0.1096 0.7949
vn -0.3702 0.1785 -0.9116
vn 0.3701 0.1785 -0.9117
vn 0.5764 0.4467 -0.6843
vn 0.5808 0.1071 0.8070
vn -0.5807 0.1071 0.8071
vn 0.5969 0.1096 0.7948
vn -0.5969 0.1096 -0.7948
vn -0.5808 0.1071 -0.8070
vn 0.5807 0.1071 -0.8071
vn 0.5968 0.1096 -0.7949
vn 0.8093 0.2404 -0.5360
vn 0.9309 0.2180 -0.2931
vn 0.3702 0.1785 0.9116
vn 0.9936 0.1134 -0.0001
vn 0.4570 0.5023 -0.7341
vn 0.5701 0.8216 -0.0000
vn 0.4571 0.5023 0.7340
vn -0.4570 0.5023 0.7341
vn -0.4571 0.5023 -0.7340
vn -0.5701 0.8216 -0.0000
vn -0.9992 0.0412 0.0001
vn -0.9936 0.1134 0.0001
vn 0.9992 0.0412 -0.0001
vn -0.8093 0.2404 -0.5359
vn -0.9309 0.2180 -0.2930
vn 0.8093 0.2404 0.5359
vn 0.9309 0.2180 0.2930
vn -0.9878 0.1557 0.0001
vn 0.9878 0.1557 -0.0001
vn 0.6859 0.6095 -0.3976
vn -0.0000 0.6085 0.7935
vn 0.6860 0.6095 0.3973
vn -0.0001 0.6084 -0.7936
vn -0.6859 0.6095 0.3974
vn -0.6860 0.6095 -0.3975
vn -0.0000 -0.6085 0.7935
vn 0.6859 -0.6095 -0.3975
vn 0.6860 -0.6095 0.3973
vn -0.0001 -0.6084 -0.7936
vn -0.6859 -0.6095 0.3974
vn -0.6860 -0.6095 -0.3974
vn 0.8474 0.0726 0.5260
vn 0.0001 0.1362 0.9907
vn 0.8831 -0.0580 -0.4655
vn -0.0001 -0.1231 -0.9924
vn -0.8832 -0.0580 -0.4654
vn -0.8473 0.0726 0.5261
vn 0.8315 0.2801 0.4798
vn 0.0001 0.5036 0.8639
vn 0.9027 -0.2132 -0.3736
vn -0.0001 -0.4949 -0.8690
vn -0.9028 -0.2132 -0.3735
vn -0.8314 0.2801 0.4799
vn 0.8303 0.4827 0.2786
vn 0.9016 -0.3745 -0.2163
vn -0.9017 -0.3745 -0.2162
vn -0.8303 0.4827 0.2787
vn 0.8303 0.5573 -0.0001
vn 0.9016 -0.4325 -0.0001
vn -0.9016 -0.4325 0.0001
vn -0.8303 0.5573 0.0001
vn 0.8303 0.4827 -0.2787
vn 0.9017 -0.3745 0.2162
vn -0.9016 -0.3745 0.2163
vn -0.8303 0.4827 -0.2786
vn 0.8314 0.2801 -0.4799
vn -0.0000 0.5036 -0.8639
vn 0.9028 -0.2132 0.3735
vn -0.0000 -0.4949 0.8690
vn -0.9027 -0.2132 0.3736
vn -0.8315 0.2802 -0.4798
vn 0.8469 0.0718 -0.5269
vn -0.0001 0.1347 -0.9909
vn 0.8828 -0.0589 0.4660
vn 0.0001 -0.1248 0.9922
vn -0.8828 -0.0589 0.4661
vn -0.8470 0.0718 -0.5268
vn 0.8469 -0.0718 -0.5269
vn -0.0001 -0.1347 -0.9909
vn 0.8828 0.0589 0.4660
vn 0.0001 0.1248 0.9922
vn -0.8828 0.0589 0.4661
vn -0.8470 -0.0718 -0.5268
vn 0.8314 -0.2801 -0.4799
vn -0.0001 -0.5036 -0.8639
vn 0.9028 0.2132 0.3735
vn -0.0000 0.4949 0.8690
vn -0.9027 0.2132 0.3736
vn -0.8315 -0.2801 -0.4798
vn 0.8303 -0.4827 -0.2787
vn 0.9017 0.3745 0.2162
vn -0.9016 0.3745 0.2163
vn -0.8303 -0.4827 -0.2786
vn 0.8303 -0.5573 -0.0001
vn 0.9016 0.4325 -0.0001
vn -0.9016 0.4325 0.0001
vn -0.8303 -0.5573 0.0001
vn 0.8303 -0.4827 0.2786
vn 0.9016 0.3745 -0.2163
vn -0.9017 0.3745 -0.2162
vn -0.8303 -0.4827 0.2787
vn 0.8315 -0.2801 0.4798
vn 0.0001 -0.5036 0.8639
vn 0.9027 0.2132 -0.3736
vn -0.0001 0.4949 -0.8689
vn -0.9028 0.2132 -0.3735
vn -0.8314 -0.2801 0.4799
vn 0.8474 -0.0726 0.5260
vn 0.0001 -0.1362 0.9907
vn 0.8831 0.0580 -0.4655
vn -0.0001 0.1230 -0.9924
vn -0.8832 0.0580 -0.4654
vn -0.8473 -0.0726 0.5261
vn -0.0090 -0.0039 1.0000
vn -0.0090 0.0039 1.0000
vn -0.9929 -0.1193 0.0001
vn -0.9929 0.1193 0.0001
vn -0.0092 0.0039 -1.0000
vn -0.0092 -0.0039 -1.0000
vn 0.9918 -0.1282 -0.0001
vn 0.9918 0.1282 -0.0001
vn 0.8670 0.4983 -0.0001
vn 0.0611 0.0403 0.9973
vn -0.8718 -0.4899 0.0001
vn 0.0610 0.0403 -0.9973
vn 0.0353 0.0611 -0.9975
vn 0.0355 0.0611 0.9975
vn -0.4998 -0.8662 -0.0000
vn -0.0001 0.0706 -0.9975
vn 0.0001 0.0706 0.9975
vn -0.0353 0.0611 0.9975
vn 0.4998 -0.8662 -0.0000
vn -0.0355 0.0611 -0.9975
vn -0.0611 0.0403 -0.9973
vn -0.8670 0.4983 0.0001
vn -0.0610 0.0403 0.9973
vn 0.8718 -0.4899 -0.0001
vn 0.0090 0.0039 -1.0000
vn -0.9918 0.1282 0.0001
vn 0.0090 -0.0039 -1.0000
vn -0.9918 -0.1282 0.0001
vn 0.9929 -0.1193 -0.0001
vn 0.0092 0.0039 1.0000
vn 0.0092 -0.0039 1.0000
vn 0.9929 0.1193 -0.0001
vn -0.0611 -0.0403 -0.9973
vn -0.8670 -0.4983 0.0001
vn -0.0610 -0.0403 0.9973
vn 0.8718 0.4899 -0.0001
vn -0.0355 -0.0611 -0.9975
vn -0.0353 -0.0611 0.9975
vn 0.4998 0.8662 -0.0000
vn -0.0001 -0.0706 -0.9975
vn 0.0001 -0.0706 0.9975
vn 0.0353 -0.0611 -0.9975
vn 0.0354 -0.0611 0.9975
vn -0.4998 0.8662 -0.0000
vn 0.0610 -0.0403 -0.9973
vn 0.8670 -0.4983 -0.0001
vn 0.0611 -0.0403 0.9973
vn -0.8718 0.4899 0.0001
vn -0.0354 0.0611 -0.9975
vn 0.0355 -0.0611 0.9975
vn 0.0354 0.0611 0.9975
vn 1.0000 -0.0039 0.0090
vn 1.0000 0.0039 0.0090
vn 0.0001 -0.1193 0.9929
vn 0.0001 0.1193 0.9929
vn -1.0000 0.0039 0.0092
vn -1.0000 -0.0039 0.0092
vn -0.0001 -0.1282 -0.9918
vn -0.0001 0.1282 -0.9918
vn -0.0001 0.4983 -0.8670
vn 0.9973 0.0403 -0.0611
vn 0.0001 -0.4899 0.8718
vn -0.9973 0.0403 -0.0610
vn -0.9975 0.0611 -0.0353
vn 0.9975 0.0611 -0.0355
vn -0.0000 -0.8662 0.4998
vn -0.9975 0.0706 0.0001
vn 0.9975 0.0706 -0.0001
vn 0.9975 0.0611 0.0353
vn -0.0000 -0.8662 -0.4998
vn -0.9975 0.0611 0.0355
vn -0.9973 0.0403 0.0611
vn 0.0001 0.4983 0.8670
vn 0.9973 0.0403 0.0610
vn -0.0001 -0.4899 -0.8718
vn -1.0000 0.0039 -0.0090
vn 0.0001 0.1282 0.9918
vn -1.0000 -0.0039 -0.0090
vn 0.0001 -0.1282 0.9918
vn -0.0001 -0.1193 -0.9929
vn 1.0000 0.0039 -0.0092
vn 1.0000 -0.0039 -0.0092
vn -0.0001 0.1193 -0.9929
vn -0.9973 -0.0403 0.0611
vn 0.0001 -0.4983 0.8670
vn 0.9973 -0.0403 0.0610
vn -0.0000 0.4899 -0.8718
vn -0.9975 -0.0611 0.0355
vn 0.9975 -0.0611 0.0353
vn -0.0000 0.8662 -0.4998
vn -0.9975 -0.0706 0.0001
vn 0.9975 -0.0706 -0.0001
vn -0.9975 -0.0611 -0.0353
vn 0.9975 -0.0611 -0.0355
vn -0.0000 0.8662 0.4998
vn -0.9973 -0.0403 -0.0610
vn -0.0001 -0.4983 -0.8670
vn 0.9973 -0.0403 -0.0611
vn 0.0001 0.4899 0.8718
vn -0.0001 0.4899 -0.8718
vn 0.9975 0.0611 -0.0354
vn -0.9975 0.0611 0.0354
vn 0.8977 -0.2956 -0.3268
vn 0.9397 -0.0000 -0.3421
vn 0.9553 -0.2956 -0.0001
vn 0.7319 -0.2956 0.6140
vn 0.7661 -0.0000 0.6427
vn 0.4777 -0.2956 0.8273
vn 0.1737 -0.0000 0.9848
vn 0.1659 -0.2956 0.9408
vn -0.1736 -0.0000 0.9848
vn -0.1658 -0.2956 0.9408
vn -0.4776 -0.2956 0.8274
vn -0.7660 -0.0000 0.6428
vn -0.7318 -0.2956 0.6141
vn -0.9397 -0.0000 0.3421
vn -0.8977 -0.2956 0.3268
vn -0.9553 -0.2956 0.0001
vn -0.9397 -0.0000 -0.3420
vn -0.8977 -0.2956 -0.3267
vn -0.7661 -0.0000 -0.6427
vn -0.7319 -0.2956 -0.6140
vn -0.4777 -0.2956 -0.8273
vn -0.1737 -0.0000 -0.9848
vn -0.1659 -0.2956 -0.9408
vn 0.1736 -0.0000 -0.9848
vn 0.1658 -0.2956 -0.9408
vn 0.4776 -0.2956 -0.8274
vn 0.7660 -0.0000 -0.6428
vn 0.7318 -0.2956 -0.6141
vn 0.8977 -0.2956 0.3267
vn 0.9397 -0.0000 0.3420
vn 0.6701 -0.7011 0.2438
vn 0.7131 -0.7011 -0.0000
vn 0.5387 -0.8194 0.1960
vn 0.5733 -0.8194 -0.0000
vn 0.5463 -0.7011 0.4583
vn 0.4392 -0.8194 0.3685
vn 0.3566 -0.7011 0.6175
vn 0.2867 -0.8194 0.4964
vn 0.1239 -0.7011 0.7022
vn 0.0996 -0.8194 0.5646
vn -0.1238 -0.7011 0.7022
vn -0.0995 -0.8194 0.5646
vn -0.3565 -0.7011 0.6176
vn -0.2866 -0.8194 0.4965
vn -0.5462 -0.7011 0.4584
vn -0.4391 -0.8194 0.3685
vn -0.6700 -0.7011 0.2439
vn -0.5387 -0.8194 0.1961
vn -0.7131 -0.7011 -0.0000
vn -0.5733 -0.8194 -0.0000
vn -0.6701 -0.7011 -0.2438
vn -0.5387 -0.8194 -0.1960
vn -0.5463 -0.7011 -0.4583
vn -0.4392 -0.8194 -0.3685
vn -0.3566 -0.7011 -0.6175
vn -0.2867 -0.8194 -0.4964
vn -0.1239 -0.7011 -0.7022
vn -0.0996 -0.8194 -0.5646
vn 0.1238 -0.7011 -0.7022
vn 0.0995 -0.8194 -0.5646
vn 0.3565 -0.7011 -0.6176
vn 0.2866 -0.8194 -0.4965
vn 0.5462 -0.7011 -0.4584
vn 0.4391 -0.8194 -0.3685
vn 0.6700 -0.7011 -0.2439
vn 0.5387 -0.8194 -0.1961
vn 0.0858 -0.9958 0.0312
vn 0.0913 -0.9958 -0.0000
vn 0.0700 -0.9958 0.0587
vn 0.0457 -0.9958 0.0791
vn 0.0159 -0.9958 0.0900
vn -0.0159 -0.9958 0.0900
vn -0.0457 -0.9958 0.0791
vn -0.0700 -0.9958 0.0587
vn -0.0858 -0.9958 0.0312
vn -0.0913 -0.9958 -0.0000
vn -0.0858 -0.9958 -0.0312
vn -0.0700 -0.9958 -0.0587
vn -0.0457 -0.9958 -0.0791
vn -0.0159 -0.9958 -0.0900
vn 0.0159 -0.9958 -0.0900
vn 0.0457 -0.9958 -0.0791
vn 0.0700 -0.9958 -0.0587
vn 0.0858 -0.9958 -0.0312
vn 0.1305 -0.9914 0.0109
vn 0.2820 -0.9594 0.0037
vn 0.0734 -0.0575 0.9956
vn 0.0347 -0.0573 0.9978
vn -0.0181 -0.0593 -0.9981
vn -0.0335 -0.0755 -0.9966
vn -0.1286 0.9916 0.0127
vn -0.2797 0.9598 0.0219
vn 0.5678 -0.8228 -0.0227
vn 0.1426 -0.0291 0.9893
vn -0.0594 -0.0924 -0.9939
vn -0.5658 0.8233 0.0456
vn 0.7863 -0.6148 -0.0612
vn 0.1807 0.0202 0.9833
vn -0.0822 -0.0992 -0.9917
vn -0.7853 0.6144 0.0765
vn 0.9092 -0.4050 -0.0968
vn 0.1870 0.0610 0.9805
vn -0.1018 -0.1004 -0.9897
vn -0.9086 0.4044 0.1042
vn 0.9640 -0.2362 -0.1224
vn 0.1797 0.0814 0.9804
vn -0.1155 -0.0978 -0.9885
vn -0.9639 0.2356 0.1237
vn 0.9840 -0.1120 -0.1386
vn 0.1706 0.0852 0.9816
vn -0.1242 -0.0908 -0.9881
vn -0.9844 0.1115 0.1359
vn 0.9887 -0.0223 -0.1483
vn 0.1637 0.0782 0.9834
vn -0.1301 -0.0791 -0.9883
vn -0.9895 0.0217 0.1427
vn 0.9871 0.0429 -0.1539
vn 0.1595 0.0640 0.9851
vn -0.1350 -0.0630 -0.9888
vn -0.9883 -0.0435 0.1461
vn 0.9834 0.0909 -0.1570
vn 0.1578 0.0445 0.9865
vn -0.1397 -0.0429 -0.9893
vn -0.9849 -0.0914 0.1472
vn 0.9792 0.1265 -0.1584
vn 0.1581 0.0207 0.9872
vn -0.1447 -0.0190 -0.9893
vn -0.9810 -0.1268 0.1468
vn 0.9754 0.1528 -0.1589
vn 0.1602 -0.0070 0.9871
vn -0.1504 0.0085 -0.9886
vn -0.9775 -0.1528 0.1456
vn 0.9733 0.1702 -0.1539
vn 0.1612 -0.0274 0.9865
vn -0.1557 0.0283 -0.9874
vn -0.9741 -0.1700 0.1491
vn 0.9726 0.1781 -0.1492
vn 0.1594 -0.0288 0.9868
vn -0.1578 0.0291 -0.9870
vn -0.9720 -0.1782 0.1529
vn 0.9723 0.1797 -0.1496
vn 0.1573 -0.0218 0.9873
vn -0.1575 0.0218 -0.9873
vn -0.9718 -0.1798 0.1524
vn 0.9726 0.1777 -0.1500
vn 0.1556 -0.0164 0.9877
vn -0.1572 0.0161 -0.9874
vn -0.9722 -0.1778 0.1522
vn 0.9734 0.1728 -0.1503
vn 0.1542 -0.0119 0.9880
vn -0.1570 0.0114 -0.9875
vn -0.9731 -0.1728 0.1522
vn 0.9747 0.1650 -0.1507
vn 0.1529 -0.0081 0.9882
vn -0.1570 0.0074 -0.9876
vn -0.9744 -0.1650 0.1524
vn 0.9764 0.1542 -0.1511
vn 0.1516 -0.0045 0.9884
vn -0.1571 0.0036 -0.9876
vn -0.9762 -0.1542 0.1527
vn 0.9785 0.1399 -0.1515
vn 0.1502 -0.0010 0.9886
vn -0.1575 -0.0000 -0.9875
vn -0.9783 -0.1399 0.1530
vn 0.9810 0.1211 -0.1518
vn 0.1486 0.0025 0.9889
vn -0.1581 -0.0037 -0.9874
vn -0.9807 -0.1211 0.1534
vn 0.9837 0.0965 -0.1520
vn 0.1467 0.0065 0.9892
vn -0.1592 -0.0077 -0.9872
vn -0.9834 -0.0964 0.1538
vn 0.9864 0.0634 -0.1519
vn 0.1441 0.0112 0.9895
vn -0.1610 -0.0123 -0.9869
vn -0.9860 -0.0633 0.1541
vn 0.9883 0.0176 -0.1512
vn 0.1405 0.0172 0.9899
vn -0.1642 -0.0176 -0.9863
vn -0.9879 -0.0176 0.1540
vn 0.9886 -0.0090 -0.1504
vn 0.1368 0.0208 0.9904
vn -0.1677 -0.0204 -0.9856
vn -0.9880 0.0092 0.1539
vn -0.9109 0.4126 0.0001
vn -0.6287 0.7777 -0.0000
vn -0.1774 0.9841 -0.0000
vn 0.9109 0.4126 -0.0001
vn 0.6287 0.7777 -0.0000
vn 0.1774 0.9841 -0.0000
vn -0.0012 -0.1951 -0.9808
vn -0.9904 0.1379 0.0001
vn -1.0000 -0.0060 0.0001
vn 0.9978 0.0661 -0.0001
vn 0.9779 0.2090 -0.0001
vn 0.9158 -0.4016 -0.0001
vn 0.6298 -0.7768 -0.0000
vn 0.1669 -0.9860 -0.0000
vn -0.9161 -0.4009 0.0001
vn -0.6298 -0.7768 -0.0000
vn -0.1669 -0.9860 -0.0000
vn 0.9906 -0.1371 -0.0001
vn 1.0000 0.0077 -0.0001
vn -0.9978 -0.0659 0.0001
vn -0.9781 -0.2083 0.0001
vn 0.0060 -1.0000 -0.0000
vn 1.0000 -0.0060 -0.0001
vn -0.0011 -0.1951 0.9808
vn -1.0000 0.0065 0.0001
vn -0.0059 -0.9808 -0.1951
vn -0.0043 -0.7072 -0.7070
vn -0.0043 -0.7071 -0.7071
vn -0.0042 -0.7072 0.7070
vn -0.0042 -0.7071 0.7071
vn -0.0059 -0.9808 0.1951
vn 0.4031 -0.9152 -0.0000
vn 0.7189 -0.6952 -0.0000
vn 0.6641 -0.6952 0.2751
vn 0.3724 -0.9152 0.1543
vn 0.9273 -0.3744 -0.0000
vn 0.9989 0.0468 -0.0000
vn 0.9229 0.0468 0.3823
vn 0.8567 -0.3744 0.3549
vn 0.6421 0.4187 0.6421
vn 0.6252 0.4671 0.6252
vn 0.3384 0.4671 0.8169
vn 0.3475 0.4187 0.8390
vn 0.9081 0.4187 -0.0000
vn 0.8390 0.4187 0.3475
vn 0.7063 0.0468 0.7063
vn 0.6557 -0.3744 0.6557
vn 0.9230 0.0425 0.3823
vn 0.9991 0.0425 -0.0000
vn 0.9152 0.4029 -0.0000
vn 0.8456 0.4029 0.3502
vn 0.2850 -0.9152 0.2850
vn 0.5083 -0.6952 0.5083
vn 0.1543 -0.9152 0.3724
vn 0.3549 -0.3744 0.8567
vn 0.2751 -0.6952 0.6641
vn 0.3823 0.0468 0.9229
vn 0.3823 0.0425 0.9230
vn 0.7065 0.0425 0.7065
vn 0.6472 0.4029 0.6472
vn 0.3502 0.4029 0.8456
vn -0.0000 0.4187 0.9081
vn -0.0000 0.0468 0.9989
vn -0.0000 -0.6952 0.7189
vn -0.0000 -0.9152 0.4031
vn -0.0000 -0.3744 0.9273
vn -0.0000 0.0425 0.9991
vn -0.0000 0.4029 0.9152
vn -0.2751 -0.6952 0.6641
vn -0.1543 -0.9152 0.3724
vn -0.3823 0.0468 0.9229
vn -0.3549 -0.3744 0.8567
vn -0.3823 0.0425 0.9230
vn -0.3502 0.4029 0.8456
vn -0.3475 0.4187 0.8390
vn -0.7065 0.0425 0.7065
vn -0.6472 0.4029 0.6472
vn -0.2850 -0.9152 0.2850
vn -0.6557 -0.3744 0.6557
vn -0.5083 -0.6952 0.5083
vn -0.6421 0.4187 0.6421
vn -0.7063 0.0468 0.7063
vn -0.3724 -0.9152 0.1543
vn -0.8567 -0.3744 0.3549
vn -0.6641 -0.6952 0.2751
vn -0.8390 0.4187 0.3475
vn -0.9229 0.0468 0.3823
vn -0.9230 0.0425 0.3823
vn -0.8456 0.4029 0.3502
vn -0.7189 -0.6952 -0.0000
vn -0.4031 -0.9152 -0.0000
vn -0.9989 0.0468 -0.0000
vn -0.9273 -0.3744 -0.0000
vn -0.9991 0.0425 -0.0000
vn -0.9152 0.4029 -0.0000
vn -0.9081 0.4187 -0.0000
vn -0.6641 -0.6952 -0.2751
vn -0.3724 -0.9152 -0.1543
vn -0.9229 0.0468 -0.3823
vn -0.8567 -0.3744 -0.3549
vn -0.9230 0.0425 -0.3823
vn -0.8456 0.4029 -0.3502
vn -0.0000 0.4671 0.8842
vn -0.3384 0.4671 0.8169
vn -0.8390 0.4187 -0.3475
vn -0.8842 0.4671 -0.0000
vn -0.8169 0.4671 -0.3384
vn -0.3475 0.4187 -0.8390
vn -0.3384 0.4671 -0.8169
vn -0.0000 0.4671 -0.8842
vn -0.0000 0.4187 -0.9081
vn -0.2850 -0.9152 -0.2850
vn -0.6557 -0.3744 -0.6557
vn -0.5083 -0.6952 -0.5083
vn -0.6421 0.4187 -0.6421
vn -0.7063 0.0468 -0.7063
vn -0.7065 0.0425 -0.7065
vn -0.6472 0.4029 -0.6472
vn -0.3549 -0.3744 -0.8567
vn -0.2751 -0.6952 -0.6641
vn -0.3823 0.0468 -0.9229
vn 0.3384 0.4671 -0.8169
vn 0.3475 0.4187 -0.8390
vn -0.1542 -0.9152 -0.3724
vn -0.3823 0.0425 -0.9230
vn -0.3502 0.4029 -0.8456
vn -0.8169 0.4671 0.3384
vn -0.0000 -0.6952 -0.7189
vn -0.0000 -0.9152 -0.4031
vn -0.0000 0.0468 -0.9989
vn -0.0000 -0.3744 -0.9273
vn -0.0000 0.0425 -0.9991
vn -0.0000 0.4029 -0.9152
vn 0.8842 0.4671 -0.0000
vn 0.8169 0.4671 0.3384
vn 0.3823 0.0468 -0.9229
vn 0.3549 -0.3744 -0.8567
vn 0.3823 0.0425 -0.9230
vn 0.3503 0.4029 -0.8456
vn 0.8390 0.4187 -0.3475
vn 0.8169 0.4671 -0.3384
vn 0.1542 -0.9152 -0.3724
vn 0.2751 -0.6952 -0.6641
vn 0.2850 -0.9152 -0.2850
vn 0.6557 -0.3744 -0.6557
vn 0.5083 -0.6952 -0.5083
vn 0.6421 0.4187 -0.6421
vn 0.7063 0.0468 -0.7063
vn -0.6252 0.4671 -0.6252
vn 0.7065 0.0425 -0.7065
vn 0.6472 0.4029 -0.6472
vn -0.6252 0.4671 0.6252
vn 0.9229 0.0468 -0.3823
vn 0.6641 -0.6952 -0.2751
vn 0.3724 -0.9152 -0.1543
vn 0.8567 -0.3744 -0.3549
vn 0.9230 0.0425 -0.3823
vn 0.8456 0.4029 -0.3502
vn 0.6252 0.4671 -0.6252
vn 0.3796 0.9251 -0.0000
vn 0.3507 0.9251 0.1453
vn 0.2684 0.9251 0.2684
vn 0.1453 0.9251 0.3507
vn -0.0000 0.9251 0.3796
vn -0.1453 0.9251 0.3507
vn -0.2684 0.9251 0.2684
vn -0.3507 0.9251 0.1453
vn -0.3796 0.9251 -0.0000
vn -0.3507 0.9251 -0.1453
vn -0.2684 0.9251 -0.2684
vn -0.1453 0.9251 -0.3507
vn -0.0000 0.9251 -0.3796
vn 0.1453 0.9251 -0.3507
vn 0.2684 0.9251 -0.2684
vn 0.3507 0.9251 -0.1453
vn 0.6880 0.2309 0.6880
vn 0.8989 0.2309 0.3723
vn 0.3723 0.2309 0.8989
vn -0.0000 0.2309 0.9730
vn -0.3723 0.2309 0.8989
vn -0.6880 0.2309 0.6880
vn -0.8989 0.2309 0.3723
vn -0.9730 0.2309 -0.0000
vn -0.8989 0.2309 -0.3723
vn -0.6880 0.2309 -0.6880
vn -0.3723 0.2309 -0.8989
vn -0.0000 0.2309 -0.9730
vn 0.3723 0.2309 -0.8989
vn 0.6880 0.2309 -0.6880
vn 0.8989 0.2309 -0.3723
vn 0.9730 0.2309 -0.0000
vn -0.0000 0.6561 -0.7547
vn 0.1953 0.6561 -0.7290
vn -0.7290 0.6561 0.1953
vn -0.7547 0.6561 -0.0000
vn 0.3773 0.6561 0.6536
vn 0.1953 0.6561 0.7290
vn 0.3773 0.6561 -0.6536
vn -0.7290 0.6561 -0.1953
vn -0.0000 0.6561 0.7547
vn 0.5336 0.6561 -0.5336
vn -0.6536 0.6561 -0.3773
vn -0.1953 0.6561 0.7290
vn 0.6536 0.6561 -0.3773
vn -0.5336 0.6561 -0.5336
vn -0.3773 0.6561 0.6536
vn 0.7290 0.6561 -0.1953
vn 0.7547 0.6561 -0.0000
vn 0.7290 0.6561 0.1953
vn -0.3773 0.6561 -0.6536
vn -0.5336 0.6561 0.5336
vn 0.6536 0.6561 0.3773
vn -0.1953 0.6561 -0.7290
vn -0.6536 0.6561 0.3773
vn 0.5336 0.6561 0.5336
vn 0.4952 -0.7139 0.4952
vn 0.6064 -0.7139 0.3501
vn -0.0000 -0.7139 -0.7003
vn -0.1812 -0.7139 -0.6764
vn -0.6764 -0.7139 0.1812
vn -0.6064 -0.7139 0.3501
vn 0.3501 -0.7139 0.6064
vn 0.1812 -0.7139 -0.6764
vn -0.7003 -0.7139 -0.0000
vn 0.1812 -0.7139 0.6764
vn 0.3501 -0.7139 -0.6064
vn -0.6764 -0.7139 -0.1812
vn -0.0000 -0.7139 0.7003
vn 0.4952 -0.7139 -0.4952
vn -0.6064 -0.7139 -0.3501
vn -0.1812 -0.7139 0.6764
vn 0.6064 -0.7139 -0.3501
vn -0.4952 -0.7139 -0.4952
vn -0.3501 -0.7139 0.6064
vn 0.6764 -0.7139 -0.1812
vn 0.6764 -0.7139 0.1812
vn 0.7003 -0.7139 -0.0000
vn -0.3501 -0.7139 -0.6064
vn -0.4952 -0.7139 0.4952
vn -0.8660 0.0022 0.5000
vn -0.7071 0.0022 0.7071
vn -0.6284 -0.6882 0.3628
vn -0.5131 -0.6882 0.5130
vn -0.8659 -0.0137 0.5000
vn -0.7070 -0.0137 0.7070
vn -0.6244 -0.6929 0.3605
vn -0.5098 -0.6929 0.5098
vn -0.8657 -0.0287 0.4998
vn -0.7068 -0.0287 0.7068
vn -0.6203 -0.6979 0.3581
vn -0.5064 -0.6979 0.5065
vn -0.8652 -0.0428 0.4995
vn -0.7065 -0.0428 0.7065
vn -0.6159 -0.7030 0.3556
vn -0.5029 -0.7030 0.5029
vn -0.8647 -0.0561 0.4992
vn -0.7060 -0.0561 0.7060
vn -0.6113 -0.7083 0.3529
vn -0.4991 -0.7083 0.4991
vn -0.8640 -0.0686 0.4988
vn -0.7054 -0.0686 0.7054
vn -0.2588 0.0022 -0.9659
vn -0.5000 0.0022 -0.8660
vn -0.1878 -0.6882 -0.7008
vn -0.3628 -0.6882 -0.6284
vn -0.2588 -0.0137 -0.9658
vn -0.5000 -0.0137 -0.8659
vn -0.1866 -0.6929 -0.6964
vn -0.3605 -0.6929 -0.6244
vn -0.2587 -0.0287 -0.9655
vn -0.4998 -0.0287 -0.8657
vn -0.1854 -0.6979 -0.6918
vn -0.3581 -0.6979 -0.6203
vn -0.2586 -0.0428 -0.9650
vn -0.4995 -0.0428 -0.8652
vn -0.1841 -0.7030 -0.6870
vn -0.3556 -0.7030 -0.6159
vn -0.2584 -0.0561 -0.9644
vn -0.4992 -0.0561 -0.8647
vn -0.1827 -0.7083 -0.6818
vn -0.3529 -0.7083 -0.6113
vn -0.2582 -0.0686 -0.9636
vn -0.4988 -0.0686 -0.8640
vn 0.8660 0.0022 0.5000
vn 0.9659 0.0022 0.2588
vn 0.6284 -0.6882 0.3628
vn 0.7008 -0.6882 0.1878
vn 0.8659 -0.0137 0.5000
vn 0.9658 -0.0137 0.2588
vn 0.6244 -0.6929 0.3605
vn 0.6965 -0.6929 0.1866
vn 0.8657 -0.0287 0.4998
vn 0.9655 -0.0287 0.2587
vn 0.6203 -0.6979 0.3581
vn 0.6918 -0.6979 0.1854
vn 0.8652 -0.0428 0.4995
vn 0.9650 -0.0428 0.2586
vn 0.6159 -0.7030 0.3556
vn 0.6870 -0.7030 0.1841
vn 0.8647 -0.0561 0.4992
vn 0.9644 -0.0561 0.2584
vn 0.6113 -0.7083 0.3529
vn 0.6818 -0.7083 0.1827
vn 0.8640 -0.0686 0.4988
vn 0.9636 -0.0686 0.2582
vn 1.0000 0.0022 -0.0000
vn 0.9659 0.0022 -0.2588
vn 0.7256 -0.6882 -0.0000
vn 0.7008 -0.6882 -0.1878
vn 0.9999 -0.0137 -0.0000
vn 0.9658 -0.0137 -0.2588
vn 0.7210 -0.6929 -0.0000
vn 0.6965 -0.6929 -0.1866
vn 0.9996 -0.0287 -0.0000
vn 0.9655 -0.0287 -0.2587
vn 0.7162 -0.6979 -0.0000
vn 0.6918 -0.6979 -0.1854
vn 0.9991 -0.0428 -0.0000
vn 0.9650 -0.0428 -0.2586
vn 0.7112 -0.7030 -0.0000
vn 0.6870 -0.7030 -0.1841
vn 0.9984 -0.0561 -0.0000
vn 0.9644 -0.0561 -0.2584
vn 0.7059 -0.7083 -0.0000
vn 0.6818 -0.7083 -0.1827
vn 0.9976 -0.0686 -0.0000
vn 0.9636 -0.0686 -0.2582
vn -0.5000 0.0022 0.8660
vn -0.3628 -0.6882 0.6284
vn -0.5000 -0.0137 0.8659
vn -0.3605 -0.6929 0.6244
vn -0.4998 -0.0287 0.8657
vn -0.3581 -0.6979 0.6203
vn -0.4995 -0.0428 0.8652
vn -0.3556 -0.7030 0.6159
vn -0.4992 -0.0561 0.8647
vn -0.3529 -0.7083 0.6113
vn -0.4988 -0.0686 0.8640
vn -0.7071 0.0022 -0.7071
vn -0.5130 -0.6882 -0.5130
vn -0.7070 -0.0137 -0.7070
vn -0.5098 -0.6929 -0.5098
vn -0.7068 -0.0287 -0.7068
vn -0.5064 -0.6979 -0.5064
vn -0.7065 -0.0429 -0.7065
vn -0.5029 -0.7030 -0.5029
vn -0.7060 -0.0561 -0.7060
vn -0.4991 -0.7083 -0.4991
vn -0.7054 -0.0686 -0.7054
vn 0.8660 0.0022 -0.5000
vn 0.6284 -0.6882 -0.3628
vn 0.8659 -0.0137 -0.5000
vn 0.6244 -0.6929 -0.3605
vn 0.8657 -0.0287 -0.4998
vn 0.6203 -0.6979 -0.3581
vn 0.8652 -0.0428 -0.4995
vn 0.6159 -0.7030 -0.3556
vn 0.8647 -0.0561 -0.4992
vn 0.6113 -0.7083 -0.3529
vn 0.8640 -0.0686 -0.4988
vn -0.2588 0.0022 0.9659
vn -0.1878 -0.6882 0.7008
vn -0.2588 -0.0137 0.9658
vn -0.1866 -0.6929 0.6965
vn -0.2587 -0.0287 0.9655
vn -0.1854 -0.6979 0.6918
vn -0.2586 -0.0428 0.9650
vn -0.1841 -0.7030 0.6870
vn -0.2584 -0.0561 0.9644
vn -0.1827 -0.7083 0.6818
vn -0.2582 -0.0686 0.9636
vn -0.8660 0.0022 -0.5000
vn -0.6284 -0.6882 -0.3628
vn -0.8659 -0.0137 -0.5000
vn -0.6244 -0.6929 -0.3605
vn -0.8657 -0.0287 -0.4998
vn -0.6203 -0.6979 -0.3581
vn -0.8652 -0.0428 -0.4995
vn -0.6159 -0.7030 -0.3556
vn -0.8647 -0.0561 -0.4992
vn -0.6113 -0.7083 -0.3529
vn -0.8640 -0.0686 -0.4988
vn 0.7071 0.0022 -0.7071
vn 0.5130 -0.6882 -0.5130
vn 0.7070 -0.0137 -0.7070
vn 0.5098 -0.6929 -0.5098
vn 0.7068 -0.0287 -0.7068
vn 0.5064 -0.6979 -0.5064
vn 0.5065 -0.6979 -0.5064
vn 0.7065 -0.0429 -0.7065
vn 0.5029 -0.7030 -0.5029
vn 0.7060 -0.0561 -0.7060
vn 0.4991 -0.7083 -0.4991
vn 0.7054 -0.0686 -0.7054
vn -0.0000 0.0022 1.0000
vn -0.0000 -0.6882 0.7256
vn -0.0000 -0.0137 0.9999
vn -0.0000 -0.6929 0.7210
vn -0.0000 -0.0287 0.9996
vn -0.0000 -0.6979 0.7162
vn -0.0000 -0.0428 0.9991
vn -0.0000 -0.7030 0.7112
vn -0.0000 -0.0561 0.9984
vn -0.0000 -0.7083 0.7059
vn -0.0000 -0.0686 0.9976
vn -0.9659 0.0022 -0.2588
vn -0.7008 -0.6882 -0.1878
vn -0.9658 -0.0137 -0.2588
vn -0.6965 -0.6929 -0.1866
vn -0.9655 -0.0287 -0.2587
vn -0.6918 -0.6979 -0.1854
vn -0.9650 -0.0428 -0.2586
vn -0.6870 -0.7030 -0.1841
vn -0.9644 -0.0561 -0.2584
vn -0.6818 -0.7083 -0.1827
vn -0.9636 -0.0686 -0.2582
vn 0.5000 0.0022 -0.8660
vn 0.3628 -0.6882 -0.6284
vn 0.5000 -0.0137 -0.8659
vn 0.3605 -0.6929 -0.6244
vn 0.4998 -0.0287 -0.8657
vn 0.3581 -0.6979 -0.6203
vn 0.4995 -0.0428 -0.8652
vn 0.3556 -0.7030 -0.6159
vn 0.4992 -0.0561 -0.8647
vn 0.3529 -0.7083 -0.6113
vn 0.4988 -0.0686 -0.8640
vn 0.2588 0.0022 0.9659
vn 0.1878 -0.6882 0.7008
vn 0.2588 -0.0137 0.9658
vn 0.1866 -0.6929 0.6965
vn 0.2587 -0.0287 0.9655
vn 0.1854 -0.6979 0.6918
vn 0.2586 -0.0428 0.9650
vn 0.1841 -0.7030 0.6870
vn 0.2584 -0.0561 0.9644
vn 0.1827 -0.7083 0.6818
vn 0.2582 -0.0686 0.9636
vn -1.0000 0.0022 -0.0000
vn -0.7256 -0.6882 -0.0000
vn -0.9999 -0.0137 -0.0000
vn -0.7210 -0.6929 -0.0000
vn -0.9996 -0.0287 -0.0000
vn -0.7162 -0.6979 -0.0000
vn -0.9991 -0.0428 -0.0000
vn -0.7112 -0.7030 -0.0000
vn -0.9984 -0.0561 -0.0000
vn -0.7059 -0.7083 -0.0000
vn -0.9976 -0.0686 -0.0000
vn 0.2588 0.0022 -0.9659
vn 0.1878 -0.6882 -0.7008
vn 0.2588 -0.0137 -0.9658
vn 0.1866 -0.6929 -0.6965
vn 0.2587 -0.0287 -0.9655
vn 0.1854 -0.6979 -0.6918
vn 0.2586 -0.0428 -0.9650
vn 0.1841 -0.7030 -0.6870
vn 0.2584 -0.0561 -0.9644
vn 0.1827 -0.7083 -0.6818
vn 0.2582 -0.0686 -0.9636
vn 0.5000 0.0022 0.8660
vn 0.3628 -0.6882 0.6284
vn 0.5000 -0.0137 0.8659
vn 0.3605 -0.6929 0.6244
vn 0.4998 -0.0287 0.8657
vn 0.3581 -0.6979 0.6203
vn 0.4995 -0.0428 0.8652
vn 0.3556 -0.7030 0.6159
vn 0.4992 -0.0561 0.8647
vn 0.3529 -0.7083 0.6113
vn 0.4988 -0.0686 0.8640
vn -0.9659 0.0022 0.2588
vn -0.7008 -0.6882 0.1878
vn -0.9658 -0.0137 0.2588
vn -0.6965 -0.6929 0.1866
vn -0.9655 -0.0287 0.2587
vn -0.6918 -0.6979 0.1854
vn -0.9650 -0.0428 0.2586
vn -0.6870 -0.7030 0.1841
vn -0.9644 -0.0561 0.2584
vn -0.6818 -0.7083 0.1827
vn -0.9636 -0.0686 0.2582
vn -0.0000 0.0022 -1.0000
vn -0.0000 -0.6882 -0.7256
vn -0.0000 -0.0137 -0.9999
vn -0.0000 -0.6929 -0.7210
vn -0.0000 -0.0287 -0.9996
vn -0.0000 -0.6979 -0.7162
vn -0.0000 -0.0428 -0.9991
vn -0.0000 -0.7030 -0.7112
vn -0.0000 -0.0561 -0.9984
vn -0.0000 -0.7083 -0.7059
vn -0.0000 -0.0686 -0.9976
vn 0.7071 0.0022 0.7071
vn 0.5130 -0.6882 0.5130
vn 0.7070 -0.0137 0.7070
vn 0.5098 -0.6929 0.5098
vn 0.7068 -0.0287 0.7068
vn 0.5064 -0.6979 0.5065
vn 0.7065 -0.0428 0.7065
vn 0.5029 -0.7030 0.5029
vn 0.7060 -0.0561 0.7060
vn 0.4991 -0.7083 0.4991
vn 0.7054 -0.0686 0.7054
vn 0.5289 -0.7870 0.3176
vn 0.4652 -0.7532 0.4652
vn 0.3156 -0.7928 0.5214
vn 0.4069 -0.8207 0.4012
vn 0.1588 -0.8162 0.5555
vn 0.2070 -0.8704 0.4467
vn -0.0000 -0.8238 0.5668
vn -0.0000 -0.8861 0.4635
vn -0.1588 -0.8162 0.5555
vn -0.2070 -0.8704 0.4467
vn -0.3156 -0.7928 0.5214
vn -0.4069 -0.8207 0.4012
vn -0.4652 -0.7532 0.4652
vn -0.5289 -0.7870 0.3176
vn 0.5682 -0.8072 0.1601
vn 0.4609 -0.8643 0.2016
vn 0.2415 -0.9431 0.2286
vn -0.0000 -0.9704 0.2414
vn -0.2415 -0.9431 0.2286
vn -0.4609 -0.8643 0.2016
vn -0.5682 -0.8072 0.1601
vn 0.5812 -0.8138 -0.0000
vn 0.4796 -0.8775 -0.0000
vn 0.2560 -0.9667 -0.0000
vn -0.2560 -0.9667 -0.0000
vn -0.4796 -0.8775 -0.0000
vn -0.5812 -0.8138 -0.0000
vn 0.5682 -0.8072 -0.1601
vn 0.4609 -0.8643 -0.2016
vn 0.2415 -0.9431 -0.2286
vn -0.0000 -0.9704 -0.2414
vn -0.2415 -0.9431 -0.2286
vn -0.4609 -0.8643 -0.2016
vn -0.5682 -0.8072 -0.1601
vn 0.5289 -0.7870 -0.3176
vn 0.4069 -0.8207 -0.4012
vn 0.2070 -0.8704 -0.4467
vn -0.0000 -0.8861 -0.4635
vn -0.2070 -0.8704 -0.4467
vn -0.4069 -0.8207 -0.4012
vn -0.5289 -0.7870 -0.3176
vn 0.4652 -0.7532 -0.4652
vn 0.3156 -0.7928 -0.5214
vn 0.1588 -0.8162 -0.5555
vn -0.0000 -0.8238 -0.5668
vn -0.1588 -0.8162 -0.5555
vn -0.3156 -0.7928 -0.5214
vn -0.4652 -0.7532 -0.4652
vt 0.854198 0.493932
vt 0.938430 0.493932
vt 0.938430 0.519474
vt 0.854198 0.519474
vt 0.809510 0.249174
vt 0.814059 0.241249
vt 0.869035 0.264254
vt 0.856709 0.285540
vt 0.816455 0.232446
vt 0.875475 0.240335
vt 0.816483 0.223300
vt 0.875522 0.215541
vt 0.814091 0.214479
vt 0.869118 0.191712
vt 0.809556 0.206565
vt 0.856874 0.170407
vt 0.803106 0.200071
vt 0.839480 0.153025
vt 0.795176 0.195501
vt 0.818051 0.140674
vt 0.786371 0.193144
vt 0.794202 0.134246
vt 0.777289 0.193149
vt 0.769692 0.134169
vt 0.768507 0.195446
vt 0.746008 0.140429
vt 0.760601 0.199953
vt 0.724606 0.152560
vt 0.253237 0.752686
vt 0.259738 0.742685
vt 0.302103 0.769877
vt 0.296043 0.780484
vt 0.341335 0.803928
vt 0.346297 0.792694
vt 0.393532 0.810491
vt 0.389566 0.822584
vt 0.216370 0.729658
vt 0.218918 0.742718
vt 0.166884 0.755643
vt 0.163160 0.743021
vt 0.492719 0.845528
vt 0.494291 0.833181
vt 0.544487 0.837173
vt 0.544303 0.849244
vt 0.822980 0.610626
vt 0.832396 0.614646
vt 0.800953 0.667352
vt 0.792909 0.661001
vt 0.824609 0.438028
vt 0.834124 0.434173
vt 0.849377 0.493780
vt 0.839197 0.495055
vt 0.703006 0.315302
vt 0.706908 0.305834
vt 0.760052 0.336787
vt 0.753797 0.344937
vt 0.530893 0.315362
vt 0.526919 0.305935
vt 0.586228 0.290046
vt 0.587572 0.300172
vt 0.578697 0.432360
vt 0.556911 0.445321
vt 0.480291 0.345211
vt 0.795573 0.386668
vt 0.693965 0.462973
vt 0.675803 0.444894
vt 0.798780 0.225568
vt 0.797684 0.221222
vt 0.693795 0.583348
vt 0.706336 0.560710
vt 0.653502 0.432329
vt 0.628850 0.425493
vt 0.646158 0.300319
vt 0.337601 0.423546
vt 0.349899 0.445145
vt 0.346456 0.446549
vt 0.334607 0.425833
vt 0.198775 0.769773
vt 0.173233 0.769773
vt 0.172088 0.761074
vt 0.199920 0.761074
vt 0.754118 0.206369
vt 0.707005 0.169846
vt 0.795105 0.260145
vt 0.817832 0.315224
vt 0.793990 0.321667
vt 0.786285 0.262532
vt 0.108382 0.807215
vt 0.095611 0.829335
vt 0.087505 0.825977
vt 0.101421 0.801874
vt 0.760397 0.255519
vt 0.724045 0.302782
vt 0.706549 0.285315
vt 0.753967 0.249038
vt 0.095611 0.904218
vt 0.108382 0.926338
vt 0.101421 0.931680
vt 0.087505 0.907576
vt 0.747072 0.223107
vt 0.687962 0.215162
vt 0.694483 0.191188
vt 0.749497 0.214263
vt 0.854198 0.442849
vt 0.854198 0.417307
vt 0.938430 0.417307
vt 0.938430 0.442849
vt 0.126442 0.789154
vt 0.121101 0.782193
vt 0.768308 0.260137
vt 0.745403 0.315225
vt 0.089000 0.879547
vt 0.080302 0.880693
vt 0.572458 0.892348
vt 0.600290 0.892348
vt 0.600290 0.906454
vt 0.572458 0.906454
vt 0.380025 0.873046
vt 0.407857 0.873046
vt 0.407857 0.887152
vt 0.380025 0.887152
vt 0.226804 0.768277
vt 0.223446 0.776383
vt 0.349802 0.892348
vt 0.349802 0.906454
vt 0.321970 0.906454
vt 0.321970 0.892348
vt 0.516794 0.892348
vt 0.544626 0.892348
vt 0.544626 0.906454
vt 0.516794 0.906454
vt 0.324361 0.873046
vt 0.352193 0.873046
vt 0.352193 0.887152
vt 0.324361 0.887152
vt 0.461130 0.892348
vt 0.488962 0.892348
vt 0.488962 0.906454
vt 0.461130 0.906454
vt 0.771311 0.241447
vt 0.775210 0.243656
vt 0.263626 0.807215
vt 0.270587 0.801874
vt 0.284503 0.825977
vt 0.276397 0.829334
vt 0.433298 0.906454
vt 0.433298 0.892348
vt 0.628122 0.892348
vt 0.628122 0.906454
vt 0.435689 0.873046
vt 0.435689 0.887152
vt 0.291707 0.852860
vt 0.283008 0.854006
vt 0.547017 0.873046
vt 0.547017 0.887152
vt 0.519185 0.887152
vt 0.519185 0.873046
vt 0.274771 0.574484
vt 0.274306 0.570842
vt 0.297022 0.564808
vt 0.298416 0.568214
vt 0.276397 0.904218
vt 0.284503 0.907576
vt 0.270587 0.931679
vt 0.263626 0.926338
vt 0.602681 0.873046
vt 0.602681 0.887152
vt 0.574849 0.887152
vt 0.574849 0.873046
vt 0.296529 0.873046
vt 0.296529 0.887152
vt 0.463521 0.873046
vt 0.463521 0.887152
vt 0.250907 0.951360
vt 0.245566 0.944399
vt 0.405466 0.892348
vt 0.405466 0.906454
vt 0.377634 0.906454
vt 0.377634 0.892348
vt 0.126443 0.944399
vt 0.121101 0.951360
vt 0.694265 0.263840
vt 0.749390 0.241123
vt 0.089000 0.854006
vt 0.080301 0.852861
vt 0.769289 0.321562
vt 0.777146 0.262496
vt 0.148562 0.776383
vt 0.145204 0.768277
vt 0.148562 0.957170
vt 0.145204 0.965276
vt 0.687819 0.239949
vt 0.747073 0.232270
vt 0.173233 0.963780
vt 0.172088 0.972479
vt 0.854198 0.468391
vt 0.938430 0.468391
vt 0.603168 0.425572
vt 0.854198 0.545015
vt 0.938430 0.545015
vt 0.938430 0.570557
vt 0.854198 0.570557
vt 0.938430 0.596099
vt 0.854198 0.596098
vt 0.938430 0.621640
vt 0.854198 0.621640
vt 0.970999 0.308911
vt 0.886766 0.308910
vt 0.886767 0.283369
vt 0.970999 0.283369
vt 0.886767 0.257827
vt 0.970999 0.257828
vt 0.886767 0.232286
vt 0.970999 0.232286
vt 0.886767 0.206744
vt 0.970999 0.206745
vt 0.886767 0.181203
vt 0.970999 0.181203
vt 0.886767 0.155661
vt 0.970999 0.155662
vt 0.270262 0.722366
vt 0.271364 0.735171
vt 0.440557 0.836665
vt 0.443377 0.824350
vt 0.110861 0.761717
vt 0.115838 0.773675
vt 0.067022 0.797216
vt 0.060638 0.785327
vt 0.838887 0.553997
vt 0.849048 0.555406
vt 0.803748 0.380430
vt 0.647466 0.290181
vt 0.474005 0.337179
vt 0.713431 0.509942
vt 0.706848 0.485090
vt 0.713243 0.535826
vt 0.508561 0.008571
vt 0.506794 0.008572
vt 0.506793 0.002411
vt 0.508560 0.002411
vt 0.784014 0.233205
vt 0.788374 0.243728
vt 0.784015 0.244833
vt 0.782541 0.233600
vt 0.820321 0.321226
vt 0.839262 0.302879
vt 0.843188 0.307964
vt 0.795405 0.217358
vt 0.781017 0.233601
vt 0.779528 0.244879
vt 0.779544 0.233206
vt 0.768436 0.327996
vt 0.794817 0.328000
vt 0.792213 0.214232
vt 0.778223 0.232443
vt 0.768107 0.238291
vt 0.777144 0.231363
vt 0.720083 0.307929
vt 0.742953 0.321126
vt 0.788367 0.211952
vt 0.775986 0.227042
vt 0.764785 0.225561
vt 0.765912 0.221236
vt 0.776380 0.225571
vt 0.803028 0.255619
vt 0.792252 0.241448
vt 0.795391 0.238249
vt 0.688256 0.266322
vt 0.701471 0.289199
vt 0.784041 0.210745
vt 0.776381 0.230041
vt 0.765915 0.234365
vt 0.764714 0.230045
vt 0.775987 0.228569
vt 0.797693 0.234396
vt 0.681494 0.214282
vt 0.681467 0.240773
vt 0.779532 0.210687
vt 0.798820 0.230046
vt 0.701944 0.165865
vt 0.688533 0.188655
vt 0.775180 0.211885
vt 0.771294 0.214153
vt 0.177769 0.417357
vt 0.164466 0.441620
vt 0.154704 0.437849
vt 0.169273 0.411150
vt 0.197263 0.397463
vt 0.190675 0.389186
vt 0.221283 0.383289
vt 0.217083 0.373536
vt 0.248278 0.376030
vt 0.246871 0.365338
vt 0.276099 0.376030
vt 0.277584 0.365613
vt 0.302833 0.383191
vt 0.306770 0.373609
vt 0.326876 0.397010
vt 0.333353 0.388499
vt 0.346736 0.416565
vt 0.355022 0.410239
vt 0.360357 0.440851
vt 0.370248 0.436840
vt 0.367411 0.467566
vt 0.377673 0.466282
vt 0.367176 0.495124
vt 0.377704 0.496572
vt 0.359938 0.521742
vt 0.369550 0.525878
vt 0.294138 0.906454
vt 0.294138 0.892348
vt 0.491353 0.873046
vt 0.491353 0.887152
vt 0.291707 0.880692
vt 0.283008 0.879547
vt 0.223446 0.957169
vt 0.226804 0.965276
vt 0.199920 0.972479
vt 0.198775 0.963780
vt 0.245566 0.789154
vt 0.250907 0.782193
vt 0.854198 0.366224
vt 0.854198 0.340683
vt 0.938430 0.340683
vt 0.938430 0.366224
vt 0.971000 0.002412
vt 0.971000 0.027954
vt 0.886768 0.027953
vt 0.886768 0.002412
vt 0.971000 0.104578
vt 0.970999 0.130120
vt 0.886767 0.130119
vt 0.886768 0.104578
vt 0.971000 0.053495
vt 0.971000 0.079037
vt 0.886768 0.079036
vt 0.886768 0.053495
vt 0.186921 0.424170
vt 0.174865 0.445754
vt 0.204311 0.406430
vt 0.225728 0.393789
vt 0.249799 0.387294
vt 0.274617 0.387275
vt 0.298538 0.393594
vt 0.319993 0.405987
vt 0.356161 0.468996
vt 0.356042 0.493617
vt 0.349549 0.517389
vt 0.630513 0.873046
vt 0.630513 0.887152
vt 0.854198 0.391766
vt 0.938430 0.391766
vt 0.854198 0.315141
vt 0.938430 0.315141
vt 0.232541 0.409892
vt 0.252123 0.404569
vt 0.252734 0.409127
vt 0.234311 0.414129
vt 0.276214 0.585589
vt 0.277487 0.595688
vt 0.247727 0.595688
vt 0.248983 0.585461
vt 0.206595 0.409347
vt 0.189923 0.426420
vt 0.352514 0.469458
vt 0.227182 0.397234
vt 0.768136 0.217344
vt 0.352346 0.493109
vt 0.250299 0.391030
vt 0.346139 0.515958
vt 0.274141 0.390934
vt 0.157883 0.495756
vt 0.147762 0.497199
vt 0.147355 0.467126
vt 0.157681 0.468279
vt 0.297122 0.397037
vt 0.179216 0.545838
vt 0.170861 0.552337
vt 0.155772 0.526112
vt 0.165386 0.522136
vt 0.317732 0.408948
vt 0.222689 0.578444
vt 0.218740 0.588180
vt 0.192600 0.573379
vt 0.198754 0.565165
vt 0.326563 0.564950
vt 0.332838 0.573285
vt 0.306539 0.588313
vt 0.302695 0.578672
vt 0.178278 0.447115
vt 0.200868 0.434626
vt 0.190968 0.452176
vt 0.215016 0.420138
vt 0.272344 0.404521
vt 0.291900 0.409697
vt 0.309375 0.419884
vt 0.323754 0.434139
vt 0.333825 0.451742
vt 0.338925 0.471182
vt 0.338891 0.491260
vt 0.333653 0.510688
vt 0.494426 0.008574
vt 0.494425 0.002413
vt 0.496192 0.002413
vt 0.496193 0.008574
vt 0.346035 0.545483
vt 0.354248 0.551923
vt 0.195200 0.453888
vt 0.190499 0.472208
vt 0.185975 0.471648
vt 0.337226 0.538666
vt 0.329433 0.508932
vt 0.334378 0.490660
vt 0.271756 0.409019
vt 0.168830 0.469582
vt 0.172496 0.470025
vt 0.172790 0.493646
vt 0.169105 0.494165
vt 0.290123 0.413977
vt 0.179010 0.516380
vt 0.175646 0.517806
vt 0.306615 0.423488
vt 0.191028 0.536633
vt 0.188120 0.538892
vt 0.320072 0.436960
vt 0.226856 0.568231
vt 0.228227 0.564864
vt 0.250876 0.570790
vt 0.250399 0.574420
vt 0.204480 0.437341
vt 0.205531 0.556212
vt 0.329589 0.453475
vt 0.207774 0.553249
vt 0.217878 0.423809
vt 0.334448 0.471760
vt 0.319761 0.556004
vt 0.219450 0.448577
vt 0.212553 0.460902
vt 0.229529 0.438733
vt 0.241581 0.431418
vt 0.255233 0.427942
vt 0.269240 0.427842
vt 0.282961 0.431239
vt 0.295094 0.438501
vt 0.305200 0.448349
vt 0.312205 0.460600
vt 0.315679 0.474160
vt 0.315692 0.488105
vt 0.312133 0.501687
vt 0.191552 0.511082
vt 0.195729 0.509306
vt 0.205227 0.525577
vt 0.201679 0.528338
vt 0.317501 0.553038
vt 0.334327 0.536428
vt 0.209197 0.474518
vt 0.298855 0.453233
vt 0.290509 0.444483
vt 0.186153 0.491763
vt 0.190717 0.491120
vt 0.225810 0.453390
vt 0.219789 0.463797
vt 0.233355 0.552367
vt 0.215933 0.542432
vt 0.305108 0.463527
vt 0.234167 0.444695
vt 0.272550 0.557447
vt 0.252608 0.557445
vt 0.308349 0.475102
vt 0.244659 0.438723
vt 0.309298 0.542314
vt 0.291851 0.552260
vt 0.308149 0.487115
vt 0.256220 0.435344
vt 0.323554 0.528103
vt 0.304953 0.498724
vt 0.268284 0.435484
vt 0.218699 0.538775
vt 0.279918 0.438677
vt 0.235071 0.548175
vt 0.253182 0.553005
vt 0.234256 0.459809
vt 0.229628 0.467901
vt 0.240768 0.453186
vt 0.248788 0.448502
vt 0.257752 0.446050
vt 0.267029 0.446059
vt 0.276011 0.448470
vt 0.284043 0.453082
vt 0.290591 0.459627
vt 0.295252 0.467655
vt 0.297666 0.476604
vt 0.297683 0.485816
vt 0.295229 0.494674
vt 0.319905 0.525290
vt 0.271970 0.552959
vt 0.290125 0.548061
vt 0.306541 0.538683
vt 0.229859 0.523996
vt 0.234706 0.517645
vt 0.245016 0.523803
vt 0.242088 0.530903
vt 0.405053 0.311864
vt 0.416275 0.308028
vt 0.421948 0.321429
vt 0.408771 0.325047
vt 0.283077 0.530650
vt 0.269608 0.534573
vt 0.209371 0.488401
vt 0.082374 0.604671
vt 0.085948 0.593506
vt 0.099260 0.597137
vt 0.095511 0.610311
vt 0.295336 0.523920
vt 0.212742 0.502050
vt 0.088711 0.582059
vt 0.101860 0.584667
vt 0.305085 0.513804
vt 0.347809 0.317996
vt 0.359640 0.318214
vt 0.359937 0.331352
vt 0.347688 0.331681
vt 0.220149 0.513936
vt 0.090712 0.570624
vt 0.103791 0.572408
vt 0.371092 0.317945
vt 0.372042 0.330685
vt 0.092036 0.559213
vt 0.104953 0.560249
vt 0.382366 0.316591
vt 0.384106 0.329465
vt 0.092791 0.547898
vt 0.105453 0.548230
vt 0.393727 0.314622
vt 0.396329 0.327692
vt 0.255583 0.534427
vt 0.092556 0.536456
vt 0.105739 0.536166
vt 0.241010 0.509398
vt 0.225991 0.509386
vt 0.234449 0.502934
vt 0.374698 0.367846
vt 0.361083 0.368601
vt 0.280210 0.523783
vt 0.290471 0.517626
vt 0.142097 0.563004
vt 0.140883 0.576572
vt 0.388320 0.366721
vt 0.216690 0.487421
vt 0.220082 0.498946
vt 0.142809 0.549373
vt 0.401917 0.364975
vt 0.298938 0.509156
vt 0.142858 0.535728
vt 0.415578 0.362870
vt 0.256527 0.527087
vt 0.268529 0.526686
vt 0.428985 0.360452
vt 0.216759 0.475422
vt 0.137178 0.603960
vt 0.134731 0.617435
vt 0.139290 0.590224
vt 0.347427 0.368684
vt 0.602999 0.230376
vt 0.589916 0.230549
vt 0.565987 0.003143
vt 0.620909 0.002417
vt 0.230547 0.295330
vt 0.230375 0.308413
vt 0.002417 0.326331
vt 0.003141 0.271408
vt 0.248972 0.514000
vt 0.577084 0.233103
vt 0.512117 0.013865
vt 0.232589 0.321309
vt 0.011713 0.380465
vt 0.257882 0.516378
vt 0.564932 0.237953
vt 0.461102 0.034224
vt 0.237116 0.333585
vt 0.030718 0.431999
vt 0.267120 0.516334
vt 0.227268 0.476858
vt 0.243805 0.344830
vt 0.058795 0.479208
vt 0.276013 0.513929
vt 0.227311 0.486076
vt 0.639417 0.243804
vt 0.628171 0.237117
vt 0.726578 0.030714
vt 0.773788 0.058790
vt 0.284029 0.509266
vt 0.229797 0.494974
vt 0.615895 0.232590
vt 0.675044 0.011711
vt 0.290578 0.502662
vt 0.237950 0.270345
vt 0.233101 0.282497
vt 0.013861 0.217538
vt 0.034218 0.166523
vt 0.161796 0.738438
vt 0.157718 0.724915
vt 0.213012 0.711670
vt 0.215509 0.725190
vt 0.962061 0.771419
vt 0.962061 0.826346
vt 0.943257 0.826346
vt 0.943257 0.771419
vt 0.313011 0.316365
vt 0.311251 0.329031
vt 0.299202 0.327162
vt 0.301791 0.314228
vt 0.085904 0.478855
vt 0.098501 0.475365
vt 0.101234 0.487560
vt 0.088212 0.490065
vt 0.962061 0.881273
vt 0.943257 0.881273
vt 0.091783 0.524658
vt 0.105378 0.523903
vt 0.167197 0.649111
vt 0.222123 0.649111
vt 0.222123 0.667915
vt 0.167197 0.667915
vt 0.335398 0.331222
vt 0.335942 0.317932
vt 0.962060 0.936200
vt 0.943257 0.936200
vt 0.286979 0.324395
vt 0.290612 0.311815
vt 0.277050 0.649111
vt 0.277050 0.667915
vt 0.102968 0.499650
vt 0.090243 0.501353
vt 0.374741 0.642825
vt 0.319814 0.642825
vt 0.319814 0.624022
vt 0.374741 0.624022
vt 0.331977 0.649111
vt 0.331977 0.667915
vt 0.323279 0.330338
vt 0.324343 0.317396
vt 0.264887 0.642825
vt 0.264887 0.624022
vt 0.962061 0.606639
vt 0.962061 0.661566
vt 0.943258 0.661566
vt 0.943258 0.606639
vt 0.104338 0.511711
vt 0.091223 0.512824
vt 0.209961 0.642825
vt 0.209960 0.624021
vt 0.962061 0.716493
vt 0.943257 0.716493
vt 0.274383 0.320690
vt 0.279969 0.308034
vt 0.082391 0.468383
vt 0.094693 0.462899
vt 0.381934 0.719381
vt 0.325964 0.715475
vt 0.326172 0.701245
vt 0.383671 0.705717
vt 0.435354 0.728391
vt 0.438392 0.715479
vt 0.485741 0.742611
vt 0.489828 0.730586
vt 0.533217 0.761407
vt 0.538540 0.749696
vt 0.578124 0.784409
vt 0.584370 0.773788
vt 0.619960 0.811697
vt 0.626930 0.801605
vt 0.809646 0.787903
vt 0.858536 0.757920
vt 0.866390 0.770095
vt 0.816342 0.800328
vt 0.757275 0.812563
vt 0.762833 0.826041
vt 0.703390 0.831563
vt 0.707277 0.845038
vt 0.649779 0.844593
vt 0.652200 0.857983
vt 0.596351 0.851985
vt 0.597359 0.865157
vt 0.544228 0.853559
vt 0.543999 0.866373
vt 0.333798 0.368362
vt 0.320164 0.367494
vt 0.306615 0.365963
vt 0.293124 0.364073
vt 0.279694 0.361634
vt 0.132676 0.454599
vt 0.135450 0.467938
vt 0.536431 0.264302
vt 0.341459 0.144838
vt 0.374320 0.100825
vt 0.544259 0.253818
vt 0.414652 0.063538
vt 0.553866 0.244935
vt 0.288626 0.232506
vt 0.246955 0.007674
vt 0.301651 0.002647
vt 0.301656 0.231308
vt 0.530645 0.276037
vt 0.317168 0.194101
vt 0.527094 0.288630
vt 0.302261 0.246967
vt 0.381371 0.724088
vt 0.325888 0.720471
vt 0.434345 0.732850
vt 0.484314 0.746822
vt 0.531408 0.765372
vt 0.575995 0.788074
vt 0.617262 0.814849
vt 0.807339 0.783636
vt 0.855312 0.753960
vt 0.755322 0.807827
vt 0.702020 0.826935
vt 0.648915 0.839986
vt 0.595972 0.847449
vt 0.140020 0.494751
vt 0.141616 0.508368
vt 0.142518 0.522072
vt 0.266268 0.358920
vt 0.137943 0.481285
vt 0.253815 0.249672
vt 0.100816 0.079739
vt 0.144828 0.046876
vt 0.264299 0.241844
vt 0.194090 0.022583
vt 0.276033 0.236057
vt 0.525897 0.301660
vt 0.297236 0.301663
vt 0.244933 0.259280
vt 0.063530 0.120071
vt 0.293794 0.784395
vt 0.250231 0.756199
vt 0.871796 0.792661
vt 0.890599 0.792661
vt 0.890599 0.847588
vt 0.871796 0.847588
vt 0.610811 0.824870
vt 0.569911 0.798541
vt 0.058393 0.781185
vt 0.051815 0.768904
vt 0.103675 0.744397
vt 0.108949 0.757099
vt 0.112270 0.667915
vt 0.112270 0.649111
vt 0.800753 0.771342
vt 0.848440 0.742671
vt 0.287387 0.795566
vt 0.243002 0.766724
vt 0.057343 0.667915
vt 0.057343 0.649111
vt 0.750029 0.795325
vt 0.492160 0.850195
vt 0.490705 0.863257
vt 0.436721 0.854157
vt 0.439542 0.841138
vt 0.379930 0.736768
vt 0.325689 0.733962
vt 0.002416 0.667915
vt 0.002416 0.649111
vt 0.698262 0.814527
vt 0.388126 0.826876
vt 0.383882 0.839564
vt 0.334308 0.819428
vt 0.339578 0.807835
vt 0.431647 0.745386
vt 0.871795 0.627881
vt 0.890598 0.627880
vt 0.890599 0.682808
vt 0.871795 0.682808
vt 0.646521 0.827316
vt 0.480562 0.758171
vt 0.890599 0.737734
vt 0.871795 0.737734
vt 0.594775 0.834722
vt 0.526421 0.776275
vt 0.269836 0.717611
vt 0.268610 0.704030
vt 0.700801 0.730349
vt 0.751163 0.701672
vt 0.757222 0.709778
vt 0.704584 0.739691
vt 0.644842 0.745106
vt 0.646114 0.755053
vt 0.586730 0.744976
vt 0.585406 0.755053
vt 0.530154 0.729686
vt 0.526189 0.739176
vt 0.479409 0.700158
vt 0.473124 0.708189
vt 0.438675 0.658502
vt 0.430567 0.664585
vt 0.409834 0.608008
vt 0.400460 0.611824
vt 0.394842 0.551812
vt 0.384850 0.553110
vt 0.394841 0.493429
vt 0.384767 0.492103
vt 0.410166 0.437141
vt 0.400796 0.433258
vt 0.439303 0.386816
vt 0.431223 0.380680
vt 0.890600 0.902515
vt 0.871796 0.902515
vt 0.890600 0.957442
vt 0.871796 0.957442
vt 0.045180 0.642825
vt 0.045180 0.624021
vt 0.100107 0.624022
vt 0.100107 0.642825
vt 0.155034 0.624021
vt 0.155034 0.642825
vt 0.010879 0.810280
vt 0.003375 0.798783
vt 0.602767 0.620582
vt 0.556187 0.600681
vt 0.519919 0.510555
vt 0.538843 0.463565
vt 0.578143 0.613661
vt 0.538350 0.582710
vt 0.525784 0.560598
vt 0.519497 0.535940
vt 0.020426 0.824907
vt 0.013794 0.813880
vt 0.653295 0.614495
vt 0.675824 0.601910
vt 0.628378 0.620867
vt 0.526223 0.485923
vt 0.861739 0.289418
vt 0.874962 0.266754
vt 0.881940 0.241196
vt 0.881913 0.214673
vt 0.875032 0.189235
vt 0.861913 0.166548
vt 0.843415 0.147945
vt 0.820542 0.134668
vt 0.795021 0.127889
vt 0.768885 0.127894
vt 0.743622 0.134502
vt 0.720763 0.147421
vt 0.785336 0.232443
vt 0.786412 0.231365
vt 0.787173 0.230047
vt 0.787569 0.228573
vt 0.787569 0.227049
vt 0.787176 0.225578
vt 0.786414 0.224256
vt 0.785337 0.223177
vt 0.784019 0.222413
vt 0.782545 0.222016
vt 0.781020 0.222014
vt 0.779543 0.222408
vt 0.778221 0.223171
vt 0.777142 0.224250
vt 0.211262 0.002412
vt 0.211263 0.008572
vt 0.209496 0.008573
vt 0.209495 0.002412
vt 0.499727 0.008573
vt 0.499726 0.002412
vt 0.501493 0.002412
vt 0.501494 0.008573
vt 0.213029 0.002411
vt 0.214795 0.002411
vt 0.214797 0.008572
vt 0.213030 0.008572
vt 0.510328 0.008571
vt 0.510327 0.002410
vt 0.207728 0.002412
vt 0.207730 0.008573
vt 0.205963 0.008574
vt 0.205961 0.002413
vt 0.512094 0.008571
vt 0.512093 0.002410
vt 0.497960 0.008573
vt 0.497959 0.002412
vt 0.221863 0.002409
vt 0.223630 0.002409
vt 0.223631 0.008570
vt 0.221864 0.008570
vt 0.492660 0.008574
vt 0.492658 0.002413
vt 0.220096 0.002410
vt 0.220097 0.008570
vt 0.503260 0.008572
vt 0.503259 0.002411
vt 0.490893 0.008574
vt 0.490892 0.002413
vt 0.218329 0.002410
vt 0.218330 0.008571
vt 0.505027 0.008572
vt 0.505026 0.002411
vt 0.204194 0.002413
vt 0.204196 0.008574
vt 0.202429 0.008574
vt 0.202428 0.002414
vt 0.216562 0.002410
vt 0.216563 0.008571
vt 0.738706 0.115729
vt 0.745414 0.114829
vt 0.746972 0.126448
vt 0.736131 0.121988
vt 0.746947 0.115709
vt 0.748199 0.116955
vt 0.749086 0.118483
vt 0.749547 0.120189
vt 0.749551 0.121956
vt 0.749098 0.123663
vt 0.748219 0.125195
vt 0.745444 0.127335
vt 0.743739 0.127796
vt 0.741972 0.127800
vt 0.740264 0.127347
vt 0.738732 0.126467
vt 0.737480 0.125221
vt 0.736593 0.123693
vt 0.736127 0.120221
vt 0.736580 0.118513
vt 0.737460 0.116981
vt 0.740234 0.114842
vt 0.741940 0.114380
vt 0.743707 0.114376
vt 0.151617 0.575754
vt 0.162702 0.576218
vt 0.162385 0.579511
vt 0.151651 0.579063
vt 0.585305 0.984905
vt 0.576522 0.985256
vt 0.576396 0.982172
vt 0.585148 0.981822
vt 0.045339 0.868165
vt 0.048595 0.867603
vt 0.050403 0.879021
vt 0.047128 0.879462
vt 0.990139 0.916412
vt 0.986828 0.916460
vt 0.986651 0.906489
vt 0.989962 0.906427
vt 0.435772 0.755111
vt 0.427392 0.753017
vt 0.428085 0.749781
vt 0.436719 0.751940
vt 0.521724 0.944799
vt 0.521727 0.941488
vt 0.532632 0.941500
vt 0.532628 0.944811
vt 0.993154 0.783660
vt 0.996465 0.783660
vt 0.996482 0.793622
vt 0.993171 0.793629
vt 0.976829 0.786053
vt 0.979913 0.785942
vt 0.980059 0.793467
vt 0.976974 0.793499
vt 0.328134 0.941285
vt 0.337982 0.941295
vt 0.337979 0.944606
vt 0.328131 0.944596
vt 0.638772 0.965202
vt 0.638847 0.961903
vt 0.647330 0.961932
vt 0.647394 0.965231
vt 0.326423 0.754942
vt 0.327431 0.758088
vt 0.316326 0.761901
vt 0.315217 0.758790
vt 0.994109 0.168418
vt 0.997421 0.168429
vt 0.997385 0.177972
vt 0.994074 0.177959
vt 0.902037 0.786404
vt 0.906916 0.796708
vt 0.903841 0.797934
vt 0.899133 0.787994
vt 0.139125 0.907067
vt 0.130762 0.908878
vt 0.130021 0.905660
vt 0.138456 0.903834
vt 0.042840 0.005321
vt 0.041113 0.004774
vt 0.044033 0.002610
vt 0.240246 0.871468
vt 0.229079 0.869333
vt 0.229862 0.866216
vt 0.241076 0.868361
vt 0.732461 0.008982
vt 0.743630 0.010241
vt 0.743359 0.013535
vt 0.732021 0.012257
vt 0.059424 0.988962
vt 0.069211 0.988910
vt 0.069227 0.992221
vt 0.059446 0.992274
vt 0.295995 0.928528
vt 0.303667 0.928513
vt 0.303673 0.931599
vt 0.296001 0.931614
vt 0.062838 0.921071
vt 0.059562 0.921067
vt 0.059706 0.911360
vt 0.062984 0.911198
vt 0.159719 0.891591
vt 0.160127 0.894866
vt 0.151411 0.896173
vt 0.150827 0.892924
vt 0.489260 0.956015
vt 0.488879 0.952768
vt 0.496566 0.951667
vt 0.496823 0.954932
vt 0.654494 0.990763
vt 0.643515 0.990574
vt 0.643561 0.987263
vt 0.654556 0.987452
vt 0.331143 0.585017
vt 0.332246 0.588139
vt 0.323004 0.591407
vt 0.321906 0.588283
vt 0.985545 0.676813
vt 0.985409 0.665671
vt 0.988720 0.665625
vt 0.988856 0.676781
vt 0.753191 0.725368
vt 0.741702 0.727613
vt 0.741066 0.724371
vt 0.752587 0.722120
vt 0.996919 0.636924
vt 0.996923 0.646871
vt 0.993612 0.646876
vt 0.993607 0.636924
vt 0.184667 0.903647
vt 0.174991 0.903374
vt 0.174998 0.900074
vt 0.184830 0.900352
vt 0.344839 0.992266
vt 0.344757 0.989181
vt 0.354350 0.988963
vt 0.354408 0.992049
vt 0.166644 0.018615
vt 0.157179 0.020464
vt 0.156842 0.017339
vt 0.166119 0.015527
vt 0.530103 0.931157
vt 0.530097 0.928071
vt 0.540498 0.928051
vt 0.540504 0.931137
vt 0.972121 0.714275
vt 0.966914 0.714272
vt 0.967462 0.711022
vt 0.971578 0.711025
vt 0.991871 0.257725
vt 0.988559 0.257709
vt 0.988590 0.247914
vt 0.991901 0.247923
vt 0.902564 0.925466
vt 0.899453 0.924357
vt 0.903266 0.913253
vt 0.906411 0.914260
vt 0.496683 0.944773
vt 0.496686 0.941462
vt 0.506138 0.941472
vt 0.506135 0.944783
vt 0.275685 0.944541
vt 0.269875 0.944961
vt 0.269880 0.940797
vt 0.275688 0.941230
vt 0.125486 0.023613
vt 0.114613 0.023656
vt 0.114912 0.020486
vt 0.125585 0.020444
vt 0.524308 0.950263
vt 0.524184 0.953549
vt 0.514337 0.953651
vt 0.514345 0.950366
vt 0.458335 0.928211
vt 0.467196 0.928194
vt 0.467202 0.931280
vt 0.458341 0.931297
vt 0.993761 0.716925
vt 0.996682 0.716788
vt 0.996634 0.725960
vt 0.993323 0.725945
vt 0.304514 0.597877
vt 0.303427 0.594749
vt 0.312663 0.591528
vt 0.313755 0.594654
vt 0.988055 0.785337
vt 0.984745 0.785398
vt 0.984531 0.774603
vt 0.987842 0.774540
vt 0.757109 0.931025
vt 0.748742 0.931025
vt 0.748742 0.927714
vt 0.757109 0.927714
vt 0.110675 0.063671
vt 0.107587 0.063651
vt 0.107589 0.060341
vt 0.110677 0.060361
vt 0.671764 0.927714
vt 0.683559 0.927714
vt 0.683559 0.931024
vt 0.671764 0.931024
vt 0.937820 0.830374
vt 0.934523 0.830610
vt 0.933378 0.819389
vt 0.936657 0.818984
vt 0.213803 0.883621
vt 0.225002 0.885511
vt 0.224219 0.888627
vt 0.213108 0.886751
vt 0.652463 0.871159
vt 0.660937 0.869197
vt 0.661331 0.872309
vt 0.653165 0.874200
vt 0.370271 0.918686
vt 0.370271 0.921997
vt 0.361764 0.921997
vt 0.361764 0.918686
vt 0.979022 0.579011
vt 0.979031 0.588854
vt 0.975945 0.588857
vt 0.975937 0.579013
vt 0.555172 0.914281
vt 0.555172 0.910970
vt 0.566260 0.910970
vt 0.566261 0.914281
vt 0.384519 0.785002
vt 0.384687 0.781699
vt 0.396153 0.781957
vt 0.396152 0.785263
vt 0.975850 0.475915
vt 0.978936 0.475912
vt 0.978946 0.487653
vt 0.975860 0.487656
vt 0.032795 0.867622
vt 0.032551 0.877324
vt 0.029271 0.877452
vt 0.029519 0.867584
vt 0.003692 0.222435
vt 0.006800 0.223266
vt 0.005679 0.228870
vt 0.002573 0.228030
vt 0.997091 0.694624
vt 0.993780 0.694639
vt 0.993738 0.685394
vt 0.997050 0.685380
vt 0.989955 0.941634
vt 0.986646 0.941509
vt 0.986872 0.933204
vt 0.990183 0.933255
vt 0.976486 0.636633
vt 0.976284 0.632378
vt 0.979894 0.631829
vt 0.979568 0.636466
vt 0.510518 0.928110
vt 0.510523 0.931195
vt 0.501534 0.931213
vt 0.501528 0.928127
vt 0.010136 0.178135
vt 0.010530 0.167504
vt 0.013698 0.167751
vt 0.013298 0.178543
vt 0.154249 0.012784
vt 0.145605 0.013770
vt 0.145329 0.010475
vt 0.153738 0.009516
vt 0.971060 0.716613
vt 0.967974 0.716611
vt 0.030803 0.992500
vt 0.030774 0.989189
vt 0.040151 0.989107
vt 0.040179 0.992418
vt 0.975880 0.510896
vt 0.975870 0.499312
vt 0.978956 0.499309
vt 0.978965 0.510894
vt 0.103548 0.022935
vt 0.092187 0.021260
vt 0.092996 0.018146
vt 0.104090 0.019781
vt 0.520059 0.931177
vt 0.520053 0.928091
vt 0.991676 0.286785
vt 0.988365 0.286758
vt 0.988441 0.277195
vt 0.991752 0.277221
vt 0.377752 0.941048
vt 0.377748 0.944937
vt 0.370341 0.944640
vt 0.370344 0.941329
vt 0.514503 0.944792
vt 0.514507 0.941481
vt 0.720327 0.946981
vt 0.720209 0.950260
vt 0.711023 0.949789
vt 0.711014 0.946504
vt 0.720920 0.931025
vt 0.720920 0.927714
vt 0.723178 0.927385
vt 0.723178 0.931354
vt 0.987570 0.755201
vt 0.987661 0.764396
vt 0.984350 0.764444
vt 0.984259 0.755212
vt 0.147642 0.905495
vt 0.147100 0.902238
vt 0.492906 0.928144
vt 0.492912 0.931230
vt 0.484441 0.931246
vt 0.484435 0.928160
vt 0.448334 0.921999
vt 0.436288 0.921998
vt 0.436288 0.918687
vt 0.448334 0.918687
vt 0.398658 0.057891
vt 0.398653 0.054582
vt 0.401740 0.054559
vt 0.401745 0.057868
vt 0.193696 0.996528
vt 0.193696 0.993443
vt 0.202329 0.993443
vt 0.202329 0.996528
vt 0.797817 0.961406
vt 0.797352 0.958140
vt 0.802568 0.957382
vt 0.803047 0.960647
vt 0.640795 0.914280
vt 0.640794 0.910969
vt 0.648042 0.910969
vt 0.648042 0.914280
vt 0.809942 0.923168
vt 0.809939 0.920082
vt 0.817316 0.920075
vt 0.817319 0.923161
vt 0.167348 0.932534
vt 0.167179 0.929239
vt 0.176806 0.929028
vt 0.176800 0.932328
vt 0.582138 0.956271
vt 0.583754 0.956716
vt 0.582067 0.959667
vt 0.208258 0.589517
vt 0.206937 0.592546
vt 0.196764 0.588385
vt 0.197921 0.585289
vt 0.898455 0.936588
vt 0.895644 0.935871
vt 0.717254 0.858989
vt 0.727080 0.860488
vt 0.726453 0.863723
vt 0.716762 0.862244
vt 0.432522 0.944706
vt 0.432525 0.941395
vt 0.443738 0.941407
vt 0.443735 0.944717
vt 0.303451 0.950289
vt 0.312073 0.950261
vt 0.312009 0.953560
vt 0.303526 0.953588
vt 0.088820 0.992179
vt 0.079023 0.992189
vt 0.079014 0.988878
vt 0.088817 0.988868
vt 0.149452 0.934452
vt 0.148909 0.931196
vt 0.157859 0.929970
vt 0.158226 0.933250
vt 0.312572 0.931582
vt 0.312566 0.928496
vt 0.322610 0.928477
vt 0.322616 0.931562
vt 0.900684 0.827721
vt 0.898806 0.816600
vt 0.901923 0.815817
vt 0.903816 0.827025
vt 0.223897 0.908650
vt 0.214083 0.906958
vt 0.214609 0.903701
vt 0.224481 0.905403
vt 0.062174 0.982306
vt 0.062166 0.979220
vt 0.071620 0.979241
vt 0.071588 0.982327
vt 0.827038 0.718388
vt 0.826492 0.721651
vt 0.818156 0.720610
vt 0.818467 0.717317
vt 0.976301 0.774971
vt 0.979381 0.774754
vt 0.985999 0.148378
vt 0.985398 0.136646
vt 0.988707 0.136521
vt 0.989304 0.148194
vt 0.182072 0.013868
vt 0.181006 0.010951
vt 0.190821 0.006199
vt 0.192253 0.008941
vt 0.607602 0.927713
vt 0.607602 0.931024
vt 0.598150 0.931024
vt 0.598150 0.927713
vt 0.980070 0.259550
vt 0.983152 0.259707
vt 0.982803 0.268459
vt 0.979719 0.268333
vt 0.057301 0.958499
vt 0.054099 0.957952
vt 0.056038 0.948998
vt 0.059258 0.949463
vt 0.776403 0.984948
vt 0.765606 0.984734
vt 0.765668 0.981424
vt 0.776464 0.981637
vt 0.979603 0.833700
vt 0.979578 0.845110
vt 0.976492 0.845128
vt 0.976517 0.833678
vt 0.658938 0.269992
vt 0.667284 0.272205
vt 0.666502 0.275224
vt 0.658413 0.273080
vt 0.098641 0.992186
vt 0.098641 0.988875
vt 0.994140 0.158685
vt 0.997451 0.158693
vt 0.140220 0.993443
vt 0.140220 0.996528
vt 0.129867 0.996528
vt 0.129867 0.993443
vt 0.439437 0.955224
vt 0.439733 0.958511
vt 0.431226 0.959128
vt 0.431034 0.955834
vt 0.673033 0.963435
vt 0.664367 0.964301
vt 0.664071 0.961015
vt 0.672661 0.960155
vt 0.228460 0.002827
vt 0.232839 0.003520
vt 0.232889 0.005993
vt 0.228460 0.006631
vt 0.984076 0.377302
vt 0.984481 0.368680
vt 0.987563 0.368854
vt 0.987159 0.377459
vt 0.787094 0.959539
vt 0.787511 0.962811
vt 0.638885 0.893437
vt 0.639714 0.896544
vt 0.634199 0.897548
vt 0.633280 0.894551
vt 0.147485 0.910904
vt 0.147894 0.914179
vt 0.139178 0.915487
vt 0.138594 0.912238
vt 0.476384 0.984502
vt 0.476211 0.981421
vt 0.480480 0.981205
vt 0.480291 0.984072
vt 0.938359 0.841530
vt 0.935054 0.841588
vt 0.076967 0.559857
vt 0.080229 0.560385
vt 0.078177 0.571894
vt 0.074929 0.571290
vt 0.459818 0.918688
vt 0.459818 0.921999
vt 0.627460 0.914280
vt 0.627460 0.910969
vt 0.629668 0.910969
vt 0.629668 0.914280
vt 0.983317 0.423928
vt 0.983258 0.414091
vt 0.986344 0.414090
vt 0.986403 0.423893
vt 0.712126 0.931025
vt 0.703448 0.931025
vt 0.703448 0.927714
vt 0.712126 0.927714
vt 0.737590 0.905016
vt 0.738331 0.901799
vt 0.742126 0.902820
vt 0.742154 0.905896
vt 0.427344 0.931358
vt 0.415495 0.931381
vt 0.415489 0.928295
vt 0.427338 0.928272
vt 0.767819 0.961504
vt 0.768035 0.964796
vt 0.759055 0.965207
vt 0.758980 0.961908
vt 0.706914 0.877042
vt 0.706987 0.880208
vt 0.697001 0.880070
vt 0.696755 0.876902
vt 0.264689 0.954091
vt 0.265154 0.957357
vt 0.259938 0.958115
vt 0.259460 0.954851
vt 0.378036 0.921997
vt 0.378036 0.918686
vt 0.258963 0.610101
vt 0.267625 0.607119
vt 0.268704 0.610250
vt 0.260041 0.613231
vt 0.977469 0.101638
vt 0.977615 0.094192
vt 0.980701 0.094224
vt 0.980554 0.101749
vt 0.355544 0.944625
vt 0.355547 0.941314
vt 0.363187 0.941322
vt 0.363184 0.944633
vt 0.643222 0.952413
vt 0.643294 0.955809
vt 0.641606 0.952859
vt 0.441530 0.927184
vt 0.441540 0.932391
vt 0.439200 0.931335
vt 0.439194 0.928249
vt 0.049097 0.912004
vt 0.049035 0.901574
vt 0.052339 0.901480
vt 0.052402 0.912087
vt 0.746494 0.864508
vt 0.751951 0.865343
vt 0.750532 0.868825
vt 0.745722 0.867714
vt 0.861021 0.954367
vt 0.859448 0.944485
vt 0.862711 0.944001
vt 0.864275 0.953824
vt 0.985221 0.654692
vt 0.988531 0.654631
vt 0.777198 0.960695
vt 0.777535 0.963977
vt 0.259698 0.854095
vt 0.262973 0.854058
vt 0.263220 0.863925
vt 0.259940 0.863797
vt 0.653179 0.760061
vt 0.664572 0.757904
vt 0.665210 0.761146
vt 0.653742 0.763317
vt 0.601312 0.914280
vt 0.589790 0.914281
vt 0.589790 0.910970
vt 0.601312 0.910969
vt 0.675115 0.991151
vt 0.665130 0.990974
vt 0.665192 0.987663
vt 0.675163 0.987841
vt 0.284594 0.928550
vt 0.284600 0.931636
vt 0.664079 0.901632
vt 0.663646 0.898362
vt 0.673586 0.897219
vt 0.673893 0.900504
vt 0.807068 0.006191
vt 0.801640 0.008185
vt 0.800538 0.005065
vt 0.805905 0.003093
vt 0.510865 0.989444
vt 0.521826 0.989675
vt 0.521777 0.992761
vt 0.510788 0.992529
vt 0.977601 0.085555
vt 0.980687 0.085525
vt 0.654268 0.903093
vt 0.653742 0.899836
vt 0.008359 0.822486
vt 0.005163 0.823065
vt 0.002961 0.814199
vt 0.006149 0.813584
vt 0.383365 0.944654
vt 0.383369 0.941343
vt 0.392162 0.941352
vt 0.392159 0.944663
vt 0.505033 0.950844
vt 0.505151 0.954123
vt 0.217134 0.597367
vt 0.218609 0.594410
vt 0.228856 0.599827
vt 0.227271 0.602725
vt 0.670004 0.951800
vt 0.659525 0.953213
vt 0.659008 0.949957
vt 0.669553 0.948535
vt 0.350785 0.581536
vt 0.349676 0.578416
vt 0.354664 0.576560
vt 0.355435 0.579874
vt 0.321120 0.768672
vt 0.322773 0.765804
vt 0.327837 0.768677
vt 0.326247 0.771581
vt 0.996593 0.735205
vt 0.993282 0.735191
vt 0.615884 0.274652
vt 0.626668 0.275271
vt 0.626619 0.278431
vt 0.615984 0.277821
vt 0.856338 0.904936
vt 0.856670 0.895351
vt 0.859963 0.895563
vt 0.859638 0.904972
vt 0.217404 0.985738
vt 0.217528 0.989046
vt 0.208833 0.989282
vt 0.208784 0.985971
vt 0.512432 0.910971
vt 0.522779 0.910971
vt 0.522779 0.914282
vt 0.512431 0.914282
vt 0.668680 0.862907
vt 0.668341 0.859664
vt 0.677805 0.858440
vt 0.677979 0.861703
vt 0.975928 0.568295
vt 0.979013 0.568293
vt 0.370592 0.984000
vt 0.371270 0.981218
vt 0.381271 0.981575
vt 0.381153 0.984659
vt 0.985926 0.068682
vt 0.986018 0.057414
vt 0.989329 0.057436
vt 0.989237 0.068714
vt 0.362813 0.988873
vt 0.362809 0.991959
vt 0.220066 0.993443
vt 0.220066 0.996528
vt 0.211138 0.996528
vt 0.211138 0.993443
vt 0.407872 0.784900
vt 0.407687 0.781600
vt 0.004372 0.230494
vt 0.276358 0.604111
vt 0.285221 0.601054
vt 0.286301 0.604184
vt 0.277437 0.607242
vt 0.707569 0.957943
vt 0.716420 0.959110
vt 0.715996 0.962383
vt 0.707117 0.961212
vt 0.079686 0.506325
vt 0.082978 0.506013
vt 0.083565 0.515760
vt 0.080261 0.515879
vt 0.396007 0.745894
vt 0.395839 0.749196
vt 0.384373 0.748939
vt 0.384374 0.745633
vt 0.976240 0.236476
vt 0.977808 0.235364
vt 0.980893 0.235290
vt 0.978332 0.238959
vt 0.967896 0.843238
vt 0.970982 0.843240
vt 0.970976 0.852140
vt 0.967890 0.852138
vt 0.505795 0.828905
vt 0.497202 0.827204
vt 0.497912 0.823980
vt 0.506379 0.825656
vt 0.553622 0.276309
vt 0.554891 0.279298
vt 0.546751 0.282308
vt 0.545430 0.279338
vt 0.444781 0.927723
vt 0.449379 0.928229
vt 0.449385 0.931315
vt 0.444789 0.931839
vt 0.822961 0.040486
vt 0.822964 0.037175
vt 0.826074 0.037167
vt 0.826071 0.040478
vt 0.049512 0.937898
vt 0.046293 0.937133
vt 0.047664 0.929997
vt 0.050933 0.930507
vt 0.407389 0.746709
vt 0.418197 0.748022
vt 0.417701 0.751292
vt 0.407061 0.750000
vt 0.976794 0.720298
vt 0.979878 0.720412
vt 0.979527 0.730364
vt 0.976443 0.730239
vt 0.996521 0.803556
vt 0.996578 0.813472
vt 0.993267 0.813489
vt 0.993211 0.803569
vt 0.011942 0.899417
vt 0.010155 0.909171
vt 0.006931 0.908482
vt 0.008701 0.898822
vt 0.909409 0.803964
vt 0.906238 0.804911
vt 0.875844 0.988900
vt 0.870907 0.988889
vt 0.870526 0.985508
vt 0.875847 0.985589
vt 0.908483 0.781277
vt 0.911391 0.786404
vt 0.908487 0.787994
vt 0.905614 0.782930
vt 0.776201 0.021929
vt 0.765535 0.022991
vt 0.765486 0.019831
vt 0.776017 0.018782
vt 0.234163 0.910021
vt 0.234955 0.906904
vt 0.317862 0.944585
vt 0.317866 0.941274
vt 0.993302 0.585902
vt 0.992865 0.576882
vt 0.996176 0.576867
vt 0.996223 0.586038
vt 0.187899 0.581798
vt 0.186909 0.584953
vt 0.743776 0.874144
vt 0.749380 0.875259
vt 0.748461 0.878256
vt 0.742946 0.877252
vt 0.858103 0.934581
vt 0.857090 0.924652
vt 0.860379 0.924387
vt 0.861379 0.934190
vt 0.668937 0.868055
vt 0.678147 0.867399
vt 0.678073 0.870564
vt 0.669073 0.871205
vt 0.649136 0.271269
vt 0.649472 0.268144
vt 0.381107 0.944981
vt 0.381112 0.941012
vt 0.924811 0.844676
vt 0.925072 0.856309
vt 0.921766 0.856310
vt 0.921509 0.844844
vt 0.655680 0.942445
vt 0.662292 0.940542
vt 0.662762 0.943773
vt 0.655594 0.945660
vt 0.196268 0.933318
vt 0.186476 0.932600
vt 0.186639 0.929304
vt 0.196575 0.930034
vt 0.641284 0.883786
vt 0.642114 0.886893
vt 0.636599 0.887897
vt 0.635679 0.884901
vt 0.475906 0.928177
vt 0.475912 0.931263
vt 0.538546 0.285469
vt 0.536328 0.286005
vt 0.535135 0.283293
vt 0.537199 0.282509
vt 0.688306 0.867259
vt 0.699096 0.867658
vt 0.698689 0.870819
vt 0.688059 0.870427
vt 0.557417 0.940653
vt 0.564981 0.941736
vt 0.564724 0.945001
vt 0.557037 0.943900
vt 0.790899 0.011361
vt 0.783508 0.012782
vt 0.782997 0.009514
vt 0.790133 0.008142
vt 0.334407 0.992531
vt 0.334330 0.989446
vt 0.481780 0.921999
vt 0.470907 0.921999
vt 0.470907 0.918688
vt 0.481780 0.918688
vt 0.571375 0.923412
vt 0.565645 0.923910
vt 0.565641 0.919839
vt 0.571372 0.920326
vt 0.181588 0.978892
vt 0.181539 0.975806
vt 0.192706 0.975673
vt 0.192728 0.978759
vt 0.286302 0.941241
vt 0.286298 0.944552
vt 0.150183 0.993443
vt 0.150183 0.996528
vt 0.669805 0.942499
vt 0.669424 0.939251
vt 0.677111 0.938151
vt 0.677368 0.941416
vt 0.980684 0.223560
vt 0.977598 0.223627
vt 0.977432 0.211938
vt 0.980517 0.211890
vt 0.245840 0.872587
vt 0.246680 0.869482
vt 0.248305 0.870789
vt 0.732814 0.022932
vt 0.721453 0.021258
vt 0.722262 0.018143
vt 0.733355 0.019778
vt 0.660551 0.931024
vt 0.660551 0.927713
vt 0.545242 0.951275
vt 0.555806 0.952395
vt 0.555356 0.955660
vt 0.544889 0.954551
vt 0.457197 0.956588
vt 0.448399 0.957642
vt 0.448026 0.954363
vt 0.456773 0.953316
vt 0.977468 0.075791
vt 0.980554 0.075737
vt 0.987104 0.510036
vt 0.987195 0.519232
vt 0.983885 0.519280
vt 0.983793 0.510048
vt 0.602606 0.942827
vt 0.613046 0.942117
vt 0.613400 0.945392
vt 0.602843 0.946110
vt 0.598022 0.981204
vt 0.600749 0.983857
vt 0.597832 0.984071
vt 0.344914 0.931519
vt 0.333504 0.931541
vt 0.333498 0.928455
vt 0.344908 0.928433
vt 0.896043 0.906157
vt 0.899760 0.895075
vt 0.902801 0.895776
vt 0.899007 0.907094
vt 0.206900 0.865976
vt 0.207466 0.862828
vt 0.218654 0.864323
vt 0.217958 0.867454
vt 0.605311 0.277780
vt 0.605011 0.274610
vt 0.380045 0.928364
vt 0.391848 0.928341
vt 0.391854 0.931427
vt 0.380051 0.931450
vt 0.753510 0.037161
vt 0.756821 0.037165
vt 0.756828 0.040274
vt 0.753518 0.040271
vt 0.534449 0.953841
vt 0.534685 0.950558
vt 0.977515 0.690764
vt 0.977593 0.681118
vt 0.980679 0.681126
vt 0.980600 0.690805
vt 0.445178 0.861352
vt 0.444631 0.864555
vt 0.435677 0.862615
vt 0.436142 0.859395
vt 0.061328 0.012304
vt 0.053136 0.009275
vt 0.054457 0.006306
vt 0.062596 0.009315
vt 0.798843 0.985276
vt 0.787557 0.985139
vt 0.787603 0.981828
vt 0.798875 0.981965
vt 0.398039 0.858946
vt 0.388260 0.859352
vt 0.387934 0.856080
vt 0.397877 0.855668
vt 0.650635 0.866482
vt 0.641263 0.868599
vt 0.641340 0.865523
vt 0.650088 0.863280
vt 0.573191 0.945823
vt 0.573309 0.942545
vt 0.582494 0.943016
vt 0.582503 0.946302
vt 0.558145 0.985678
vt 0.548515 0.985720
vt 0.548516 0.982634
vt 0.558107 0.982593
vt 0.172381 0.008188
vt 0.161640 0.011363
vt 0.160875 0.008144
vt 0.171280 0.005067
vt 0.975918 0.557044
vt 0.979004 0.557042
vt 0.594488 0.278486
vt 0.593946 0.275332
vt 0.012408 0.992671
vt 0.012376 0.989360
vt 0.021538 0.989273
vt 0.021568 0.992584
vt 0.262909 0.873867
vt 0.262034 0.883790
vt 0.258773 0.883331
vt 0.259634 0.873574
vt 0.310890 0.921997
vt 0.310890 0.918686
vt 0.321514 0.918686
vt 0.321514 0.921997
vt 0.987993 0.481475
vt 0.987384 0.493397
vt 0.984075 0.493272
vt 0.984687 0.481291
vt 0.655807 0.914279
vt 0.655807 0.910969
vt 0.664314 0.910968
vt 0.664314 0.914279
vt 0.195980 0.911490
vt 0.195588 0.914766
vt 0.185786 0.913766
vt 0.186050 0.910477
vt 0.257055 0.816694
vt 0.253859 0.817274
vt 0.251657 0.808407
vt 0.254845 0.807793
vt 0.987850 0.738561
vt 0.987616 0.747181
vt 0.984306 0.747131
vt 0.984542 0.738436
vt 0.407751 0.855814
vt 0.407747 0.859090
vt 0.609905 0.914280
vt 0.609905 0.910969
vt 0.618639 0.910969
vt 0.618639 0.914280
vt 0.741968 0.964920
vt 0.742159 0.961626
vt 0.750497 0.961936
vt 0.750433 0.965235
vt 0.975889 0.522468
vt 0.978975 0.522465
vt 0.978985 0.534033
vt 0.975899 0.534036
vt 0.536651 0.295127
vt 0.534433 0.295662
vt 0.533240 0.292951
vt 0.535304 0.292167
vt 0.689659 0.282594
vt 0.688164 0.285300
vt 0.683116 0.282407
vt 0.684547 0.279665
vt 0.576880 0.955428
vt 0.576327 0.958679
vt 0.565835 0.957072
vt 0.566352 0.953816
vt 0.632374 0.990438
vt 0.632406 0.987127
vt 0.911568 0.812598
vt 0.908333 0.813291
vt 0.250324 0.613072
vt 0.251118 0.616794
vt 0.465253 0.944740
vt 0.465257 0.941429
vt 0.475909 0.941440
vt 0.475906 0.944751
vt 0.688363 0.923292
vt 0.676242 0.923708
vt 0.676238 0.919815
vt 0.688360 0.920206
vt 0.862480 0.860208
vt 0.863490 0.856053
vt 0.866694 0.856851
vt 0.865688 0.860990
vt 0.754752 0.023610
vt 0.743879 0.023653
vt 0.744178 0.020484
vt 0.754851 0.020441
vt 0.349889 0.752149
vt 0.349269 0.748904
vt 0.360927 0.747060
vt 0.361318 0.750342
vt 0.025133 0.854587
vt 0.023834 0.863873
vt 0.020572 0.863665
vt 0.021894 0.854216
vt 0.903111 0.849734
vt 0.906273 0.849327
vt 0.906672 0.860119
vt 0.903504 0.860366
vt 0.967902 0.833195
vt 0.970988 0.833196
vt 0.979469 0.316137
vt 0.979317 0.306176
vt 0.982403 0.306141
vt 0.982554 0.316073
vt 0.209139 0.875059
vt 0.209274 0.871909
vt 0.217214 0.873042
vt 0.216820 0.876155
vt 0.986809 0.386211
vt 0.983725 0.386085
vt 0.993158 0.773708
vt 0.996469 0.773713
vt 0.488807 0.825273
vt 0.489590 0.822065
vt 0.971097 0.654278
vt 0.971092 0.662900
vt 0.968006 0.662899
vt 0.968011 0.654276
vt 0.003943 0.002479
vt 0.007325 0.002853
vt 0.007325 0.006746
vt 0.003943 0.007119
vt 0.200752 0.989329
vt 0.200764 0.986017
vt 0.071131 0.892290
vt 0.071828 0.902001
vt 0.068551 0.902005
vt 0.067867 0.892464
vt 0.475136 0.955962
vt 0.481747 0.954059
vt 0.482218 0.957290
vt 0.475049 0.959177
vt 0.042740 0.982552
vt 0.042670 0.979467
vt 0.052487 0.979298
vt 0.052528 0.982384
vt 0.988591 0.228296
vt 0.991902 0.228295
vt 0.991910 0.238120
vt 0.988599 0.238117
vt 0.009758 0.148569
vt 0.012908 0.148434
vt 0.013560 0.157606
vt 0.010394 0.157533
vt 0.828315 0.920064
vt 0.828318 0.923149
vt 0.704565 0.914279
vt 0.693984 0.914279
vt 0.693984 0.910968
vt 0.704565 0.910968
vt 0.723341 0.920171
vt 0.723344 0.923257
vt 0.711759 0.923268
vt 0.711756 0.920182
vt 0.976183 0.740511
vt 0.979537 0.740722
vt 0.979038 0.597492
vt 0.975952 0.597494
vt 0.065851 0.940937
vt 0.069086 0.941565
vt 0.067199 0.951304
vt 0.063982 0.950583
vt 0.146935 0.021931
vt 0.146751 0.018784
vt 0.329046 0.951192
vt 0.328750 0.954478
vt 0.320347 0.953870
vt 0.320539 0.950575
vt 0.545782 0.928041
vt 0.545788 0.931127
vt 0.583446 0.764227
vt 0.584211 0.761008
vt 0.591348 0.762380
vt 0.590837 0.765648
vt 0.372654 0.745996
vt 0.372839 0.749297
vt 0.259104 0.825709
vt 0.255889 0.826206
vt 0.401173 0.985283
vt 0.401262 0.982198
vt 0.411240 0.982426
vt 0.411176 0.985511
vt 0.352439 0.921997
vt 0.342476 0.921997
vt 0.342476 0.918686
vt 0.352440 0.918686
vt 0.672860 0.924085
vt 0.672855 0.919445
vt 0.081907 0.497443
vt 0.078645 0.497988
vt 0.332095 0.921997
vt 0.332095 0.918686
vt 0.997457 0.128898
vt 0.994146 0.128906
vt 0.994106 0.118971
vt 0.997417 0.118958
vt 0.977196 0.653790
vt 0.976868 0.645165
vt 0.979952 0.645015
vt 0.980280 0.653670
vt 0.988247 0.796491
vt 0.984937 0.796538
vt 0.986305 0.707980
vt 0.985907 0.705046
vt 0.989041 0.705133
vt 0.996943 0.656742
vt 0.993632 0.656751
vt 0.994218 0.703660
vt 0.997139 0.703796
vt 0.255626 0.902691
vt 0.258850 0.903380
vt 0.256817 0.913074
vt 0.253603 0.912334
vt 0.080691 0.982460
vt 0.080769 0.979375
vt 0.754574 0.010887
vt 0.754480 0.014191
vt 0.346510 0.953112
vt 0.346087 0.956385
vt 0.337339 0.955338
vt 0.337712 0.952059
vt 0.260637 0.893626
vt 0.257396 0.893031
vt 0.993624 0.626956
vt 0.993663 0.617015
vt 0.996974 0.617028
vt 0.996935 0.626962
vt 0.994726 0.425859
vt 0.994801 0.433047
vt 0.991715 0.433130
vt 0.991640 0.425863
vt 0.600010 0.961397
vt 0.594781 0.960638
vt 0.595260 0.957373
vt 0.600476 0.958131
vt 0.683602 0.914279
vt 0.683602 0.910968
vt 0.757778 0.989766
vt 0.757740 0.992853
vt 0.746034 0.992753
vt 0.746224 0.989798
vt 0.721369 0.870111
vt 0.732567 0.872002
vt 0.731784 0.875118
vt 0.720673 0.873242
vt 0.057675 0.939907
vt 0.058879 0.930608
vt 0.062143 0.930782
vt 0.060917 0.940246
vt 0.971009 0.799262
vt 0.967923 0.799260
vt 0.967930 0.787535
vt 0.971016 0.787537
vt 0.649705 0.927713
vt 0.649705 0.931024
vt 0.730197 0.890460
vt 0.729496 0.893501
vt 0.721329 0.891609
vt 0.721724 0.888496
vt 0.628380 0.927713
vt 0.628379 0.931024
vt 0.617797 0.931024
vt 0.617797 0.927713
vt 0.044905 0.006105
vt 0.046251 0.003145
vt 0.736480 0.914279
vt 0.736480 0.910968
vt 0.741805 0.910968
vt 0.741805 0.914279
vt 0.028893 0.836582
vt 0.026862 0.845515
vt 0.023647 0.845017
vt 0.025697 0.836003
vt 0.997031 0.008613
vt 0.997033 0.012418
vt 0.992604 0.011781
vt 0.992652 0.009308
vt 0.944190 0.988684
vt 0.934625 0.988762
vt 0.934599 0.985451
vt 0.944162 0.985373
vt 0.080514 0.005037
vt 0.079876 0.008278
vt 0.068387 0.005908
vt 0.069177 0.002811
vt 0.902162 0.838779
vt 0.905310 0.838213
vt 0.975437 0.463794
vt 0.979330 0.463791
vt 0.023975 0.902640
vt 0.025352 0.912339
vt 0.022111 0.912934
vt 0.020715 0.903098
vt 0.058210 0.871768
vt 0.054993 0.872489
vt 0.052872 0.862865
vt 0.056078 0.862093
vt 0.072032 0.475348
vt 0.075118 0.474152
vt 0.077163 0.479540
vt 0.074055 0.480675
vt 0.284971 0.951520
vt 0.285308 0.954801
vt 0.275412 0.955958
vt 0.274995 0.952685
vt 0.419599 0.783837
vt 0.419208 0.780555
vt 0.430638 0.778748
vt 0.431257 0.781994
vt 0.979058 0.621690
vt 0.975972 0.621693
vt 0.975968 0.615871
vt 0.979053 0.615868
vt 0.687764 0.292247
vt 0.686269 0.294953
vt 0.681221 0.292060
vt 0.682652 0.289318
vt 0.258917 0.844564
vt 0.262179 0.844357
vt 0.186753 0.922880
vt 0.177301 0.922674
vt 0.177295 0.919374
vt 0.186922 0.919584
vt 0.002418 0.003256
vt 0.002418 0.006342
vt 0.901634 0.886981
vt 0.904746 0.887375
vt 0.710195 0.868619
vt 0.709629 0.871767
vt 0.685578 0.937328
vt 0.685696 0.940607
vt 0.125404 0.985042
vt 0.125387 0.988353
vt 0.119673 0.988326
vt 0.119689 0.985015
vt 0.674865 0.878262
vt 0.685964 0.877300
vt 0.686371 0.880462
vt 0.675431 0.881410
vt 0.979453 0.277363
vt 0.982538 0.277447
vt 0.237370 0.608460
vt 0.239022 0.605599
vt 0.249132 0.611564
vt 0.247452 0.614408
vt 0.033716 0.896859
vt 0.035093 0.906559
vt 0.031852 0.907153
vt 0.030456 0.897317
vt 0.920364 0.879365
vt 0.921409 0.867844
vt 0.924710 0.868029
vt 0.923646 0.879756
vt 0.978994 0.545573
vt 0.975909 0.545575
vt 0.062572 0.901255
vt 0.059300 0.901581
vt 0.058340 0.891826
vt 0.061595 0.891334
vt 0.168618 0.875628
vt 0.168052 0.872480
vt 0.179166 0.871517
vt 0.179573 0.874679
vt 0.609340 0.763814
vt 0.619771 0.763753
vt 0.619864 0.767058
vt 0.609257 0.767119
vt 0.980381 0.065131
vt 0.977295 0.065181
vt 0.977162 0.054013
vt 0.980248 0.053991
vt 0.988385 0.807777
vt 0.988478 0.819144
vt 0.985167 0.819166
vt 0.985074 0.807809
vt 0.995033 0.407890
vt 0.994816 0.417459
vt 0.991730 0.417400
vt 0.991948 0.407807
vt 0.356544 0.928410
vt 0.356550 0.931496
vt 0.454581 0.944729
vt 0.454584 0.941418
vt 0.074902 0.585042
vt 0.071657 0.587031
vt 0.072684 0.582779
vt 0.075926 0.583415
vt 0.923996 0.833294
vt 0.920705 0.833622
vt 0.919412 0.822982
vt 0.922683 0.822486
vt 0.694912 0.931025
vt 0.694912 0.927714
vt 0.747355 0.910968
vt 0.747355 0.914279
vt 0.417462 0.856510
vt 0.417287 0.859774
vt 0.168445 0.996528
vt 0.159597 0.996528
vt 0.159597 0.993443
vt 0.168445 0.993443
vt 0.988508 0.267491
vt 0.991819 0.267512
vt 0.817987 0.931025
vt 0.807414 0.931025
vt 0.807414 0.927714
vt 0.817987 0.927714
vt 0.703128 0.957291
vt 0.702619 0.960130
vt 0.701604 0.956510
vt 0.083078 0.537528
vt 0.081917 0.548918
vt 0.078638 0.548513
vt 0.079782 0.537292
vt 0.197364 0.006011
vt 0.195868 0.003305
vt 0.988459 0.726639
vt 0.985154 0.726456
vt 0.157560 0.877106
vt 0.146439 0.878984
vt 0.145656 0.875868
vt 0.156864 0.873975
vt 0.996867 0.205603
vt 0.993946 0.205739
vt 0.993993 0.196568
vt 0.997305 0.196582
vt 0.513647 0.918689
vt 0.523291 0.918689
vt 0.523291 0.922000
vt 0.513647 0.922000
vt 0.398619 0.921997
vt 0.396411 0.921997
vt 0.396411 0.918686
vt 0.398619 0.918686
vt 0.046338 0.948640
vt 0.043217 0.947538
vt 0.988028 0.323664
vt 0.988115 0.314528
vt 0.991426 0.314559
vt 0.991802 0.324160
vt 0.774864 0.013769
vt 0.774588 0.010473
vt 0.563181 0.829654
vt 0.553251 0.830666
vt 0.552987 0.827378
vt 0.562790 0.826378
vt 0.977102 0.710402
vt 0.980186 0.710497
vt 0.124596 0.993443
vt 0.124596 0.996528
vt 0.980473 0.250929
vt 0.983554 0.251102
vt 0.177809 0.006194
vt 0.176647 0.003095
vt 0.993699 0.676029
vt 0.997010 0.676016
vt 0.130711 0.917163
vt 0.130001 0.913939
vt 0.051761 0.858054
vt 0.055243 0.856637
vt 0.454279 0.759311
vt 0.452690 0.762216
vt 0.442749 0.757508
vt 0.443975 0.754433
vt 0.385284 0.921997
vt 0.385284 0.918686
vt 0.994035 0.187323
vt 0.997346 0.187337
vt 0.985617 0.597117
vt 0.988922 0.597301
vt 0.988325 0.608974
vt 0.985016 0.608849
vt 0.166334 0.909726
vt 0.166370 0.913026
vt 0.156961 0.913352
vt 0.156750 0.910058
vt 0.743037 0.909831
vt 0.746123 0.909831
vt 0.856489 0.914738
vt 0.859786 0.914616
vt 0.426587 0.860978
vt 0.426925 0.857735
vt 0.142234 0.894624
vt 0.142944 0.897849
vt 0.134621 0.899763
vt 0.133839 0.896555
vt 0.810231 0.982057
vt 0.810209 0.985368
vt 0.690711 0.961213
vt 0.681832 0.962382
vt 0.681408 0.959109
vt 0.690259 0.957943
vt 0.486492 0.941451
vt 0.486489 0.944762
vt 0.988079 0.585396
vt 0.988106 0.591111
vt 0.984795 0.591127
vt 0.984768 0.585413
vt 0.994050 0.109055
vt 0.993982 0.099150
vt 0.997293 0.099131
vt 0.997360 0.109038
vt 0.993719 0.607095
vt 0.997030 0.607112
vt 0.896672 0.805434
vt 0.895553 0.799838
vt 0.898659 0.798999
vt 0.899779 0.804603
vt 0.796888 0.931025
vt 0.786423 0.931025
vt 0.786423 0.927714
vt 0.796888 0.927714
vt 0.942132 0.978598
vt 0.942211 0.981684
vt 0.933061 0.981818
vt 0.933029 0.978732
vt 0.894331 0.978264
vt 0.904182 0.978509
vt 0.904111 0.981594
vt 0.894236 0.981349
vt 0.582562 0.931024
vt 0.582562 0.927713
vt 0.589782 0.927713
vt 0.589782 0.931024
vt 0.828601 0.931025
vt 0.828601 0.927714
vt 0.989427 0.873671
vt 0.986116 0.873703
vt 0.986024 0.862425
vt 0.989335 0.862403
vt 0.543294 0.940706
vt 0.543207 0.937491
vt 0.550375 0.939377
vt 0.549905 0.942608
vt 0.225707 0.937597
vt 0.215893 0.935906
vt 0.216418 0.932649
vt 0.226290 0.934350
vt 0.106658 0.983411
vt 0.106826 0.980329
vt 0.111463 0.980003
vt 0.110914 0.983613
vt 0.988543 0.830560
vt 0.988570 0.836276
vt 0.985259 0.836292
vt 0.985232 0.830577
vt 0.775967 0.721659
vt 0.764623 0.723330
vt 0.764096 0.720068
vt 0.775562 0.718379
vt 0.567408 0.982438
vt 0.567492 0.985523
vt 0.593926 0.984501
vt 0.593753 0.981419
vt 0.931909 0.888363
vt 0.928800 0.887227
vt 0.931957 0.876958
vt 0.935167 0.877757
vt 0.697228 0.860877
vt 0.697389 0.857599
vt 0.707333 0.858011
vt 0.707006 0.861283
vt 0.609742 0.990281
vt 0.604140 0.990076
vt 0.604053 0.986941
vt 0.609759 0.986970
vt 0.971023 0.775761
vt 0.967937 0.775759
vt 0.967944 0.763957
vt 0.971030 0.763959
vt 0.979832 0.868340
vt 0.976746 0.868407
vt 0.976580 0.856717
vt 0.979666 0.856670
vt 0.442767 0.779324
vt 0.441923 0.776131
vt 0.453096 0.772811
vt 0.454103 0.775957
vt 0.993946 0.094203
vt 0.997189 0.093612
vt 0.483207 0.983859
vt 0.136220 0.019832
vt 0.136269 0.022993
vt 0.691957 0.991196
vt 0.684137 0.991241
vt 0.684149 0.987930
vt 0.691907 0.987885
vt 0.700337 0.990968
vt 0.700212 0.987660
vt 0.254260 0.959029
vt 0.254205 0.955630
vt 0.551727 0.285967
vt 0.552996 0.288956
vt 0.544856 0.291966
vt 0.543535 0.288996
vt 0.475715 0.765190
vt 0.478921 0.767376
vt 0.476431 0.768000
vt 0.167626 0.922947
vt 0.167462 0.919652
vt 0.205883 0.912834
vt 0.205400 0.916098
vt 0.953537 0.985291
vt 0.953567 0.988602
vt 0.971087 0.671371
vt 0.971082 0.679901
vt 0.967996 0.679899
vt 0.968001 0.671369
vt 0.694890 0.936851
vt 0.694882 0.940136
vt 0.985602 0.090803
vt 0.985791 0.079824
vt 0.989101 0.079870
vt 0.988913 0.090864
vt 0.014214 0.879658
vt 0.010939 0.879365
vt 0.011245 0.869588
vt 0.014525 0.869716
vt 0.009186 0.189090
vt 0.012334 0.189656
vt 0.010838 0.200844
vt 0.007707 0.200148
vt 0.984833 0.634071
vt 0.988143 0.634023
vt 0.988321 0.643994
vt 0.985010 0.644057
vt 0.655860 0.964917
vt 0.655669 0.961623
vt 0.729226 0.903205
vt 0.729896 0.899972
vt 0.640473 0.920255
vt 0.649105 0.920246
vt 0.649108 0.923332
vt 0.640476 0.923341
vt 0.664387 0.882884
vt 0.663691 0.879753
vt 0.257618 0.835279
vt 0.260857 0.834907
vt 0.610316 0.962804
vt 0.610734 0.959532
vt 0.639032 0.931024
vt 0.639032 0.927713
vt 0.029144 0.931643
vt 0.030839 0.936687
vt 0.026994 0.937214
vt 0.025930 0.932382
vt 0.010222 0.850355
vt 0.013483 0.850148
vt 0.014278 0.859849
vt 0.011002 0.859886
vt 0.857515 0.886087
vt 0.858848 0.877195
vt 0.862098 0.877780
vt 0.860790 0.886496
vt 0.992823 0.567636
vt 0.996134 0.567622
vt 0.031637 0.848435
vt 0.033390 0.839236
vt 0.036605 0.839734
vt 0.034876 0.848806
vt 0.193951 0.016525
vt 0.194647 0.012146
vt 0.197120 0.012098
vt 0.197756 0.016528
vt 0.089502 0.982702
vt 0.089622 0.979618
vt 0.649034 0.954821
vt 0.648480 0.951570
vt 0.013339 0.889581
vt 0.010079 0.889123
vt 0.884434 0.977957
vt 0.884321 0.981041
vt 0.148188 0.985201
vt 0.159474 0.985339
vt 0.159427 0.988650
vt 0.148155 0.988512
vt 0.813518 0.992266
vt 0.813436 0.989181
vt 0.823029 0.988961
vt 0.823087 0.992047
vt 0.415854 0.042959
vt 0.418964 0.042968
vt 0.418966 0.046279
vt 0.415857 0.046270
vt 0.202630 0.882129
vt 0.202064 0.885277
vt 0.191123 0.884330
vt 0.191530 0.881168
vt 0.758023 0.923221
vt 0.758020 0.920135
vt 0.769489 0.920124
vt 0.769492 0.923209
vt 0.709773 0.005037
vt 0.709135 0.008279
vt 0.697645 0.005909
vt 0.698435 0.002812
vt 0.368270 0.928387
vt 0.368276 0.931473
vt 0.145081 0.975980
vt 0.152527 0.976125
vt 0.152495 0.979211
vt 0.144970 0.979064
vt 0.971103 0.645289
vt 0.968017 0.645287
vt 0.983301 0.404462
vt 0.986387 0.404500
vt 0.641089 0.874971
vt 0.642027 0.877936
vt 0.170628 0.985531
vt 0.181425 0.985745
vt 0.181362 0.989056
vt 0.170567 0.988842
vt 0.181897 0.021199
vt 0.181898 0.017889
vt 0.184985 0.017871
vt 0.184985 0.021180
vt 0.170581 0.880911
vt 0.180740 0.880771
vt 0.180493 0.883938
vt 0.170508 0.884077
vt 0.983984 0.453900
vt 0.983695 0.443892
vt 0.986779 0.443803
vt 0.987069 0.453793
vt 0.987401 0.463793
vt 0.984317 0.463912
vt 0.289599 0.921997
vt 0.289599 0.918685
vt 0.300249 0.918686
vt 0.300249 0.921997
vt 0.056862 0.882135
vt 0.060097 0.881507
vt 0.229325 0.985129
vt 0.229509 0.988435
vt 0.736819 0.862375
vt 0.736098 0.865592
vt 0.136799 0.988419
vt 0.136821 0.985108
vt 0.690593 0.012300
vt 0.691862 0.009312
vt 0.699925 0.012113
vt 0.698711 0.015121
vt 0.980589 0.177780
vt 0.977503 0.177730
vt 0.977677 0.167120
vt 0.980762 0.167174
vt 0.128249 0.975070
vt 0.133999 0.975452
vt 0.133781 0.978531
vt 0.128012 0.978148
vt 0.666845 0.923314
vt 0.666842 0.920228
vt 0.671331 0.920224
vt 0.671334 0.923309
vt 0.010409 0.831500
vt 0.007194 0.831998
vt 0.980903 0.247022
vt 0.983770 0.246832
vt 0.967916 0.810896
vt 0.971001 0.810898
vt 0.970994 0.822309
vt 0.967909 0.822307
vt 0.979737 0.822560
vt 0.976651 0.822510
vt 0.924917 0.988830
vt 0.915130 0.988882
vt 0.915113 0.985571
vt 0.924895 0.985519
vt 0.987920 0.562613
vt 0.984609 0.562645
vt 0.984471 0.551373
vt 0.987782 0.551326
vt 0.709728 0.018492
vt 0.710782 0.015435
vt 0.308524 0.982531
vt 0.308565 0.985617
vt 0.298885 0.985695
vt 0.298878 0.982608
vt 0.395995 0.954906
vt 0.395658 0.958188
vt 0.385682 0.957024
vt 0.386099 0.953751
vt 0.559844 0.283145
vt 0.561059 0.286153
vt 0.185272 0.996528
vt 0.185272 0.993443
vt 0.004909 0.918125
vt 0.008122 0.918865
vt 0.007059 0.923697
vt 0.003214 0.923170
vt 0.176136 0.909876
vt 0.176015 0.913174
vt 0.980689 0.007622
vt 0.980479 0.019351
vt 0.977393 0.019284
vt 0.977603 0.007547
vt 0.980523 0.662522
vt 0.977438 0.662600
vt 0.168983 0.890746
vt 0.169194 0.894040
vt 0.300694 0.989819
vt 0.312130 0.989803
vt 0.312140 0.992889
vt 0.300674 0.992905
vt 0.289099 0.989759
vt 0.289061 0.992845
vt 0.981116 0.244106
vt 0.012161 0.840698
vt 0.008922 0.841070
vt 0.022993 0.983105
vt 0.022880 0.980021
vt 0.032794 0.979713
vt 0.032890 0.982798
vt 0.976560 0.118470
vt 0.976941 0.112720
vt 0.980021 0.112938
vt 0.979638 0.118707
vt 0.103203 0.008982
vt 0.114371 0.010242
vt 0.114100 0.013536
vt 0.102762 0.012257
vt 0.561477 0.919843
vt 0.561481 0.923915
vt 0.987376 0.529376
vt 0.984065 0.529438
vt 0.318311 0.982364
vt 0.318382 0.985449
vt 0.971045 0.740317
vt 0.971038 0.752144
vt 0.967952 0.752142
vt 0.967959 0.740315
vt 0.294471 0.950701
vt 0.294687 0.953993
vt 0.984975 0.474472
vt 0.987757 0.473795
vt 0.621105 0.990345
vt 0.621128 0.987035
vt 0.571657 0.931024
vt 0.571657 0.927713
vt 0.976180 0.629329
vt 0.979659 0.627461
vt 0.780743 0.923198
vt 0.780740 0.920112
vt 0.992708 0.509198
vt 0.992747 0.499258
vt 0.996058 0.499271
vt 0.996020 0.509205
vt 0.033576 0.858092
vt 0.030314 0.857884
vt 0.644455 0.904785
vt 0.643871 0.901538
vt 0.661292 0.889405
vt 0.661987 0.892536
vt 0.650876 0.894411
vt 0.650093 0.891295
vt 0.165539 0.903580
vt 0.165370 0.900284
vt 0.834410 0.927288
vt 0.834410 0.931452
vt 0.923615 0.978754
vt 0.923607 0.981840
vt 0.174208 0.013383
vt 0.174990 0.016402
vt 0.983458 0.395114
vt 0.986542 0.395199
vt 0.694701 0.957292
vt 0.696224 0.956511
vt 0.695208 0.960131
vt 0.038884 0.925862
vt 0.040579 0.930907
vt 0.036734 0.931433
vt 0.035671 0.926601
vt 0.989751 0.895792
vt 0.986441 0.895853
vt 0.358447 0.860442
vt 0.359168 0.863659
vt 0.349545 0.865779
vt 0.348772 0.862574
vt 0.378505 0.860312
vt 0.378013 0.857057
vt 0.206082 0.934446
vt 0.206515 0.931176
vt 0.049741 0.992341
vt 0.049716 0.989030
vt 0.572757 0.270117
vt 0.573811 0.273174
vt 0.562954 0.276496
vt 0.561739 0.273489
vt 0.194459 0.904368
vt 0.194766 0.901083
vt 0.902729 0.879300
vt 0.905880 0.879436
vt 0.996646 0.823377
vt 0.996681 0.828324
vt 0.993439 0.828915
vt 0.993335 0.823396
vt 0.599480 0.766635
vt 0.599756 0.763339
vt 0.979989 0.336149
vt 0.979698 0.326140
vt 0.982783 0.326051
vt 0.983074 0.336041
vt 0.453786 0.029751
vt 0.453785 0.025946
vt 0.458214 0.026582
vt 0.458165 0.029056
vt 0.239098 0.979200
vt 0.227368 0.978990
vt 0.227435 0.975905
vt 0.239172 0.976115
vt 0.023053 0.873403
vt 0.019777 0.873366
vt 0.675517 0.003141
vt 0.674170 0.006101
vt 0.672106 0.005318
vt 0.673299 0.002606
vt 0.375376 0.955619
vt 0.375841 0.952353
vt 0.993177 0.763834
vt 0.996488 0.763843
vt 0.855309 0.989687
vt 0.855100 0.992767
vt 0.849411 0.992442
vt 0.849600 0.989361
vt 0.409377 0.941370
vt 0.420730 0.941382
vt 0.420726 0.944693
vt 0.409373 0.944681
vt 0.008663 0.140888
vt 0.011775 0.140494
vt 0.098127 0.983029
vt 0.098277 0.979946
vt 0.577744 0.914281
vt 0.577744 0.910970
vt 0.070660 0.012117
vt 0.069445 0.015124
vt 0.065067 0.960979
vt 0.061862 0.960207
vt 0.776155 0.931025
vt 0.776155 0.927714
vt 0.657043 0.279646
vt 0.656518 0.282734
vt 0.647241 0.280923
vt 0.647577 0.277798
vt 0.284273 0.921997
vt 0.284273 0.918685
vt 0.585290 0.270465
vt 0.584481 0.267351
vt 0.986686 0.037515
vt 0.989422 0.040362
vt 0.986288 0.040449
vt 0.485450 0.821058
vt 0.484653 0.824262
vt 0.480522 0.822651
vt 0.483368 0.820958
vt 0.996974 0.666475
vt 0.993662 0.666486
vt 0.971071 0.697471
vt 0.971066 0.706427
vt 0.967980 0.706425
vt 0.967985 0.697470
vt 0.968029 0.625708
vt 0.968035 0.615306
vt 0.971121 0.615308
vt 0.971115 0.625709
vt 0.156050 0.901013
vt 0.156416 0.904294
vt 0.860549 0.868602
vt 0.863773 0.869313
vt 0.991512 0.305398
vt 0.988201 0.305368
vt 0.988284 0.296133
vt 0.991595 0.296162
vt 0.766307 0.931025
vt 0.766307 0.927714
vt 0.133524 0.888486
vt 0.144898 0.884673
vt 0.145599 0.887714
vt 0.134462 0.891450
vt 0.556096 0.989757
vt 0.556135 0.992844
vt 0.544522 0.992904
vt 0.544501 0.989818
vt 0.936651 0.870459
vt 0.933389 0.869914
vt 0.682401 0.009272
vt 0.683722 0.006302
vt 0.762683 0.942759
vt 0.764299 0.943204
vt 0.762611 0.946155
vt 0.996114 0.489355
vt 0.992803 0.489338
vt 0.992870 0.479431
vt 0.996181 0.479450
vt 0.130481 0.900769
vt 0.128399 0.900869
vt 0.125554 0.899176
vt 0.129685 0.897565
vt 0.997470 0.148819
vt 0.994159 0.148814
vt 0.741572 0.894273
vt 0.740633 0.897237
vt 0.977152 0.130191
vt 0.980232 0.129973
vt 0.980764 0.141162
vt 0.977680 0.141273
vt 0.986083 0.046051
vt 0.989394 0.046068
vt 0.531926 0.918689
vt 0.531926 0.922000
vt 0.027122 0.922000
vt 0.023898 0.922688
vt 0.538449 0.941506
vt 0.538446 0.944817
vt 0.469430 0.914283
vt 0.469429 0.910972
vt 0.475320 0.910972
vt 0.475320 0.914283
vt 0.198284 0.891168
vt 0.198019 0.894457
vt 0.188248 0.893863
vt 0.188369 0.890566
vt 0.129790 0.049113
vt 0.126879 0.050431
vt 0.126876 0.047958
vt 0.914292 0.879756
vt 0.912449 0.891414
vt 0.909203 0.890794
vt 0.911010 0.879365
vt 0.140935 0.936025
vt 0.132572 0.937838
vt 0.131830 0.934620
vt 0.140265 0.932792
vt 0.099672 0.060324
vt 0.102758 0.060327
vt 0.102754 0.063638
vt 0.099669 0.063635
vt 0.368814 0.861790
vt 0.368186 0.858555
vt 0.987590 0.540172
vt 0.984279 0.540234
vt 0.280360 0.982452
vt 0.289464 0.982586
vt 0.289432 0.985672
vt 0.280282 0.985537
vt 0.690911 0.949980
vt 0.680471 0.950691
vt 0.680118 0.947415
vt 0.690674 0.946697
vt 0.769372 0.989825
vt 0.780809 0.989807
vt 0.780819 0.992893
vt 0.769353 0.992911
vt 0.675909 0.755679
vt 0.676699 0.758776
vt 0.976826 0.811900
vt 0.979911 0.811954
vt 0.249588 0.984906
vt 0.245221 0.984670
vt 0.247089 0.981191
vt 0.250138 0.981295
vt 0.976771 0.124441
vt 0.979849 0.124204
vt 0.589527 0.959858
vt 0.589581 0.956460
vt 0.416173 0.921998
vt 0.416173 0.918687
vt 0.424767 0.918687
vt 0.424767 0.921998
vt 0.278705 0.931648
vt 0.278699 0.928562
vt 0.913328 0.822486
vt 0.914642 0.833294
vt 0.911350 0.833622
vt 0.910058 0.822982
vt 0.323369 0.989677
vt 0.323419 0.992763
vt 0.170077 0.577253
vt 0.169504 0.580510
vt 0.746483 0.923233
vt 0.746480 0.920147
vt 0.080423 0.490145
vt 0.077212 0.490944
vt 0.702813 0.899717
vt 0.702982 0.896421
vt 0.712302 0.897151
vt 0.711935 0.900431
vt 0.135272 0.881119
vt 0.129677 0.882238
vt 0.128838 0.879133
vt 0.134442 0.878012
vt 0.482387 0.991957
vt 0.475199 0.992032
vt 0.475116 0.988947
vt 0.482382 0.988871
vt 0.981068 0.985032
vt 0.981564 0.988805
vt 0.971964 0.988431
vt 0.971933 0.985120
vt 0.992460 0.449680
vt 0.992133 0.443972
vt 0.995215 0.443782
vt 0.995540 0.449471
vt 0.989563 0.884812
vt 0.986252 0.884859
vt 0.178567 0.890415
vt 0.178603 0.893715
vt 0.977138 0.042563
vt 0.977226 0.030973
vt 0.980312 0.031021
vt 0.980224 0.042582
vt 0.543337 0.831267
vt 0.543216 0.827970
vt 0.970971 0.859812
vt 0.967885 0.859810
vt 0.715188 0.914279
vt 0.715188 0.910968
vt 0.725829 0.910968
vt 0.725829 0.914279
vt 0.508706 0.984991
vt 0.508814 0.981907
vt 0.518804 0.982197
vt 0.518715 0.985281
vt 0.916270 0.796708
vt 0.918764 0.803964
vt 0.915593 0.804911
vt 0.913196 0.797934
vt 0.934429 0.861578
vt 0.935004 0.852023
vt 0.938308 0.852142
vt 0.937721 0.861889
vt 0.631129 0.915352
vt 0.631128 0.909897
vt 0.178514 0.579101
vt 0.177710 0.582309
vt 0.043181 0.856773
vt 0.046422 0.856135
vt 0.909779 0.902923
vt 0.906585 0.902080
vt 0.735901 0.942147
vt 0.736351 0.938881
vt 0.746897 0.940303
vt 0.746380 0.943559
vt 0.980041 0.880069
vt 0.976955 0.880144
vt 0.533498 0.910971
vt 0.544299 0.910971
vt 0.544299 0.914282
vt 0.533498 0.914282
vt 0.494152 0.910972
vt 0.502787 0.910972
vt 0.502787 0.914283
vt 0.494152 0.914283
vt 0.988309 0.030854
vt 0.985222 0.030836
vt 0.985222 0.027526
vt 0.988309 0.027545
vt 0.733757 0.961017
vt 0.733461 0.964304
vt 0.700103 0.923280
vt 0.700100 0.920194
vt 0.066663 0.883165
vt 0.069906 0.882826
vt 0.503299 0.921999
vt 0.492581 0.921999
vt 0.492581 0.918688
vt 0.503299 0.918688
vt 0.070584 0.931738
vt 0.067329 0.931246
vt 0.864221 0.977346
vt 0.874494 0.977606
vt 0.874369 0.980690
vt 0.864011 0.980700
vt 0.968099 0.977646
vt 0.972355 0.977443
vt 0.972904 0.981053
vt 0.968267 0.980728
vt 0.913969 0.978676
vt 0.913928 0.981762
vt 0.983467 0.433889
vt 0.986552 0.433825
vt 0.724123 0.878840
vt 0.723729 0.881953
vt 0.715987 0.880848
vt 0.716123 0.877698
vt 0.533535 0.831417
vt 0.523951 0.831085
vt 0.524162 0.827792
vt 0.533571 0.828118
vt 0.582966 0.826737
vt 0.573085 0.828310
vt 0.572601 0.825047
vt 0.582424 0.823483
vt 0.204272 0.905497
vt 0.204706 0.902226
vt 0.672471 0.284392
vt 0.671405 0.287309
vt 0.664607 0.284877
vt 0.665389 0.281858
vt 0.912154 0.844844
vt 0.915457 0.844676
vt 0.235995 0.881745
vt 0.224914 0.878028
vt 0.225615 0.874987
vt 0.236933 0.878781
vt 0.694356 0.886556
vt 0.694602 0.889724
vt 0.683972 0.890116
vt 0.683565 0.886954
vt 0.063087 0.865120
vt 0.060970 0.855749
vt 0.064045 0.855826
vt 0.066289 0.864574
vt 0.993208 0.754098
vt 0.996518 0.754110
vt 0.458565 0.989691
vt 0.464274 0.989365
vt 0.464464 0.992446
vt 0.458774 0.992772
vt 0.338604 0.754768
vt 0.337760 0.751574
vt 0.080463 0.018495
vt 0.081516 0.015438
vt 0.713588 0.890503
vt 0.713724 0.887353
vt 0.080312 0.526314
vt 0.083617 0.526372
vt 0.712069 0.990368
vt 0.711885 0.987062
vt 0.533055 0.992887
vt 0.533065 0.989801
vt 0.189957 0.871117
vt 0.190204 0.874285
vt 0.977347 0.700551
vt 0.980433 0.700622
vt 0.950943 0.978356
vt 0.951063 0.981440
vt 0.971052 0.728469
vt 0.967966 0.728467
vt 0.615221 0.920281
vt 0.615224 0.923367
vt 0.606376 0.923376
vt 0.606373 0.920290
vt 0.862721 0.964229
vt 0.866340 0.963891
vt 0.118866 0.997021
vt 0.118866 0.992950
vt 0.644484 0.937989
vt 0.650224 0.937001
vt 0.650296 0.940397
vt 0.645038 0.941240
vt 0.885700 0.985607
vt 0.885699 0.988918
vt 0.355389 0.954282
vt 0.354937 0.957551
vt 0.176928 0.996528
vt 0.176928 0.993443
vt 0.979298 0.286710
vt 0.982384 0.286748
vt 0.982343 0.296338
vt 0.979257 0.296340
vt 0.988668 0.842504
vt 0.989066 0.845438
vt 0.985932 0.845351
vt 0.725787 0.937762
vt 0.725433 0.941037
vt 0.161194 0.979198
vt 0.161164 0.976112
vt 0.170928 0.975979
vt 0.170982 0.979065
vt 0.926778 0.892555
vt 0.929864 0.893750
vt 0.985171 0.128266
vt 0.988481 0.128216
vt 0.586999 0.923396
vt 0.576646 0.923406
vt 0.576643 0.920321
vt 0.586996 0.920310
vt 0.683685 0.899784
vt 0.683522 0.896488
vt 0.693354 0.896211
vt 0.693361 0.899511
vt 0.659124 0.861323
vt 0.659589 0.864543
vt 0.161372 0.881567
vt 0.161507 0.884718
vt 0.701052 0.946401
vt 0.701176 0.949687
vt 0.336551 0.776460
vt 0.337777 0.773385
vt 0.344754 0.775783
vt 0.343807 0.778954
vt 0.996058 0.548717
vt 0.996094 0.558259
vt 0.992783 0.558272
vt 0.992747 0.548729
vt 0.392146 0.918190
vt 0.392146 0.922494
vt 0.791461 0.923187
vt 0.791458 0.920102
vt 0.801301 0.920091
vt 0.801305 0.923177
vt 0.490845 0.988961
vt 0.490787 0.992047
vt 0.743613 0.950194
vt 0.743142 0.953425
vt 0.736100 0.952151
vt 0.736481 0.948903
vt 0.985214 0.111424
vt 0.988525 0.111471
vt 0.988436 0.120457
vt 0.985125 0.120446
vt 0.915356 0.868029
vt 0.912055 0.867844
vt 0.403663 0.928318
vt 0.403669 0.931404
vt 0.984743 0.625049
vt 0.988054 0.625038
vt 0.373137 0.784186
vt 0.373465 0.780895
vt 0.988702 0.101501
vt 0.985392 0.101438
vt 0.422696 0.956145
vt 0.422761 0.959444
vt 0.414139 0.959416
vt 0.414213 0.956118
vt 0.370146 0.954860
vt 0.364892 0.954081
vt 0.364946 0.950683
vt 0.370625 0.951596
vt 0.528782 0.982425
vt 0.528718 0.985510
vt 0.984789 0.617229
vt 0.988099 0.617279
vt 0.720709 0.901633
vt 0.721252 0.898376
vt 0.296872 0.944563
vt 0.296876 0.941252
vt 0.307402 0.941263
vt 0.307398 0.944574
vt 0.340396 0.581727
vt 0.341504 0.584847
vt 0.803008 0.989447
vt 0.803086 0.992532
vt 0.792098 0.992765
vt 0.792047 0.989679
vt 0.904998 0.935872
vt 0.907809 0.936588
vt 0.907184 0.939078
vt 0.370079 0.988949
vt 0.369996 0.992034
vt 0.917687 0.813291
vt 0.920922 0.812598
vt 0.642323 0.765123
vt 0.641883 0.761848
vt 0.674366 0.274738
vt 0.673301 0.277656
vt 0.808720 0.716730
vt 0.808602 0.720034
vt 0.798167 0.719984
vt 0.798108 0.716679
vt 0.533408 0.283841
vt 0.271549 0.982209
vt 0.271429 0.985293
vt 0.262775 0.984964
vt 0.262925 0.981881
vt 0.150604 0.868373
vt 0.149903 0.865332
vt 0.158304 0.863387
vt 0.158698 0.866500
vt 0.204650 0.924796
vt 0.195876 0.923595
vt 0.196243 0.920314
vt 0.205192 0.921540
vt 0.988014 0.573979
vt 0.984702 0.574001
vt 0.967878 0.871210
vt 0.970964 0.871212
vt 0.970961 0.877108
vt 0.967875 0.877106
vt 0.971108 0.635754
vt 0.968023 0.635752
vt 0.786444 0.020463
vt 0.786108 0.017337
vt 0.470574 0.954335
vt 0.466076 0.955417
vt 0.465624 0.952148
vt 0.470066 0.951496
vt 0.215698 0.978823
vt 0.215746 0.975737
vt 0.629792 0.964790
vt 0.630008 0.961498
vt 0.538679 0.985660
vt 0.538714 0.982575
vt 0.979044 0.604869
vt 0.975958 0.604872
vt 0.539447 0.922000
vt 0.539447 0.918689
vt 0.550758 0.918689
vt 0.550758 0.922000
vt 0.208213 0.892182
vt 0.218117 0.893527
vt 0.217633 0.896790
vt 0.207822 0.895458
vt 0.606907 0.264954
vt 0.607206 0.268124
vt 0.596384 0.268830
vt 0.595842 0.265676
vt 0.467763 0.984906
vt 0.458980 0.985257
vt 0.458854 0.982173
vt 0.467606 0.981824
vt 0.358272 0.981204
vt 0.358482 0.984557
vt 0.348124 0.984547
vt 0.347999 0.981463
vt 0.514687 0.830239
vt 0.515095 0.826964
vt 0.968041 0.604710
vt 0.971127 0.604712
vt 0.971124 0.610024
vt 0.968038 0.610022
vt 0.304812 0.765711
vt 0.301606 0.763525
vt 0.304096 0.762899
vt 0.204156 0.975649
vt 0.204137 0.978735
vt 0.068246 0.873609
vt 0.065026 0.874074
vt 0.118128 0.929318
vt 0.117337 0.926200
vt 0.127811 0.924701
vt 0.128395 0.927948
vt 0.556649 0.922000
vt 0.556649 0.918689
vt 0.996003 0.519167
vt 0.996007 0.529114
vt 0.992696 0.529119
vt 0.992692 0.519167
vt 0.786953 0.717218
vt 0.787188 0.720514
vt 0.911918 0.925467
vt 0.908808 0.924357
vt 0.347177 0.944616
vt 0.347180 0.941305
vt 0.983407 0.346041
vt 0.980323 0.346160
vt 0.421137 0.985662
vt 0.421172 0.982576
vt 0.430975 0.982636
vt 0.430973 0.985722
vt 0.592342 0.943119
vt 0.592466 0.946405
vt 0.634188 0.906155
vt 0.633397 0.903038
vt 0.394950 0.923070
vt 0.394950 0.917614
vt 0.811338 0.013867
vt 0.804256 0.016401
vt 0.803474 0.013382
vt 0.810272 0.010949
vt 0.029581 0.887394
vt 0.032856 0.887101
vt 0.992213 0.397380
vt 0.992445 0.386419
vt 0.995530 0.386469
vt 0.995299 0.397457
vt 0.486631 0.914283
vt 0.486631 0.910972
vt 0.915718 0.856309
vt 0.912412 0.856310
vt 0.091907 0.007195
vt 0.091344 0.010450
vt 0.002780 0.983717
vt 0.002570 0.980364
vt 0.012928 0.980373
vt 0.013053 0.983457
vt 0.122389 0.919078
vt 0.121606 0.915870
vt 0.118744 0.046825
vt 0.122055 0.046827
vt 0.122053 0.049919
vt 0.118742 0.049916
vt 0.630985 0.766402
vt 0.630715 0.763108
vt 0.821626 0.985433
vt 0.821643 0.982122
vt 0.827357 0.982148
vt 0.827342 0.985459
vt 0.115830 0.980238
vt 0.113962 0.983717
vt 0.820088 0.006198
vt 0.821519 0.008940
vt 0.036863 0.916219
vt 0.033639 0.916907
vt 0.237861 0.896800
vt 0.237522 0.900419
vt 0.227456 0.898355
vt 0.227998 0.895100
vt 0.157834 0.923667
vt 0.157527 0.920382
vt 0.362329 0.782873
vt 0.362825 0.779602
vt 0.985960 0.851056
vt 0.989271 0.851039
vt 0.915766 0.914260
vt 0.912620 0.913253
vt 0.915940 0.902080
vt 0.919134 0.902923
vt 0.139522 0.872090
vt 0.138584 0.869125
vt 0.240285 0.974547
vt 0.242767 0.976640
vt 0.732597 0.880803
vt 0.731895 0.883844
vt 0.200102 0.871257
vt 0.200175 0.874422
vt 0.673639 0.910968
vt 0.673639 0.914279
vt 0.977571 0.671704
vt 0.980657 0.671672
vt 0.185314 0.864632
vt 0.175342 0.864768
vt 0.175416 0.861603
vt 0.185561 0.861464
vt 0.125315 0.010888
vt 0.125222 0.014192
vt 0.651911 0.939952
vt 0.929639 0.782861
vt 0.930663 0.784488
vt 0.927421 0.785124
vt 0.926394 0.780872
vt 0.670379 0.004770
vt 0.071973 0.911874
vt 0.068695 0.911713
vt 0.596959 0.920300
vt 0.596962 0.923386
vt 0.824059 0.012795
vt 0.826971 0.011475
vt 0.826974 0.013949
vt 0.714993 0.940327
vt 0.715230 0.937043
vt 0.195945 0.865026
vt 0.196352 0.861864
vt 0.822712 0.027886
vt 0.825624 0.026727
vt 0.825625 0.029201
vt 0.738247 0.984511
vt 0.738197 0.981200
vt 0.746278 0.981153
vt 0.746267 0.984464
vt 0.488134 0.983998
vt 0.488811 0.981217
vt 0.498813 0.981574
vt 0.498694 0.984657
vt 0.328162 0.982120
vt 0.328257 0.985204
vt 0.637334 0.276332
vt 0.637149 0.279479
vt 0.756871 0.945166
vt 0.757425 0.941916
vt 0.055057 0.967247
vt 0.051982 0.967324
vt 0.449951 0.985524
vt 0.449866 0.982439
vt 0.726538 0.927425
vt 0.726538 0.931314
vt 0.729627 0.984745
vt 0.729502 0.981437
vt 0.008945 0.212052
vt 0.005828 0.211269
vt 0.405374 0.955714
vt 0.405159 0.959006
vt 0.440603 0.985679
vt 0.440565 0.982594
vt 0.632051 0.923350
vt 0.632048 0.920264
vt 0.567649 0.989788
vt 0.567840 0.992742
vt 0.733945 0.931025
vt 0.733945 0.927714
vt 0.741101 0.927714
vt 0.741101 0.931025
vt 0.215765 0.914407
vt 0.215223 0.917661
vt 0.400841 0.941361
vt 0.400837 0.944672
vt 0.743971 0.884615
vt 0.743033 0.887580
vt 0.294258 0.597930
vt 0.295342 0.601059
vt 0.617780 0.264997
vt 0.617879 0.268166
vt 0.601206 0.989678
vt 0.277355 0.992744
vt 0.277546 0.989789
vt 0.834336 0.719872
vt 0.833536 0.723082
vt 0.980455 0.188920
vt 0.977369 0.188898
vt 0.620292 0.963970
vt 0.620629 0.960689
vt 0.993785 0.597188
vt 0.997097 0.597207
vt 0.386630 0.989694
vt 0.386421 0.992774
vt 0.380732 0.992448
vt 0.380921 0.989367
vt 0.687516 0.857744
vt 0.687520 0.861020
vt 0.135829 0.014255
vt 0.135746 0.010949
vt 0.985637 0.688081
vt 0.988948 0.688059
vt 0.989013 0.699427
vt 0.985702 0.699444
vt 0.127213 0.880439
vt 0.897830 0.939078
vt 0.895521 0.985614
vt 0.895524 0.988925
vt 0.992527 0.352149
vt 0.992558 0.340596
vt 0.995513 0.340405
vt 0.995613 0.352111
vt 0.725167 0.960157
vt 0.724794 0.963436
vt 0.865101 0.851923
vt 0.866794 0.854768
vt 0.750224 0.952096
vt 0.750311 0.955312
vt 0.338058 0.981813
vt 0.338172 0.984897
vt 0.704588 0.889862
vt 0.704515 0.886697
vt 0.959568 0.978028
vt 0.959718 0.981111
vt 0.834140 0.923144
vt 0.834137 0.920058
vt 0.980045 0.802167
vt 0.976959 0.802136
vt 0.166379 0.865405
vt 0.166244 0.862255
vt 0.992716 0.538993
vt 0.996028 0.538984
vt 0.567277 0.759057
vt 0.568440 0.755958
vt 0.573807 0.757931
vt 0.572704 0.761051
vt 0.428596 0.044116
vt 0.428596 0.041024
vt 0.431908 0.041025
vt 0.431907 0.044116
vt 0.051682 0.890359
vt 0.048388 0.890629
vt 0.225628 0.916106
vt 0.225289 0.919725
vt 0.465310 0.772109
vt 0.464201 0.768999
vt 0.739439 0.725396
vt 0.737450 0.728640
vt 0.921803 0.891414
vt 0.918558 0.890795
vt 0.838675 0.992030
vt 0.838758 0.988945
vt 0.795910 0.018614
vt 0.795385 0.015526
vt 0.977824 0.148719
vt 0.980910 0.148687
vt 0.980896 0.157386
vt 0.977811 0.157356
vt 0.826630 0.006011
vt 0.825135 0.003305
vt 0.808247 0.956469
vt 0.808301 0.959868
vt 0.991883 0.218440
vt 0.988572 0.218443
vt 0.988490 0.213122
vt 0.991871 0.213503
vt 0.407439 0.921998
vt 0.407439 0.918687
vt 0.994163 0.138867
vt 0.997474 0.138867
vt 0.653275 0.884760
vt 0.652493 0.881644
vt 0.500356 0.992264
vt 0.500438 0.989179
vt 0.191520 0.989237
vt 0.191568 0.985926
vt 0.905318 0.985604
vt 0.905327 0.988915
vt 0.459407 0.762220
vt 0.457754 0.765089
vt 0.570861 0.279774
vt 0.571915 0.282831
vt 0.639229 0.266678
vt 0.639045 0.269825
vt 0.628514 0.268777
vt 0.628563 0.265616
vt 0.623514 0.941008
vt 0.623964 0.944273
vt 0.931706 0.808045
vt 0.934968 0.807517
vt 0.967991 0.688609
vt 0.971076 0.688610
vt 0.453926 0.863596
vt 0.454003 0.866672
vt 0.704853 0.936748
vt 0.704729 0.940034
vt 0.471588 0.950715
vt 0.255753 0.917906
vt 0.251908 0.917379
vt 0.989354 0.953366
vt 0.986048 0.953182
vt 0.148020 0.924795
vt 0.147587 0.921525
vt 0.623704 0.920272
vt 0.623707 0.923358
vt 0.064232 0.966436
vt 0.060751 0.965018
vt 0.137683 0.922999
vt 0.138208 0.926256
vt 0.359379 0.958203
vt 0.359887 0.955364
vt 0.360902 0.958984
vt 0.153372 0.882710
vt 0.153766 0.885823
vt 0.755462 0.984554
vt 0.755510 0.981244
vt 0.391164 0.984992
vt 0.391272 0.981908
vt 0.844941 0.723131
vt 0.843805 0.726240
vt 0.224555 0.993443
vt 0.224555 0.996528
vt 0.035440 0.830222
vt 0.037651 0.821320
vt 0.040839 0.821935
vt 0.038636 0.830801
vt 0.051919 0.921864
vt 0.048623 0.921588
vt 0.352441 0.781112
vt 0.353134 0.777877
vt 0.027908 0.827101
vt 0.031095 0.827716
vt 0.565839 0.931024
vt 0.565839 0.927713
vt 0.721165 0.007195
vt 0.720603 0.010450
vt 0.992974 0.473912
vt 0.996216 0.474503
vt 0.975388 0.881256
vt 0.977480 0.883738
vt 0.990228 0.925435
vt 0.986917 0.925446
vt 0.984912 0.364774
vt 0.987779 0.364585
vt 0.236210 0.887652
vt 0.235381 0.890760
vt 0.071561 0.921817
vt 0.068290 0.921491
vt 0.241815 0.888767
vt 0.240895 0.891764
vt 0.551101 0.931116
vt 0.551095 0.928031
vt 0.906532 0.870263
vt 0.903367 0.870337
vt 0.145954 0.579193
vt 0.145856 0.575885
vt 0.728537 0.951068
vt 0.728794 0.947803
vt 0.633993 0.939596
vt 0.634510 0.942852
vt 0.831491 0.988870
vt 0.831487 0.991956
vt 0.344733 0.866890
vt 0.343316 0.863408
vt 0.975403 0.977339
vt 0.977272 0.980818
vt 0.583395 0.280122
vt 0.582585 0.277008
vt 0.975920 0.769221
vt 0.978998 0.768984
vt 0.003273 0.992759
vt 0.002776 0.988985
vt 0.126197 0.909757
vt 0.126226 0.906681
vt 0.987150 0.502017
vt 0.983839 0.501967
vt 0.213836 0.923136
vt 0.213167 0.926368
vt 0.672466 0.887914
vt 0.673032 0.891062
vt 0.995674 0.363724
vt 0.992587 0.363744
vt 0.980430 0.200330
vt 0.977344 0.200348
vt 0.235974 0.938966
vt 0.236764 0.935848
vt 0.734915 0.923245
vt 0.734912 0.920159
vt 0.976036 0.006434
vt 0.978128 0.003952
vt 0.003074 0.121712
vt 0.006038 0.120774
vt 0.009831 0.132093
vt 0.006790 0.132794
vt 0.108496 0.988893
vt 0.108493 0.992204
vt 0.765088 0.014253
vt 0.765005 0.010948
vt 0.657918 0.923323
vt 0.657915 0.920237
vt 0.746123 0.915415
vt 0.743037 0.915415
vt 0.993890 0.591669
vt 0.997132 0.592260
vt 0.897352 0.797374
vt 0.633933 0.910473
vt 0.633933 0.914776
vt 0.993243 0.744555
vt 0.996554 0.744568
vt 0.531513 0.293498
vt 0.022810 0.883105
vt 0.019530 0.883233
vt 0.985126 0.361858
vt 0.995657 0.375190
vt 0.992571 0.375181
vt 0.769263 0.038355
vt 0.769271 0.035246
vt 0.772582 0.035243
vt 0.772574 0.038352
vt 0.113434 0.988904
vt 0.113815 0.992286
vt 0.222272 0.924962
vt 0.221530 0.928180
vt 0.592829 0.825038
vt 0.592491 0.821419
vt 0.226067 0.925983
vt 0.226095 0.929060
vt 0.717705 0.985355
vt 0.717521 0.982050
vt 0.128007 0.938718
vt 0.128035 0.935642
vt 0.929667 0.796612
vt 0.932915 0.796009
vt 0.254226 0.984580
vt 0.254393 0.981498
vt 0.019840 0.893175
vt 0.023115 0.892882
vt 0.118249 0.920084
vt 0.116167 0.920185
vt 0.113321 0.918491
vt 0.117452 0.916880
vt 0.962803 0.988517
vt 0.962773 0.985206
vt 0.899128 0.781277
vt 0.896259 0.782930
vt 0.040955 0.845436
vt 0.044051 0.844646
vt 0.980983 0.356721
vt 0.983764 0.356043
vt 0.849133 0.728262
vt 0.850328 0.725176
vt 0.044344 0.954068
vt 0.041245 0.952906
vt 0.399241 0.046809
vt 0.399242 0.050120
vt 0.396156 0.050120
vt 0.396155 0.046810
vt 0.388202 0.005327
vt 0.387049 0.002412
vt 0.389523 0.002417
vt 0.009613 0.745612
vt 0.004926 0.745299
vt 0.006477 0.741889
vt 0.009637 0.743232
vt 0.009602 0.747638
vt 0.003015 0.748227
vt 0.009834 0.749755
vt 0.002503 0.751643
vt 0.010426 0.752946
vt 0.004110 0.754510
vt 0.011099 0.756090
vt 0.006913 0.756281
vt 0.005719 0.738333
vt 0.009792 0.740389
vt 0.839938 0.419484
vt 0.839937 0.395353
vt 0.842335 0.395968
vt 0.842335 0.418869
vt 0.838164 0.421211
vt 0.838163 0.393626
vt 0.835952 0.422323
vt 0.835951 0.392515
vt 0.833555 0.421708
vt 0.833553 0.393130
vt 0.831781 0.419981
vt 0.831780 0.394857
vt 0.844546 0.394856
vt 0.844547 0.419981
vt 0.144652 0.608000
vt 0.149339 0.607687
vt 0.149363 0.610067
vt 0.146203 0.611411
vt 0.142740 0.605072
vt 0.149327 0.605661
vt 0.142227 0.601656
vt 0.149560 0.603543
vt 0.143834 0.598789
vt 0.150151 0.600352
vt 0.146638 0.597018
vt 0.150824 0.597208
vt 0.149518 0.612910
vt 0.145445 0.614966
vt 0.153874 0.607984
vt 0.153835 0.610142
vt 0.153773 0.606063
vt 0.154040 0.603811
vt 0.154227 0.601129
vt 0.154765 0.598115
vt 0.153732 0.613110
vt 0.161119 0.608295
vt 0.161434 0.610125
vt 0.161073 0.606418
vt 0.161588 0.604607
vt 0.162256 0.602325
vt 0.162676 0.599468
vt 0.161815 0.612616
vt 0.165249 0.608633
vt 0.165242 0.610442
vt 0.165282 0.606487
vt 0.165387 0.604660
vt 0.165438 0.602570
vt 0.165606 0.599877
vt 0.165139 0.612637
vt 0.209934 0.610545
vt 0.209917 0.612826
vt 0.210008 0.608117
vt 0.210194 0.605848
vt 0.210306 0.603543
vt 0.210402 0.601040
vt 0.209829 0.615266
vt 0.216794 0.611023
vt 0.215105 0.613293
vt 0.216908 0.608158
vt 0.215317 0.605771
vt 0.213600 0.603638
vt 0.213650 0.601110
vt 0.213280 0.615360
vt 0.617178 0.787320
vt 0.623886 0.787045
vt 0.623934 0.789266
vt 0.618786 0.789611
vt 0.617216 0.784517
vt 0.623829 0.784699
vt 0.618803 0.782255
vt 0.623793 0.782495
vt 0.620518 0.780229
vt 0.623817 0.780201
vt 0.620552 0.777735
vt 0.623795 0.777779
vt 0.624064 0.791714
vt 0.620536 0.791710
vt 0.637160 0.786602
vt 0.637322 0.788593
vt 0.637174 0.784816
vt 0.637278 0.782799
vt 0.637520 0.780342
vt 0.637621 0.777737
vt 0.637620 0.791007
vt 0.640954 0.786525
vt 0.640834 0.788327
vt 0.640994 0.784832
vt 0.640804 0.783004
vt 0.640402 0.780588
vt 0.640413 0.777793
vt 0.640539 0.790625
vt 0.647513 0.786754
vt 0.647331 0.789538
vt 0.647286 0.784395
vt 0.647185 0.782364
vt 0.647061 0.780391
vt 0.647058 0.778116
vt 0.646762 0.792368
vt 0.653015 0.786973
vt 0.652808 0.790036
vt 0.653116 0.784426
vt 0.653136 0.782236
vt 0.653048 0.780051
vt 0.652826 0.777504
vt 0.652644 0.793144
vt 0.663091 0.787659
vt 0.663091 0.790245
vt 0.663091 0.785037
vt 0.663090 0.782199
vt 0.663089 0.779332
vt 0.663088 0.776529
vt 0.663091 0.792876
vt 0.673171 0.786968
vt 0.673375 0.790034
vt 0.673069 0.784421
vt 0.673045 0.782229
vt 0.673130 0.780045
vt 0.673348 0.777498
vt 0.673537 0.793145
vt 0.678678 0.786746
vt 0.678855 0.789541
vt 0.678909 0.784381
vt 0.679006 0.782346
vt 0.679118 0.780369
vt 0.679116 0.778101
vt 0.679422 0.792379
vt 0.685213 0.786525
vt 0.685355 0.788333
vt 0.685274 0.784808
vt 0.685445 0.782962
vt 0.685827 0.780510
vt 0.685710 0.777764
vt 0.685675 0.790650
vt 0.689071 0.786521
vt 0.688933 0.788547
vt 0.689094 0.784731
vt 0.688968 0.782726
vt 0.688707 0.780288
vt 0.688487 0.777638
vt 0.688653 0.791000
vt 0.702471 0.786877
vt 0.702440 0.789124
vt 0.702511 0.784509
vt 0.702516 0.782280
vt 0.702442 0.779953
vt 0.702425 0.777370
vt 0.702325 0.791601
vt 0.709278 0.787095
vt 0.707660 0.789434
vt 0.709225 0.784256
vt 0.707604 0.781972
vt 0.705851 0.779916
vt 0.705812 0.777322
vt 0.705899 0.791573
vt 0.077125 0.742354
vt 0.070187 0.742768
vt 0.070183 0.740480
vt 0.075426 0.740042
vt 0.077142 0.745229
vt 0.070304 0.745196
vt 0.075556 0.747575
vt 0.070475 0.747460
vt 0.073849 0.749678
vt 0.070576 0.749761
vt 0.073894 0.752191
vt 0.070667 0.752256
vt 0.070103 0.738029
vt 0.073589 0.737943
vt 0.025522 0.744666
vt 0.025515 0.742857
vt 0.025555 0.746811
vt 0.025660 0.748638
vt 0.025712 0.750728
vt 0.025879 0.753420
vt 0.025412 0.740661
vt 0.021392 0.745003
vt 0.021708 0.743174
vt 0.021346 0.746880
vt 0.021862 0.748691
vt 0.022529 0.750973
vt 0.022950 0.753830
vt 0.022088 0.740682
vt 0.014148 0.745315
vt 0.014109 0.743157
vt 0.014047 0.747235
vt 0.014314 0.749488
vt 0.014501 0.752170
vt 0.015040 0.755183
vt 0.014006 0.740189
vt 0.010120 0.475399
vt 0.009806 0.480085
vt 0.006396 0.478534
vt 0.007740 0.475375
vt 0.012145 0.475410
vt 0.012734 0.481997
vt 0.014263 0.475178
vt 0.016149 0.482510
vt 0.017454 0.474587
vt 0.019016 0.480903
vt 0.020597 0.473914
vt 0.020788 0.478099
vt 0.002841 0.479291
vt 0.004897 0.475219
vt 0.716582 0.786611
vt 0.740714 0.786615
vt 0.740098 0.789013
vt 0.717197 0.789009
vt 0.714856 0.784837
vt 0.742441 0.784842
vt 0.713745 0.782625
vt 0.743553 0.782630
vt 0.714360 0.780227
vt 0.742938 0.780232
vt 0.716087 0.778454
vt 0.741212 0.778458
vt 0.741210 0.791225
vt 0.716085 0.791221
vt 0.577725 0.254737
vt 0.582412 0.254424
vt 0.582436 0.256804
vt 0.579276 0.258148
vt 0.575814 0.251809
vt 0.582401 0.252399
vt 0.575301 0.248394
vt 0.582633 0.250281
vt 0.576908 0.245527
vt 0.583224 0.247090
vt 0.579712 0.243756
vt 0.583897 0.243947
vt 0.582591 0.259647
vt 0.578518 0.261703
vt 0.586947 0.254721
vt 0.586908 0.256879
vt 0.586845 0.252801
vt 0.587112 0.250548
vt 0.587299 0.247867
vt 0.587838 0.244853
vt 0.586805 0.259847
vt 0.594190 0.255032
vt 0.594506 0.256862
vt 0.594144 0.253156
vt 0.594660 0.251345
vt 0.595327 0.249062
vt 0.595748 0.246206
vt 0.594887 0.259353
vt 0.598320 0.255370
vt 0.598313 0.257179
vt 0.598353 0.253225
vt 0.598458 0.251398
vt 0.598510 0.249308
vt 0.598677 0.246615
vt 0.598210 0.259374
vt 0.643003 0.257283
vt 0.642983 0.259563
vt 0.643079 0.254855
vt 0.643268 0.252584
vt 0.643385 0.250274
vt 0.643465 0.247775
vt 0.642894 0.262003
vt 0.649861 0.257772
vt 0.648168 0.260038
vt 0.649979 0.254909
vt 0.648395 0.252521
vt 0.646685 0.250384
vt 0.646719 0.247817
vt 0.646343 0.262101
vt 0.866119 0.701407
vt 0.859439 0.701687
vt 0.859397 0.699457
vt 0.864530 0.699127
vt 0.866153 0.704219
vt 0.859446 0.704043
vt 0.864532 0.706518
vt 0.859477 0.706259
vt 0.862779 0.708566
vt 0.859444 0.708569
vt 0.862746 0.711060
vt 0.859467 0.711023
vt 0.859281 0.697003
vt 0.862798 0.697029
vt 0.846059 0.702075
vt 0.845918 0.700050
vt 0.846059 0.703863
vt 0.845939 0.705862
vt 0.845681 0.708289
vt 0.845496 0.710952
vt 0.845641 0.697600
vt 0.842197 0.702068
vt 0.842341 0.700262
vt 0.842253 0.703784
vt 0.842422 0.705629
vt 0.842807 0.708081
vt 0.842698 0.710839
vt 0.842663 0.697948
vt 0.835665 0.701846
vt 0.835844 0.699052
vt 0.835893 0.704209
vt 0.835989 0.706243
vt 0.836100 0.708219
vt 0.836094 0.710487
vt 0.836412 0.696216
vt 0.830164 0.701620
vt 0.830369 0.698558
vt 0.830060 0.704165
vt 0.830035 0.706353
vt 0.830117 0.708535
vt 0.830331 0.711078
vt 0.830531 0.695452
vt 0.820101 0.700926
vt 0.820103 0.698345
vt 0.820100 0.703542
vt 0.820097 0.706375
vt 0.820094 0.709235
vt 0.820091 0.712031
vt 0.820104 0.695720
vt 0.810044 0.701607
vt 0.809843 0.698548
vt 0.810144 0.704148
vt 0.810165 0.706334
vt 0.810078 0.708513
vt 0.809858 0.711052
vt 0.809684 0.695445
vt 0.804551 0.701824
vt 0.804376 0.699036
vt 0.804319 0.704182
vt 0.804220 0.706211
vt 0.804106 0.708183
vt 0.804106 0.710445
vt 0.803813 0.696205
vt 0.798033 0.702035
vt 0.797893 0.700234
vt 0.797973 0.703747
vt 0.797801 0.705589
vt 0.797415 0.708035
vt 0.797526 0.710776
vt 0.797578 0.697925
vt 0.794179 0.702033
vt 0.794327 0.700013
vt 0.794175 0.703819
vt 0.794290 0.705818
vt 0.794541 0.708250
vt 0.794753 0.710896
vt 0.794614 0.697573
vt 0.780823 0.701572
vt 0.780882 0.699341
vt 0.780803 0.703932
vt 0.780769 0.706159
vt 0.780814 0.708491
vt 0.780825 0.711082
vt 0.781018 0.696887
vt 0.774116 0.701240
vt 0.775736 0.698965
vt 0.774053 0.704066
vt 0.775655 0.706392
vt 0.777393 0.708482
vt 0.777412 0.711107
vt 0.777494 0.696878
vt 0.006778 0.407950
vt 0.007266 0.414807
vt 0.004986 0.414827
vt 0.004512 0.409642
vt 0.009641 0.407831
vt 0.009695 0.414732
vt 0.012029 0.409416
vt 0.011965 0.414542
vt 0.014166 0.411126
vt 0.014275 0.414426
vt 0.016733 0.411093
vt 0.016774 0.414347
vt 0.002547 0.414916
vt 0.002448 0.411467
vt 0.009175 0.459490
vt 0.007367 0.459497
vt 0.011321 0.459458
vt 0.013148 0.459353
vt 0.015238 0.459301
vt 0.017930 0.459134
vt 0.005171 0.459600
vt 0.009512 0.463620
vt 0.007683 0.463304
vt 0.011389 0.463666
vt 0.013201 0.463151
vt 0.015483 0.462484
vt 0.018339 0.462063
vt 0.005192 0.462924
vt 0.009823 0.470863
vt 0.007665 0.470902
vt 0.011744 0.470965
vt 0.013996 0.470698
vt 0.016678 0.470512
vt 0.019691 0.469974
vt 0.004698 0.471005
vt 0.399428 0.697340
vt 0.399116 0.702026
vt 0.395705 0.700477
vt 0.397048 0.697317
vt 0.401453 0.697351
vt 0.402044 0.703937
vt 0.403571 0.697118
vt 0.405459 0.704449
vt 0.406761 0.696527
vt 0.408325 0.702842
vt 0.409904 0.695852
vt 0.410096 0.700037
vt 0.392151 0.701235
vt 0.394205 0.697162
vt 0.029534 0.767623
vt 0.005402 0.767623
vt 0.006018 0.765225
vt 0.028919 0.765225
vt 0.031261 0.769396
vt 0.003676 0.769396
vt 0.032373 0.771608
vt 0.002564 0.771608
vt 0.031757 0.774006
vt 0.003179 0.774006
vt 0.030030 0.775780
vt 0.004906 0.775780
vt 0.004906 0.763013
vt 0.030030 0.763013
vt 0.134842 0.864184
vt 0.134530 0.859497
vt 0.136910 0.859474
vt 0.138253 0.862634
vt 0.131913 0.866095
vt 0.132504 0.859508
vt 0.128498 0.866606
vt 0.130387 0.859275
vt 0.125631 0.864999
vt 0.127196 0.858683
vt 0.123861 0.862195
vt 0.124053 0.858009
vt 0.139753 0.859319
vt 0.141808 0.863393
vt 0.134828 0.854962
vt 0.136986 0.855002
vt 0.132908 0.855063
vt 0.130655 0.854795
vt 0.127973 0.854608
vt 0.124960 0.854069
vt 0.139954 0.855105
vt 0.135141 0.847719
vt 0.136971 0.847403
vt 0.133264 0.847764
vt 0.131453 0.847248
vt 0.129171 0.846580
vt 0.126315 0.846158
vt 0.139462 0.847023
vt 0.135480 0.843588
vt 0.137289 0.843596
vt 0.133334 0.843555
vt 0.131507 0.843450
vt 0.129418 0.843398
vt 0.126725 0.843229
vt 0.139484 0.843699
vt 0.137385 0.798924
vt 0.139674 0.798928
vt 0.134958 0.798806
vt 0.132694 0.798635
vt 0.130393 0.798533
vt 0.127898 0.798442
vt 0.142125 0.799008
vt 0.137801 0.791986
vt 0.140113 0.793685
vt 0.134926 0.791968
vt 0.132580 0.793554
vt 0.130477 0.795261
vt 0.127963 0.795215
vt 0.142212 0.795523
vt 0.259093 0.351271
vt 0.258878 0.344430
vt 0.261134 0.344399
vt 0.261444 0.349645
vt 0.256240 0.351216
vt 0.256499 0.344469
vt 0.253946 0.349586
vt 0.254259 0.344472
vt 0.251879 0.347821
vt 0.251921 0.344395
vt 0.249272 0.347779
vt 0.249326 0.344375
vt 0.263622 0.344285
vt 0.263594 0.347876
vt 0.258527 0.330973
vt 0.260560 0.330835
vt 0.256733 0.330994
vt 0.254721 0.330866
vt 0.252276 0.330600
vt 0.249617 0.330374
vt 0.263022 0.330554
vt 0.258534 0.327105
vt 0.260345 0.327248
vt 0.256813 0.327164
vt 0.254963 0.327334
vt 0.252504 0.327712
vt 0.249752 0.327589
vt 0.262667 0.327567
vt 0.258759 0.320563
vt 0.261555 0.320742
vt 0.256392 0.320791
vt 0.254356 0.320885
vt 0.252378 0.320993
vt 0.250109 0.320985
vt 0.264394 0.321308
vt 0.258985 0.315057
vt 0.262049 0.315263
vt 0.256440 0.314953
vt 0.254250 0.314926
vt 0.252067 0.315006
vt 0.249523 0.315218
vt 0.265156 0.315425
vt 0.259683 0.304993
vt 0.262264 0.304995
vt 0.257067 0.304990
vt 0.254235 0.304986
vt 0.251375 0.304981
vt 0.248579 0.304975
vt 0.264889 0.304996
vt 0.259005 0.294942
vt 0.262061 0.294739
vt 0.256466 0.295041
vt 0.254283 0.295060
vt 0.252107 0.294969
vt 0.249569 0.294744
vt 0.265161 0.294577
vt 0.258787 0.289459
vt 0.261567 0.289279
vt 0.256437 0.289231
vt 0.254415 0.289129
vt 0.252450 0.289006
vt 0.250189 0.289001
vt 0.264391 0.288710
vt 0.258567 0.282965
vt 0.260355 0.282819
vt 0.256869 0.282912
vt 0.255041 0.282747
vt 0.252632 0.282379
vt 0.249865 0.282415
vt 0.262649 0.282494
vt 0.258550 0.279149
vt 0.260556 0.279279
vt 0.256775 0.279133
vt 0.254782 0.279265
vt 0.252344 0.279527
vt 0.249784 0.279677
vt 0.262982 0.279546
vt 0.258896 0.265906
vt 0.261116 0.265935
vt 0.256556 0.265865
vt 0.254353 0.265859
vt 0.252056 0.265935
vt 0.249508 0.265954
vt 0.263562 0.266046
vt 0.259109 0.259179
vt 0.261420 0.260777
vt 0.256304 0.259233
vt 0.254048 0.260835
vt 0.252017 0.262569
vt 0.249457 0.262610
vt 0.263534 0.262516
vt 0.396145 0.629836
vt 0.396572 0.636771
vt 0.394283 0.636777
vt 0.393837 0.631538
vt 0.399018 0.629813
vt 0.399000 0.636651
vt 0.401365 0.631393
vt 0.401266 0.636476
vt 0.403472 0.633091
vt 0.403571 0.636369
vt 0.406023 0.633060
vt 0.406063 0.636295
vt 0.391833 0.636859
vt 0.391743 0.633376
vt 0.398478 0.681433
vt 0.396669 0.681441
vt 0.400623 0.681400
vt 0.402450 0.681294
vt 0.404540 0.681242
vt 0.407232 0.681074
vt 0.394474 0.681544
vt 0.398817 0.685563
vt 0.396987 0.685247
vt 0.400693 0.685608
vt 0.402504 0.685092
vt 0.404786 0.684424
vt 0.407642 0.684003
vt 0.394496 0.684868
vt 0.399130 0.692805
vt 0.396972 0.692845
vt 0.401050 0.692906
vt 0.403302 0.692639
vt 0.405984 0.692452
vt 0.408997 0.691913
vt 0.394005 0.692949
vt 0.372695 0.606614
vt 0.372382 0.611300
vt 0.368972 0.609750
vt 0.370315 0.606590
vt 0.374720 0.606625
vt 0.375310 0.613212
vt 0.376838 0.606393
vt 0.378725 0.613724
vt 0.380028 0.605802
vt 0.381591 0.612117
vt 0.383171 0.605128
vt 0.383362 0.609313
vt 0.365417 0.610507
vt 0.367472 0.606435
vt 0.178084 0.705849
vt 0.153953 0.705844
vt 0.154568 0.703447
vt 0.177470 0.703451
vt 0.179811 0.707623
vt 0.152226 0.707618
vt 0.180922 0.709835
vt 0.151114 0.709830
vt 0.180306 0.712233
vt 0.151728 0.712228
vt 0.178579 0.714006
vt 0.153455 0.714002
vt 0.153457 0.701235
vt 0.178582 0.701240
vt 0.359339 0.766304
vt 0.364026 0.765991
vt 0.364049 0.768372
vt 0.360889 0.769715
vt 0.357427 0.763376
vt 0.364014 0.763966
vt 0.356916 0.759960
vt 0.364247 0.761848
vt 0.358523 0.757093
vt 0.364839 0.758657
vt 0.361327 0.755323
vt 0.365513 0.755514
vt 0.364204 0.771214
vt 0.360131 0.773270
vt 0.368561 0.766289
vt 0.368521 0.768447
vt 0.368460 0.764369
vt 0.368727 0.762116
vt 0.368914 0.759434
vt 0.369453 0.756421
vt 0.368418 0.771415
vt 0.375804 0.766601
vt 0.376120 0.768431
vt 0.375759 0.764725
vt 0.376275 0.762913
vt 0.376942 0.760631
vt 0.377364 0.757775
vt 0.376500 0.770922
vt 0.379934 0.766940
vt 0.379927 0.768749
vt 0.379968 0.764794
vt 0.380073 0.762967
vt 0.380125 0.760877
vt 0.380293 0.758185
vt 0.379824 0.770944
vt 0.424599 0.768841
vt 0.424595 0.771130
vt 0.424717 0.766413
vt 0.424887 0.764149
vt 0.424989 0.761848
vt 0.425081 0.759353
vt 0.424515 0.773580
vt 0.431537 0.769256
vt 0.429838 0.771568
vt 0.431555 0.766380
vt 0.429969 0.764035
vt 0.428262 0.761932
vt 0.428307 0.759418
vt 0.428001 0.773667
vt 0.532844 0.788306
vt 0.526116 0.788535
vt 0.526083 0.786304
vt 0.531249 0.785996
vt 0.532785 0.791115
vt 0.526161 0.790884
vt 0.531176 0.793369
vt 0.526183 0.793089
vt 0.529440 0.795384
vt 0.526144 0.795380
vt 0.529406 0.797848
vt 0.526164 0.797809
vt 0.525969 0.783846
vt 0.529509 0.783877
vt 0.512788 0.788889
vt 0.512634 0.786893
vt 0.512792 0.790684
vt 0.512680 0.792707
vt 0.512429 0.795169
vt 0.512320 0.797779
vt 0.512343 0.784468
vt 0.508992 0.788964
vt 0.509112 0.787156
vt 0.508953 0.790662
vt 0.509142 0.792495
vt 0.509541 0.794917
vt 0.509525 0.797717
vt 0.509410 0.784849
vt 0.502416 0.788730
vt 0.502598 0.785938
vt 0.502643 0.791095
vt 0.502743 0.793132
vt 0.502865 0.795109
vt 0.502867 0.797389
vt 0.503170 0.783101
vt 0.496900 0.788508
vt 0.497108 0.785437
vt 0.496798 0.791061
vt 0.496776 0.793257
vt 0.496864 0.795447
vt 0.497085 0.798001
vt 0.497273 0.782322
vt 0.486800 0.787816
vt 0.486800 0.785225
vt 0.486799 0.790445
vt 0.486799 0.793290
vt 0.486798 0.796163
vt 0.486797 0.798973
vt 0.486800 0.782588
vt 0.476700 0.788504
vt 0.476494 0.785435
vt 0.476800 0.791057
vt 0.476822 0.793253
vt 0.476734 0.795442
vt 0.476513 0.797994
vt 0.476332 0.782320
vt 0.471183 0.788722
vt 0.471007 0.785928
vt 0.470951 0.791089
vt 0.470852 0.793128
vt 0.470735 0.795107
vt 0.470733 0.797382
vt 0.470441 0.783091
vt 0.464602 0.788947
vt 0.464489 0.787133
vt 0.464634 0.790652
vt 0.464436 0.792489
vt 0.464021 0.794936
vt 0.464105 0.797697
vt 0.464200 0.784818
vt 0.460796 0.788856
vt 0.460959 0.786856
vt 0.460781 0.790652
vt 0.460883 0.792671
vt 0.461130 0.795112
vt 0.461297 0.797782
vt 0.461259 0.784424
vt 0.447415 0.788484
vt 0.447461 0.786251
vt 0.447408 0.790838
vt 0.447374 0.793047
vt 0.447400 0.795353
vt 0.447371 0.797800
vt 0.447580 0.783795
vt 0.440742 0.788196
vt 0.442330 0.785918
vt 0.440708 0.791004
vt 0.442328 0.793300
vt 0.444075 0.795344
vt 0.444102 0.797829
vt 0.444061 0.783821
vt 0.369425 0.539109
vt 0.369852 0.546044
vt 0.367563 0.546050
vt 0.367118 0.540811
vt 0.372299 0.539087
vt 0.372280 0.545924
vt 0.374646 0.540667
vt 0.374545 0.545750
vt 0.376752 0.542366
vt 0.376850 0.545644
vt 0.379304 0.542335
vt 0.379342 0.545570
vt 0.365113 0.546131
vt 0.365023 0.542648
vt 0.371749 0.590707
vt 0.369940 0.590714
vt 0.373894 0.590674
vt 0.375721 0.590568
vt 0.377810 0.590517
vt 0.380503 0.590349
vt 0.367745 0.590817
vt 0.372086 0.594836
vt 0.370257 0.594520
vt 0.373963 0.594882
vt 0.375774 0.594366
vt 0.378056 0.593700
vt 0.380912 0.593278
vt 0.367766 0.594140
vt 0.372398 0.602079
vt 0.370240 0.602118
vt 0.374318 0.602180
vt 0.376570 0.601913
vt 0.379252 0.601727
vt 0.382265 0.601188
vt 0.367273 0.602221
vt 0.400848 0.017365
vt 0.408172 0.017116
vt 0.408125 0.026574
vt 0.400833 0.026429
vt 0.336230 0.096243
vt 0.329432 0.097150
vt 0.328858 0.088092
vt 0.335340 0.087548
vt 0.327745 0.123366
vt 0.314970 0.123490
vt 0.313185 0.096890
vt 0.309971 0.194697
vt 0.312298 0.168077
vt 0.319465 0.170372
vt 0.333575 0.124408
vt 0.309209 0.124575
vt 0.306440 0.096039
vt 0.448840 0.014419
vt 0.448851 0.028905
vt 0.439067 0.029419
vt 0.439332 0.013984
vt 0.307331 0.087552
vt 0.313694 0.088106
vt 0.332874 0.131467
vt 0.327392 0.130346
vt 0.312051 0.163954
vt 0.319585 0.164018
vt 0.311272 0.162800
vt 0.316279 0.157141
vt 0.481354 0.313236
vt 0.483650 0.320403
vt 0.477296 0.320524
vt 0.477232 0.312989
vt 0.470418 0.317218
vt 0.476077 0.312211
vt 0.309554 0.162247
vt 0.311499 0.154967
vt 0.332061 0.139434
vt 0.332324 0.144828
vt 0.327151 0.145288
vt 0.326954 0.139501
vt 0.311014 0.139255
vt 0.316048 0.139392
vt 0.315537 0.145105
vt 0.310580 0.144434
vt 0.310116 0.131499
vt 0.315462 0.130283
vt 0.333302 0.149783
vt 0.327765 0.150886
vt 0.395836 0.027172
vt 0.395981 0.016402
vt 0.306483 0.162436
vt 0.306481 0.154929
vt 0.475524 0.310492
vt 0.468245 0.312437
vt 0.468207 0.307419
vt 0.475713 0.307422
vt 0.439975 0.008990
vt 0.412687 0.012704
vt 0.409480 0.005508
vt 0.449114 0.009408
vt 0.439783 0.034426
vt 0.449118 0.034023
vt 0.652213 0.234700
vt 0.656860 0.230606
vt 0.656927 0.232195
vt 0.653703 0.235333
vt 0.400754 0.006032
vt 0.397205 0.012631
vt 0.392793 0.009904
vt 0.398034 0.003518
vt 0.413606 0.016660
vt 0.413739 0.026939
vt 0.401272 0.013963
vt 0.390418 0.014525
vt 0.225329 0.701232
vt 0.227135 0.701231
vt 0.227135 0.702850
vt 0.225330 0.702850
vt 0.192952 0.754981
vt 0.192952 0.753390
vt 0.201154 0.753361
vt 0.201154 0.754980
vt 0.766813 0.049568
vt 0.762927 0.045522
vt 0.764432 0.044927
vt 0.767457 0.048083
vt 0.314638 0.150362
vt 0.652216 0.248616
vt 0.653705 0.247982
vt 0.656931 0.251118
vt 0.656865 0.252707
vt 0.230211 0.701231
vt 0.230211 0.702849
vt 0.233398 0.754981
vt 0.233398 0.753362
vt 0.235204 0.753362
vt 0.235204 0.754981
vt 0.766814 0.027599
vt 0.767459 0.029083
vt 0.764433 0.032239
vt 0.762928 0.031644
vt 0.232006 0.754981
vt 0.232006 0.753362
vt 0.412821 0.030984
vt 0.407251 0.030131
vt 0.193086 0.701239
vt 0.219807 0.701233
vt 0.219808 0.702851
vt 0.193086 0.702857
vt 0.238280 0.753362
vt 0.238280 0.754981
vt 0.774318 0.049637
vt 0.774319 0.048019
vt 0.404313 0.037114
vt 0.402655 0.037031
vt 0.401206 0.029835
vt 0.407247 0.013628
vt 0.404283 0.006865
vt 0.400661 0.038004
vt 0.397805 0.040683
vt 0.392216 0.033971
vt 0.396978 0.031132
vt 0.389698 0.028910
vt 0.227876 0.753362
vt 0.227876 0.754980
vt 0.223937 0.701232
vt 0.223938 0.702850
vt 0.774320 0.027530
vt 0.774320 0.029149
vt 0.402672 0.006959
vt 0.409650 0.038340
vt 0.184884 0.701240
vt 0.184884 0.702830
vt 0.507974 0.310910
vt 0.309443 0.149082
vt 0.806814 0.035192
vt 0.806907 0.042447
vt 0.797444 0.042023
vt 0.797762 0.034671
vt 0.818080 0.379217
vt 0.824865 0.378306
vt 0.825443 0.387360
vt 0.818970 0.387904
vt 0.826454 0.352162
vt 0.839229 0.351874
vt 0.841123 0.378552
vt 0.242070 0.498169
vt 0.268690 0.500496
vt 0.266395 0.507663
vt 0.820707 0.351146
vt 0.845070 0.350764
vt 0.847885 0.379398
vt 0.808973 0.082938
vt 0.794469 0.082930
vt 0.794048 0.073404
vt 0.809500 0.073159
vt 0.846997 0.387901
vt 0.840620 0.387349
vt 0.821438 0.344225
vt 0.826820 0.345338
vt 0.272813 0.500249
vt 0.272748 0.507784
vt 0.273967 0.499471
vt 0.279626 0.504478
vt 0.830260 0.734068
vt 0.832559 0.741234
vt 0.826206 0.741358
vt 0.826138 0.733823
vt 0.819326 0.738055
vt 0.824983 0.733046
vt 0.274520 0.497752
vt 0.281800 0.499697
vt 0.822200 0.336414
vt 0.821754 0.331083
vt 0.826882 0.330442
vt 0.827286 0.336269
vt 0.843235 0.335816
vt 0.838186 0.335754
vt 0.838502 0.330086
vt 0.843496 0.330585
vt 0.844189 0.343712
vt 0.838753 0.344937
vt 0.820582 0.326198
vt 0.826042 0.324879
vt 0.797037 0.029814
vt 0.807806 0.030193
vt 0.274331 0.494682
vt 0.281837 0.494679
vt 0.824429 0.731327
vt 0.817150 0.733275
vt 0.817111 0.728258
vt 0.824617 0.728256
vt 0.814488 0.073884
vt 0.811201 0.047063
vt 0.818423 0.044016
vt 0.814084 0.083205
vt 0.789033 0.074035
vt 0.789444 0.083201
vt 0.601954 0.235995
vt 0.606047 0.240642
vt 0.604458 0.240709
vt 0.601321 0.237484
vt 0.818167 0.035283
vt 0.811618 0.031534
vt 0.814465 0.027141
vt 0.820778 0.032602
vt 0.807228 0.047921
vt 0.796948 0.047586
vt 0.810195 0.035643
vt 0.809834 0.024643
vt 0.985733 0.159800
vt 0.985733 0.157994
vt 0.987351 0.157994
vt 0.987351 0.159800
vt 0.004029 0.889416
vt 0.002439 0.889416
vt 0.002411 0.881214
vt 0.004029 0.881214
vt 0.549918 0.255327
vt 0.553964 0.251441
vt 0.554558 0.252946
vt 0.551403 0.255972
vt 0.839188 0.324795
vt 0.588038 0.235997
vt 0.588671 0.237486
vt 0.585535 0.240712
vt 0.583946 0.240646
vt 0.985733 0.154918
vt 0.987351 0.154918
vt 0.004034 0.848971
vt 0.002416 0.848970
vt 0.002416 0.847165
vt 0.004035 0.847165
vt 0.571887 0.255326
vt 0.570403 0.255971
vt 0.567247 0.252945
vt 0.567841 0.251440
vt 0.004034 0.850362
vt 0.002416 0.850362
vt 0.792922 0.046607
vt 0.793907 0.041061
vt 0.985733 0.192043
vt 0.985733 0.165322
vt 0.987351 0.165321
vt 0.987352 0.192043
vt 0.002417 0.844088
vt 0.004035 0.844089
vt 0.549849 0.262833
vt 0.551468 0.262833
vt 0.787002 0.037955
vt 0.787126 0.036302
vt 0.794336 0.035013
vt 0.810407 0.041607
vt 0.817237 0.038807
vt 0.786218 0.034300
vt 0.783646 0.031405
vt 0.790431 0.026060
vt 0.793132 0.030835
vt 0.795475 0.023685
vt 0.002415 0.854492
vt 0.004034 0.854492
vt 0.985733 0.161192
vt 0.987351 0.161192
vt 0.571957 0.262832
vt 0.570339 0.262832
vt 0.817181 0.037191
vt 0.785598 0.043273
vt 0.985732 0.200245
vt 0.987322 0.200245
vt 0.856879 0.731729
vt 0.844453 0.325874
vt 0.066005 0.036776
vt 0.073260 0.036682
vt 0.072838 0.046144
vt 0.065485 0.045827
vt 0.826519 0.680739
vt 0.833388 0.679946
vt 0.833911 0.689010
vt 0.827349 0.689525
vt 0.835784 0.653385
vt 0.848544 0.653903
vt 0.849640 0.680148
vt 0.067526 0.574240
vt 0.065180 0.600858
vt 0.058015 0.598557
vt 0.829998 0.652137
vt 0.854348 0.653026
vt 0.856312 0.681110
vt 0.113751 0.034609
vt 0.113745 0.049113
vt 0.104219 0.049536
vt 0.103972 0.034084
vt 0.855362 0.689501
vt 0.849081 0.688918
vt 0.831079 0.645156
vt 0.836507 0.646555
vt 0.065424 0.604981
vt 0.057889 0.604911
vt 0.066202 0.606135
vt 0.061191 0.611791
vt 0.153005 0.554524
vt 0.160172 0.552231
vt 0.160291 0.558585
vt 0.152756 0.558647
vt 0.156983 0.565462
vt 0.151978 0.559801
vt 0.067920 0.606689
vt 0.065970 0.613968
vt 0.832223 0.637233
vt 0.832175 0.631836
vt 0.837360 0.631581
vt 0.837330 0.637374
vt 0.853243 0.638238
vt 0.848219 0.637897
vt 0.848956 0.632214
vt 0.853881 0.633080
vt 0.853822 0.646031
vt 0.848431 0.646973
vt 0.831393 0.626849
vt 0.836966 0.625965
vt 0.060629 0.046554
vt 0.061006 0.035785
vt 0.070991 0.606503
vt 0.070988 0.614009
vt 0.150259 0.560353
vt 0.152202 0.567634
vt 0.147184 0.567670
vt 0.147189 0.560164
vt 0.104696 0.029096
vt 0.077875 0.032387
vt 0.074827 0.025165
vt 0.114017 0.029499
vt 0.104851 0.054551
vt 0.114016 0.054138
vt 0.089440 0.069981
vt 0.093534 0.074627
vt 0.091945 0.074695
vt 0.088808 0.071471
vt 0.066094 0.025422
vt 0.062346 0.031972
vt 0.057953 0.029126
vt 0.063413 0.022812
vt 0.078734 0.036360
vt 0.078400 0.046639
vt 0.066455 0.033394
vt 0.055455 0.033758
vt 0.002417 0.150145
vt 0.002417 0.148340
vt 0.004035 0.148340
vt 0.004036 0.150145
vt 0.134904 0.674212
vt 0.134904 0.675802
vt 0.126701 0.675830
vt 0.126702 0.674212
vt 0.989399 0.024470
vt 0.985514 0.020423
vt 0.987020 0.019829
vt 0.990045 0.022985
vt 0.850059 0.626997
vt 0.075524 0.069986
vt 0.076158 0.071475
vt 0.073022 0.074701
vt 0.071433 0.074635
vt 0.002417 0.145263
vt 0.004035 0.145263
vt 0.094458 0.674207
vt 0.094458 0.675825
vt 0.092653 0.675825
vt 0.092653 0.674206
vt 0.989405 0.002501
vt 0.990049 0.003985
vt 0.987023 0.007140
vt 0.985518 0.006546
vt 0.095850 0.674207
vt 0.095850 0.675825
vt 0.077423 0.050666
vt 0.071876 0.049682
vt 0.002419 0.182389
vt 0.002417 0.155667
vt 0.004036 0.155667
vt 0.004037 0.182389
vt 0.089576 0.675824
vt 0.089576 0.674206
vt 0.996905 0.024541
vt 0.996906 0.022923
vt 0.068771 0.056588
vt 0.067119 0.056463
vt 0.065828 0.049253
vt 0.072420 0.033182
vt 0.069618 0.026352
vt 0.065116 0.057372
vt 0.062221 0.059944
vt 0.056876 0.053160
vt 0.061650 0.050459
vt 0.054500 0.048116
vt 0.099980 0.675826
vt 0.099980 0.674208
vt 0.002417 0.151537
vt 0.004035 0.151537
vt 0.996911 0.002433
vt 0.996911 0.004052
vt 0.068002 0.026408
vt 0.074089 0.057990
vt 0.002417 0.190591
vt 0.004008 0.190591
vt 0.150686 0.527904
vt 0.855199 0.628480
vt 0.764123 0.098502
vt 0.771493 0.098793
vt 0.771023 0.108253
vt 0.763813 0.107567
vt 0.403588 0.400941
vt 0.402738 0.394189
vt 0.411529 0.393681
vt 0.412082 0.400051
vt 0.376101 0.392360
vt 0.376289 0.379590
vt 0.402482 0.377936
vt 0.817565 0.649531
vt 0.815222 0.676149
vt 0.808057 0.673850
vt 0.375006 0.398157
vt 0.375257 0.373791
vt 0.403389 0.371142
vt 0.811886 0.097315
vt 0.811980 0.111813
vt 0.802203 0.112246
vt 0.802378 0.096803
vt 0.412082 0.372031
vt 0.411539 0.378510
vt 0.368025 0.397271
vt 0.369254 0.391827
vt 0.815467 0.680272
vt 0.807932 0.680203
vt 0.816244 0.681427
vt 0.811234 0.687083
vt 0.132034 0.035254
vt 0.134330 0.042421
vt 0.127977 0.042543
vt 0.127911 0.035008
vt 0.121098 0.039237
vt 0.126757 0.034230
vt 0.817963 0.681981
vt 0.816014 0.689260
vt 0.360104 0.396412
vt 0.354813 0.396728
vt 0.354328 0.391643
vt 0.360000 0.391315
vt 0.360460 0.375380
vt 0.360362 0.380423
vt 0.354539 0.380034
vt 0.355184 0.374997
vt 0.368252 0.374514
vt 0.369363 0.379893
vt 0.349915 0.397743
vt 0.348771 0.392268
vt 0.758732 0.108053
vt 0.759369 0.097288
vt 0.821033 0.681794
vt 0.821031 0.689300
vt 0.126204 0.032511
vt 0.118924 0.034457
vt 0.118886 0.029440
vt 0.126392 0.029441
vt 0.803131 0.091886
vt 0.776253 0.094586
vt 0.773413 0.087307
vt 0.812186 0.092351
vt 0.802805 0.117328
vt 0.812220 0.116974
vt 0.545772 0.269715
vt 0.541678 0.265069
vt 0.543267 0.265001
vt 0.546405 0.268225
vt 0.764741 0.087271
vt 0.760801 0.093609
vt 0.756564 0.090634
vt 0.762187 0.084594
vt 0.777023 0.098586
vt 0.776531 0.108855
vt 0.764759 0.095167
vt 0.753924 0.095116
vt 0.100370 0.837389
vt 0.100370 0.835583
vt 0.101988 0.835583
vt 0.101989 0.837389
vt 0.642408 0.284288
vt 0.642407 0.285878
vt 0.634205 0.285902
vt 0.634206 0.284284
vt 0.026017 0.145353
vt 0.029904 0.149398
vt 0.028399 0.149993
vt 0.025373 0.146837
vt 0.349244 0.379153
vt 0.559689 0.269709
vt 0.559055 0.268220
vt 0.562190 0.264994
vt 0.563779 0.265060
vt 0.100370 0.832507
vt 0.101988 0.832507
vt 0.601962 0.284263
vt 0.601961 0.285882
vt 0.600156 0.285880
vt 0.600157 0.284262
vt 0.026021 0.167322
vt 0.025376 0.165838
vt 0.028401 0.162681
vt 0.029906 0.163275
vt 0.603354 0.284264
vt 0.603353 0.285882
vt 0.775464 0.112853
vt 0.769960 0.111720
vt 0.100375 0.869632
vt 0.100371 0.842911
vt 0.101990 0.842911
vt 0.101994 0.869632
vt 0.597080 0.285878
vt 0.597080 0.284260
vt 0.018511 0.145285
vt 0.018511 0.146903
vt 0.766621 0.118538
vt 0.764963 0.118346
vt 0.763969 0.111025
vt 0.770761 0.095227
vt 0.768196 0.088324
vt 0.762907 0.119193
vt 0.759890 0.121689
vt 0.754729 0.114642
vt 0.759651 0.112083
vt 0.752509 0.109460
vt 0.607483 0.285885
vt 0.607484 0.284267
vt 0.100371 0.838781
vt 0.101989 0.838781
vt 0.018515 0.167392
vt 0.018514 0.165774
vt 0.766591 0.088313
vt 0.771923 0.120111
vt 0.100375 0.877834
vt 0.101966 0.877834
vt 0.158653 0.032924
vt 0.350482 0.373898
vt 0.864351 0.806099
vt 0.838028 0.806100
vt 0.838027 0.793900
vt 0.864351 0.793899
vt 0.864351 0.819731
vt 0.838028 0.819732
vt 0.864352 0.833713
vt 0.838029 0.833714
vt 0.864352 0.845440
vt 0.838029 0.845441
vt 0.246395 0.838664
vt 0.246395 0.850809
vt 0.220072 0.850808
vt 0.220072 0.838663
vt 0.220072 0.825184
vt 0.246396 0.825185
vt 0.220073 0.811356
vt 0.246396 0.811356
vt 0.246396 0.799685
vt 0.220073 0.799684
vt 0.780569 0.035256
vt 0.780576 0.061579
vt 0.779486 0.061579
vt 0.779479 0.035256
vt 0.997584 0.288122
vt 0.997583 0.314445
vt 0.996493 0.314445
vt 0.996494 0.288122
vt 0.860426 0.667294
vt 0.859223 0.653716
vt 0.860313 0.653717
vt 0.861506 0.667143
vt 0.389854 0.603545
vt 0.388651 0.617123
vt 0.387572 0.616972
vt 0.388764 0.603546
vt 0.860483 0.639791
vt 0.861562 0.639945
vt 0.388592 0.589620
vt 0.387513 0.589774
vt 0.386348 0.578109
vt 0.385278 0.578318
vt 0.862727 0.628280
vt 0.863797 0.628489
vt 0.386348 0.629104
vt 0.385278 0.628898
vt 0.862730 0.679275
vt 0.863801 0.679069
vt 0.933008 0.638469
vt 0.933008 0.697852
vt 0.895425 0.697853
vt 0.895424 0.638470
vt 0.213331 0.856153
vt 0.153948 0.856154
vt 0.153631 0.853744
vt 0.213648 0.853744
vt 0.933009 0.767827
vt 0.895426 0.767828
vt 0.895425 0.708445
vt 0.933009 0.708445
vt 0.927678 0.994662
vt 0.986297 0.994663
vt 0.986297 0.997207
vt 0.927678 0.997206
vt 0.831927 0.065328
vt 0.831927 0.005945
vt 0.869510 0.005945
vt 0.869511 0.065327
vt 0.869511 0.075920
vt 0.831927 0.075920
vt 0.831927 0.072390
vt 0.869511 0.072389
vt 0.831927 0.068859
vt 0.869511 0.068858
vt 0.933009 0.771358
vt 0.895426 0.771359
vt 0.933010 0.774889
vt 0.895426 0.774890
vt 0.831927 0.002414
vt 0.869510 0.002414
vt 0.895424 0.627877
vt 0.933007 0.627877
vt 0.933007 0.631408
vt 0.895424 0.631408
vt 0.933008 0.634938
vt 0.895424 0.634939
vt 0.895425 0.704915
vt 0.933008 0.704914
vt 0.895425 0.701384
vt 0.933008 0.701383
vt 0.869511 0.135303
vt 0.831928 0.135303
vt 0.722953 0.970876
vt 0.782336 0.970881
vt 0.782653 0.973290
vt 0.722636 0.973286
vt 0.327016 0.311221
vt 0.386354 0.308912
vt 0.386765 0.311308
vt 0.326793 0.313641
vt 0.150538 0.857068
vt 0.149322 0.854963
vt 0.219238 0.859564
vt 0.216741 0.857067
vt 0.217956 0.854963
vt 0.221343 0.858349
vt 0.785747 0.969967
vt 0.786962 0.972072
vt 0.148041 0.859564
vt 0.145936 0.858349
vt 0.389727 0.307866
vt 0.391023 0.309922
vt 0.880479 0.971432
vt 0.939817 0.969124
vt 0.940228 0.971519
vt 0.880256 0.973852
vt 0.943190 0.968078
vt 0.944486 0.970134
vt 0.874334 0.149939
vt 0.874334 0.089922
vt 0.878029 0.089922
vt 0.878029 0.149939
vt 0.970898 0.384431
vt 0.970899 0.324414
vt 0.974594 0.324414
vt 0.974594 0.384431
vt 0.874334 0.011683
vt 0.874334 0.006894
vt 0.878029 0.006894
vt 0.878029 0.011683
vt 0.970899 0.319937
vt 0.974594 0.319937
vt 0.970898 0.393698
vt 0.970898 0.388909
vt 0.974593 0.388909
vt 0.974593 0.393698
vt 0.970898 0.458193
vt 0.970898 0.398175
vt 0.974593 0.398175
vt 0.974593 0.458193
vt 0.874334 0.085445
vt 0.874334 0.080656
vt 0.878029 0.080656
vt 0.878029 0.085445
vt 0.874334 0.154417
vt 0.878029 0.154417
vt 0.874334 0.016161
vt 0.878029 0.016161
vt 0.874334 0.002417
vt 0.878029 0.002417
vt 0.874334 0.076178
vt 0.878029 0.076178
vt 0.970899 0.315148
vt 0.974594 0.315148
vt 0.320981 0.308043
vt 0.323573 0.310440
vt 0.322441 0.312591
vt 0.318925 0.309339
vt 0.877036 0.970652
vt 0.875903 0.972802
vt 0.874444 0.968254
vt 0.872388 0.969550
vt 0.719543 0.969962
vt 0.718328 0.972067
vt 0.271136 0.246773
vt 0.270559 0.244472
vt 0.273183 0.243012
vt 0.274042 0.246437
vt 0.826446 0.054812
vt 0.825007 0.056167
vt 0.822453 0.054587
vt 0.825024 0.052167
vt 0.824324 0.058438
vt 0.821436 0.057969
vt 0.824451 0.120778
vt 0.826722 0.121461
vt 0.826253 0.124349
vt 0.822871 0.123332
vt 0.823096 0.119339
vt 0.820451 0.120761
vt 0.822552 0.117030
vt 0.819641 0.117325
vt 0.267694 0.830865
vt 0.265402 0.830251
vt 0.265784 0.827351
vt 0.269195 0.828265
vt 0.269091 0.832263
vt 0.271692 0.830761
vt 0.269705 0.834554
vt 0.272605 0.834172
vt 0.265402 0.897475
vt 0.267693 0.896861
vt 0.269194 0.899462
vt 0.265784 0.900376
vt 0.269091 0.895464
vt 0.271691 0.896965
vt 0.269704 0.893172
vt 0.272605 0.893554
vt 0.270205 0.305384
vt 0.273100 0.305812
vt 0.994244 0.086841
vt 0.994247 0.028222
vt 0.997147 0.027841
vt 0.997145 0.087224
vt 0.997591 0.901750
vt 0.997591 0.904122
vt 0.995047 0.904122
vt 0.995047 0.901750
vt 0.997591 0.834435
vt 0.997591 0.836411
vt 0.995047 0.836411
vt 0.995047 0.834435
vt 0.859967 0.994662
vt 0.862339 0.994662
vt 0.862339 0.997206
vt 0.859967 0.997206
vt 0.988669 0.994663
vt 0.988669 0.997207
vt 0.997591 0.965113
vt 0.997591 0.967089
vt 0.995047 0.967089
vt 0.995047 0.965113
vt 0.920958 0.994662
vt 0.923330 0.994662
vt 0.923330 0.997206
vt 0.920958 0.997206
vt 0.997591 0.962741
vt 0.995047 0.962741
vt 0.925306 0.994662
vt 0.925306 0.997206
vt 0.997591 0.838783
vt 0.997591 0.897402
vt 0.995047 0.897402
vt 0.995047 0.838783
vt 0.997591 0.899774
vt 0.995047 0.899774
vt 0.370893 0.036642
vt 0.367065 0.027377
vt 0.383643 0.007044
vt 0.384868 0.011371
vt 0.359999 0.020261
vt 0.380244 0.003643
vt 0.367023 0.055933
vt 0.370871 0.046671
vt 0.384867 0.071851
vt 0.383641 0.076177
vt 0.350639 0.066823
vt 0.359907 0.062997
vt 0.380239 0.079577
vt 0.375912 0.080801
vt 0.324325 0.027282
vt 0.320477 0.036543
vt 0.306481 0.011363
vt 0.307708 0.007037
vt 0.331442 0.020217
vt 0.311109 0.003637
vt 0.331350 0.062953
vt 0.340611 0.066801
vt 0.315431 0.080797
vt 0.311105 0.079571
vt 0.340709 0.016391
vt 0.315436 0.002413
vt 0.324283 0.055837
vt 0.307705 0.076170
vt 0.320455 0.046572
vt 0.306481 0.071843
vt 0.350738 0.016413
vt 0.375918 0.002417
vt 0.335909 0.026147
vt 0.332514 0.038962
vt 0.330695 0.052096
vt 0.348485 0.027622
vt 0.345674 0.041607
vt 0.342863 0.055593
vt 0.360653 0.031118
vt 0.358834 0.044252
vt 0.355439 0.057067
vt 0.210939 0.847607
vt 0.152320 0.847604
vt 0.148018 0.843301
vt 0.150029 0.846990
vt 0.148631 0.845592
vt 0.148021 0.784683
vt 0.152323 0.780380
vt 0.148634 0.782392
vt 0.150032 0.780994
vt 0.210942 0.780383
vt 0.215244 0.784686
vt 0.213233 0.780997
vt 0.214631 0.782395
vt 0.215242 0.843305
vt 0.214628 0.845596
vt 0.213230 0.846993
vt 0.827750 0.936756
vt 0.827751 0.949040
vt 0.823591 0.949040
vt 0.823590 0.936756
vt 0.773091 0.855607
vt 0.760807 0.855606
vt 0.760809 0.832504
vt 0.773092 0.832505
vt 0.773088 0.907689
vt 0.760804 0.907688
vt 0.760806 0.884586
vt 0.773089 0.884587
vt 0.760806 0.870096
vt 0.773090 0.870097
vt 0.773090 0.873719
vt 0.760806 0.873719
vt 0.773090 0.877342
vt 0.760806 0.877341
vt 0.773089 0.880964
vt 0.760806 0.880964
vt 0.773091 0.859229
vt 0.760807 0.859229
vt 0.773090 0.862852
vt 0.760807 0.862851
vt 0.773090 0.866474
vt 0.760807 0.866474
vt 0.415615 0.676125
vt 0.420641 0.671102
vt 0.427747 0.671104
vt 0.958004 0.943379
vt 0.961016 0.941367
vt 0.968122 0.941369
vt 0.847856 0.936755
vt 0.847857 0.949038
vt 0.843654 0.949038
vt 0.843652 0.936755
vt 0.852016 0.936754
vt 0.852017 0.949038
vt 0.841561 0.936755
vt 0.841561 0.949039
vt 0.834046 0.949039
vt 0.834046 0.936756
vt 0.842606 0.936755
vt 0.842607 0.949039
vt 0.831954 0.949039
vt 0.831953 0.936756
vt 0.833000 0.936756
vt 0.833000 0.949039
vt 0.731098 0.856374
vt 0.726938 0.856374
vt 0.726938 0.844091
vt 0.731098 0.844091
vt 0.782441 0.845954
vt 0.782440 0.822852
vt 0.794724 0.822852
vt 0.794724 0.845953
vt 0.007993 0.629544
vt 0.007593 0.628578
vt 0.025525 0.624021
vt 0.782441 0.898035
vt 0.782441 0.874934
vt 0.794724 0.874933
vt 0.794724 0.898035
vt 0.794724 0.860444
vt 0.794724 0.864066
vt 0.782441 0.864066
vt 0.782441 0.860444
vt 0.794724 0.867689
vt 0.782441 0.867689
vt 0.794724 0.871311
vt 0.782441 0.871311
vt 0.794724 0.849576
vt 0.782441 0.849576
vt 0.794724 0.853199
vt 0.782441 0.853199
vt 0.794724 0.856821
vt 0.782441 0.856821
vt 0.477142 0.002417
vt 0.483706 0.005137
vt 0.486424 0.011703
vt 0.032090 0.626741
vt 0.034102 0.629753
vt 0.034101 0.636859
vt 0.459609 0.007940
vt 0.459209 0.006973
vt 0.751204 0.856373
vt 0.747001 0.856373
vt 0.747000 0.844090
vt 0.751204 0.844090
vt 0.755364 0.856373
vt 0.755363 0.844090
vt 0.744909 0.856374
vt 0.737394 0.856374
vt 0.737393 0.844090
vt 0.744908 0.844090
vt 0.745954 0.844090
vt 0.745955 0.856373
vt 0.735301 0.844091
vt 0.736347 0.844091
vt 0.736348 0.856374
vt 0.735301 0.856374
vt 0.955277 0.973045
vt 0.955283 0.949943
vt 0.959839 0.967877
vt 0.007992 0.637059
vt 0.025522 0.642589
vt 0.960805 0.967476
vt 0.973851 0.949948
vt 0.973845 0.973050
vt 0.969286 0.967879
vt 0.969686 0.973049
vt 0.969687 0.968846
vt 0.959438 0.968843
vt 0.959437 0.973046
vt 0.968320 0.967478
vt 0.417628 0.673114
vt 0.424194 0.670396
vt 0.430758 0.673117
vt 0.432770 0.676130
vt 0.964570 0.940662
vt 0.971134 0.943382
vt 0.973145 0.946395
vt 0.029078 0.624728
vt 0.955990 0.946391
vt 0.414901 0.702780
vt 0.414907 0.679678
vt 0.419463 0.697611
vt 0.459607 0.015455
vt 0.477138 0.020985
vt 0.420429 0.697211
vt 0.433476 0.679683
vt 0.433469 0.702785
vt 0.428910 0.697614
vt 0.429309 0.702783
vt 0.429311 0.698580
vt 0.419062 0.698577
vt 0.419061 0.702781
vt 0.427944 0.697213
vt 0.002421 0.642585
vt 0.007591 0.638026
vt 0.002421 0.638425
vt 0.006625 0.638426
vt 0.002423 0.628177
vt 0.002424 0.624017
vt 0.006626 0.628177
vt 0.480691 0.020279
vt 0.480694 0.003124
vt 0.485718 0.008150
vt 0.485716 0.015255
vt 0.483703 0.018267
vt 0.034808 0.633306
vt 0.032088 0.639871
vt 0.029075 0.641883
vt 0.454036 0.020980
vt 0.459207 0.016421
vt 0.454037 0.016820
vt 0.458240 0.016821
vt 0.454039 0.006572
vt 0.454040 0.002412
vt 0.458242 0.006573
vt 0.020165 0.966805
vt 0.032449 0.966803
vt 0.032449 0.970964
vt 0.020166 0.970965
vt 0.839238 0.903888
vt 0.851522 0.903888
vt 0.851523 0.926989
vt 0.839239 0.926990
vt 0.839236 0.851806
vt 0.851519 0.851806
vt 0.851520 0.874908
vt 0.839237 0.874908
vt 0.851521 0.889398
vt 0.839237 0.889398
vt 0.839237 0.885776
vt 0.851521 0.885775
vt 0.839237 0.882153
vt 0.851521 0.882153
vt 0.839237 0.878531
vt 0.851520 0.878530
vt 0.839238 0.900266
vt 0.851521 0.900265
vt 0.839238 0.896643
vt 0.851521 0.896643
vt 0.839238 0.893021
vt 0.851521 0.893020
vt 0.319246 0.817770
vt 0.324270 0.822795
vt 0.324269 0.829901
vt 0.378215 0.406717
vt 0.381226 0.404703
vt 0.388332 0.404702
vt 0.020163 0.946699
vt 0.032446 0.946698
vt 0.032447 0.950901
vt 0.020163 0.950903
vt 0.020162 0.942539
vt 0.032446 0.942538
vt 0.020163 0.952995
vt 0.032447 0.952993
vt 0.032448 0.960508
vt 0.020164 0.960510
vt 0.020163 0.951948
vt 0.032447 0.951947
vt 0.032448 0.962600
vt 0.020165 0.962602
vt 0.020164 0.961556
vt 0.032448 0.961554
vt 0.802183 0.903935
vt 0.806343 0.903936
vt 0.806341 0.916219
vt 0.802181 0.916219
vt 0.319632 0.854438
vt 0.296531 0.854438
vt 0.296531 0.842154
vt 0.319633 0.842155
vt 0.099704 0.961578
vt 0.099303 0.960612
vt 0.117235 0.956051
vt 0.371714 0.854440
vt 0.348612 0.854439
vt 0.348613 0.842156
vt 0.371715 0.842156
vt 0.334123 0.842155
vt 0.337745 0.842155
vt 0.337745 0.854439
vt 0.334122 0.854439
vt 0.341368 0.842156
vt 0.341367 0.854439
vt 0.344990 0.842156
vt 0.344990 0.854439
vt 0.323255 0.842155
vt 0.323255 0.854439
vt 0.326878 0.842155
vt 0.326877 0.854439
vt 0.330500 0.842155
vt 0.330500 0.854439
vt 0.812158 0.336374
vt 0.794296 0.339925
vt 0.803581 0.330642
vt 0.799821 0.357457
vt 0.798854 0.357858
vt 0.782077 0.903932
vt 0.786280 0.903933
vt 0.786279 0.916217
vt 0.782075 0.916216
vt 0.777917 0.903932
vt 0.777915 0.916215
vt 0.788372 0.903933
vt 0.795887 0.903934
vt 0.795886 0.916218
vt 0.788371 0.916217
vt 0.787324 0.916217
vt 0.787326 0.903933
vt 0.797978 0.916218
vt 0.796932 0.916218
vt 0.796933 0.903935
vt 0.797979 0.903935
vt 0.375502 0.436384
vt 0.375497 0.413282
vt 0.380061 0.431213
vt 0.315692 0.835632
vt 0.298160 0.830104
vt 0.298161 0.822589
vt 0.315693 0.817064
vt 0.381028 0.430813
vt 0.394065 0.413278
vt 0.394070 0.436380
vt 0.389509 0.431211
vt 0.389910 0.436381
vt 0.389909 0.432178
vt 0.379661 0.432180
vt 0.379662 0.436383
vt 0.388542 0.430811
vt 0.322258 0.819783
vt 0.324977 0.826348
vt 0.322257 0.832913
vt 0.319245 0.834926
vt 0.384779 0.403996
vt 0.391345 0.406714
vt 0.393358 0.409725
vt 0.125813 0.968888
vt 0.120789 0.973913
vt 0.120788 0.956758
vt 0.376203 0.409729
vt 0.292591 0.817062
vt 0.297761 0.821623
vt 0.099704 0.969093
vt 0.117236 0.974620
vt 0.292590 0.835630
vt 0.297760 0.831071
vt 0.292590 0.831471
vt 0.296794 0.831471
vt 0.296794 0.821222
vt 0.292591 0.821222
vt 0.807336 0.357458
vt 0.812865 0.339927
vt 0.094134 0.974620
vt 0.099303 0.970060
vt 0.094134 0.970460
vt 0.098337 0.970460
vt 0.094134 0.960211
vt 0.094134 0.956052
vt 0.098337 0.960211
vt 0.795003 0.336372
vt 0.797016 0.333360
vt 0.800028 0.331348
vt 0.807134 0.331349
vt 0.810146 0.333362
vt 0.125813 0.961782
vt 0.126520 0.965335
vt 0.123800 0.971900
vt 0.123800 0.958770
vt 0.812862 0.363029
vt 0.808302 0.357859
vt 0.808702 0.363028
vt 0.808703 0.358825
vt 0.798454 0.363027
vt 0.794294 0.363027
vt 0.798454 0.358824
vt 0.769031 0.073400
vt 0.774182 0.068285
vt 0.774710 0.070135
vt 0.770877 0.073941
vt 0.876761 0.277128
vt 0.877583 0.277309
vt 0.876739 0.282625
vt 0.875941 0.282553
vt 0.878202 0.282781
vt 0.878958 0.282857
vt 0.878594 0.288248
vt 0.877848 0.288223
vt 0.781257 0.069909
vt 0.779975 0.071343
vt 0.025629 0.473059
vt 0.025629 0.465800
vt 0.026797 0.465800
vt 0.026797 0.473059
vt 0.877310 0.282689
vt 0.877089 0.288211
vt 0.876286 0.288195
vt 0.878299 0.277450
vt 0.770755 0.006539
vt 0.768643 0.006539
vt 0.768643 0.002414
vt 0.770755 0.002414
vt 0.025630 0.451282
vt 0.025630 0.444024
vt 0.026798 0.444024
vt 0.026798 0.451283
vt 0.025629 0.458541
vt 0.026797 0.458541
vt 0.025628 0.480318
vt 0.026796 0.480318
vt 0.025630 0.436765
vt 0.026798 0.436765
vt 0.879298 0.288275
vt 0.879290 0.293254
vt 0.878649 0.293320
vt 0.880405 0.298597
vt 0.879611 0.298751
vt 0.881616 0.304852
vt 0.880866 0.305247
vt 0.880959 0.272560
vt 0.881534 0.272913
vt 0.880247 0.277816
vt 0.879620 0.277703
vt 0.879739 0.282931
vt 0.875499 0.288207
vt 0.770606 0.080486
vt 0.772049 0.079214
vt 0.783662 0.076758
vt 0.781765 0.076440
vt 0.779155 0.082448
vt 0.771937 0.081676
vt 0.773040 0.080100
vt 0.778411 0.080675
vt 0.878967 0.277582
vt 0.878288 0.271936
vt 0.878914 0.272289
vt 0.879498 0.272262
vt 0.880071 0.272576
vt 0.876067 0.299328
vt 0.877011 0.299201
vt 0.878309 0.305488
vt 0.877511 0.305870
vt 0.877818 0.299070
vt 0.879308 0.305570
vt 0.878717 0.298917
vt 0.880040 0.305189
vt 0.875900 0.293520
vt 0.876635 0.293477
vt 0.877219 0.293438
vt 0.877872 0.293386
vt 0.130716 0.438936
vt 0.128673 0.435212
vt 0.134962 0.438837
vt 0.126636 0.438938
vt 0.122390 0.438845
vt 0.124598 0.442473
vt 0.122394 0.446104
vt 0.126641 0.446005
vt 0.128683 0.449729
vt 0.130721 0.446002
vt 0.134967 0.446095
vt 0.132758 0.442468
vt 0.747524 0.006540
vt 0.745412 0.006540
vt 0.745412 0.002414
vt 0.747524 0.002414
vt 0.758083 0.006540
vt 0.755971 0.006540
vt 0.755971 0.002414
vt 0.758083 0.002414
vt 0.764419 0.006540
vt 0.762307 0.006539
vt 0.762307 0.002414
vt 0.764419 0.002414
vt 0.751748 0.006540
vt 0.749636 0.006540
vt 0.749636 0.002414
vt 0.751748 0.002414
vt 0.760195 0.006539
vt 0.760195 0.002414
vt 0.766531 0.006539
vt 0.766531 0.002414
vt 0.753860 0.006540
vt 0.753859 0.002414
vt 0.852839 0.150586
vt 0.854684 0.150044
vt 0.858519 0.153848
vt 0.857992 0.155698
vt 0.146062 0.430768
vt 0.146764 0.437310
vt 0.145851 0.437318
vt 0.145071 0.430930
vt 0.144048 0.437390
vt 0.144202 0.443358
vt 0.143426 0.443361
vt 0.143045 0.437445
vt 0.863784 0.152637
vt 0.865066 0.154070
vt 0.524174 0.002412
vt 0.524175 0.003580
vt 0.516916 0.003582
vt 0.516915 0.002414
vt 0.145060 0.437348
vt 0.144983 0.443388
vt 0.145687 0.443423
vt 0.144203 0.431073
vt 0.116130 0.006535
vt 0.116131 0.002410
vt 0.118243 0.002410
vt 0.118242 0.006535
vt 0.172153 0.025577
vt 0.172153 0.026745
vt 0.164894 0.026747
vt 0.164894 0.025579
vt 0.751804 0.029438
vt 0.751804 0.030606
vt 0.744545 0.030606
vt 0.744545 0.029438
vt 0.531433 0.002410
vt 0.531433 0.003578
vt 0.737286 0.030606
vt 0.737286 0.029438
vt 0.157635 0.026749
vt 0.157635 0.025581
vt 0.143296 0.448238
vt 0.142731 0.448196
vt 0.142640 0.443378
vt 0.142614 0.452652
vt 0.141994 0.452511
vt 0.141181 0.457479
vt 0.140645 0.457130
vt 0.141409 0.425124
vt 0.142600 0.431325
vt 0.141863 0.431429
vt 0.140575 0.425571
vt 0.142239 0.437493
vt 0.146413 0.443476
vt 0.854409 0.143499
vt 0.855853 0.144770
vt 0.865571 0.147539
vt 0.867467 0.147220
vt 0.862957 0.141532
vt 0.862214 0.143306
vt 0.856843 0.143884
vt 0.855740 0.142308
vt 0.143398 0.431209
vt 0.144465 0.424394
vt 0.143579 0.424858
vt 0.142879 0.424813
vt 0.142183 0.425178
vt 0.145225 0.453176
vt 0.144124 0.458111
vt 0.143525 0.457822
vt 0.144539 0.453038
vt 0.142768 0.457884
vt 0.143899 0.452917
vt 0.142025 0.457485
vt 0.143193 0.452778
vt 0.145803 0.448502
vt 0.145046 0.448411
vt 0.144542 0.448355
vt 0.143974 0.448299
vt 0.784776 0.334450
vt 0.783187 0.337203
vt 0.781147 0.336657
vt 0.788406 0.340737
vt 0.785227 0.340737
vt 0.784681 0.338697
vt 0.784777 0.347023
vt 0.783188 0.344270
vt 0.784681 0.342777
vt 0.777518 0.347023
vt 0.779108 0.344270
vt 0.781148 0.344817
vt 0.773888 0.340737
vt 0.777067 0.340737
vt 0.777614 0.342777
vt 0.777517 0.334451
vt 0.779107 0.337204
vt 0.777614 0.338697
vt 0.139361 0.006538
vt 0.139362 0.002412
vt 0.141474 0.002413
vt 0.141473 0.006538
vt 0.128802 0.006537
vt 0.128802 0.002411
vt 0.130914 0.002412
vt 0.130914 0.006537
vt 0.122466 0.006536
vt 0.122466 0.002411
vt 0.124578 0.002411
vt 0.124578 0.006536
vt 0.135137 0.006537
vt 0.135138 0.002412
vt 0.137250 0.002412
vt 0.137249 0.006537
vt 0.126690 0.002411
vt 0.126690 0.006536
vt 0.120354 0.002410
vt 0.120354 0.006536
vt 0.133026 0.002412
vt 0.133025 0.006537
vt 0.349114 0.117661
vt 0.349115 0.123478
vt 0.344078 0.126388
vt 0.339040 0.123481
vt 0.339038 0.117664
vt 0.055038 0.022750
vt 0.051097 0.023808
vt 0.049265 0.016984
vt 0.056092 0.018809
vt 0.132210 0.440428
vt 0.128675 0.438391
vt 0.125144 0.440433
vt 0.125146 0.444513
vt 0.128681 0.446550
vt 0.132213 0.444508
vt 0.820485 0.015933
vt 0.822311 0.016995
vt 0.823361 0.018827
vt 0.823355 0.020939
vt 0.822294 0.022765
vt 0.820462 0.023815
vt 0.815473 0.020915
vt 0.818350 0.023809
vt 0.816524 0.022747
vt 0.815480 0.018804
vt 0.816541 0.016978
vt 0.818373 0.015927
vt 0.344075 0.114754
vt 0.875745 0.170784
vt 0.869928 0.170786
vt 0.867019 0.165749
vt 0.869926 0.160710
vt 0.875743 0.160709
vt 0.049268 0.022754
vt 0.048211 0.020925
vt 0.048210 0.018813
vt 0.051093 0.015927
vt 0.053205 0.015925
vt 0.055034 0.016980
vt 0.056093 0.020921
vt 0.053209 0.023807
vt 0.878653 0.165746
vt 0.047739 0.832806
vt 0.047677 0.825645
vt 0.049974 0.826027
vt 0.050065 0.832368
vt 0.050056 0.818873
vt 0.052068 0.819991
vt 0.054262 0.821164
vt 0.052383 0.826390
vt 0.052388 0.831945
vt 0.054917 0.826823
vt 0.054857 0.831519
vt 0.056419 0.822376
vt 0.812540 0.828763
vt 0.814041 0.833196
vt 0.811891 0.834411
vt 0.809989 0.829181
vt 0.812550 0.824071
vt 0.810097 0.823631
vt 0.807650 0.829565
vt 0.807704 0.823227
vt 0.809708 0.835586
vt 0.047967 0.817680
vt 0.052935 0.811415
vt 0.054502 0.813174
vt 0.045239 0.825244
vt 0.067576 0.805500
vt 0.067690 0.807854
vt 0.060719 0.809404
vt 0.059793 0.807119
vt 0.807956 0.816212
vt 0.805426 0.822788
vt 0.803097 0.822298
vt 0.805948 0.814998
vt 0.807694 0.836708
vt 0.805304 0.829944
vt 0.056106 0.814982
vt 0.057778 0.816875
vt 0.059436 0.818774
vt 0.817066 0.836785
vt 0.815415 0.838686
vt 0.813749 0.840581
vt 0.831372 0.806510
vt 0.825416 0.805866
vt 0.825360 0.803567
vt 0.831824 0.804196
vt 0.812152 0.842393
vt 0.061599 0.811577
vt 0.062500 0.813882
vt 0.063480 0.816242
vt 0.821113 0.839303
vt 0.820141 0.841663
vt 0.819246 0.843969
vt 0.802865 0.830338
vt 0.067802 0.847401
vt 0.061724 0.846188
vt 0.062543 0.843919
vt 0.067851 0.845036
vt 0.818374 0.846143
vt 0.067798 0.810167
vt 0.067913 0.812591
vt 0.068108 0.815152
vt 0.825741 0.840380
vt 0.825553 0.842939
vt 0.825445 0.845361
vt 0.074216 0.805989
vt 0.073808 0.808370
vt 0.818581 0.807218
vt 0.812430 0.810753
vt 0.810941 0.809000
vt 0.817730 0.804968
vt 0.825343 0.847673
vt 0.073151 0.810675
vt 0.072374 0.812997
vt 0.071939 0.815362
vt 0.829568 0.840158
vt 0.830009 0.842520
vt 0.830792 0.844839
vt 0.067708 0.851955
vt 0.067757 0.849658
vt 0.073705 0.848995
vt 0.074164 0.851305
vt 0.810590 0.844155
vt 0.805607 0.837905
vt 0.831455 0.847140
vt 0.407479 0.792370
vt 0.409201 0.790817
vt 0.410992 0.792309
vt 0.409561 0.793978
vt 0.073005 0.846767
vt 0.072187 0.844524
vt 0.413079 0.793421
vt 0.411750 0.795576
vt 0.977168 0.889731
vt 0.978680 0.889699
vt 0.978844 0.892203
vt 0.977051 0.892384
vt 0.829867 0.810991
vt 0.825525 0.810492
vt 0.825469 0.808125
vt 0.830679 0.808743
vt 0.060081 0.850580
vt 0.060924 0.848329
vt 0.979321 0.894594
vt 0.977012 0.895658
vt 0.417610 0.796104
vt 0.417623 0.799599
vt 0.414976 0.799774
vt 0.414998 0.795927
vt 0.409114 0.804823
vt 0.407402 0.803265
vt 0.409491 0.801656
vt 0.410912 0.803346
vt 0.411714 0.800073
vt 0.413019 0.802262
vt 0.980174 0.896803
vt 0.978343 0.898034
vt 0.981449 0.898748
vt 0.979717 0.900282
vt 0.415349 0.801534
vt 0.417820 0.801098
vt 0.972251 0.888989
vt 0.973696 0.889354
vt 0.973233 0.891926
vt 0.971540 0.891357
vt 0.972547 0.895123
vt 0.970541 0.893570
vt 0.415384 0.794180
vt 0.067974 0.842536
vt 0.071702 0.842231
vt 0.825657 0.812994
vt 0.829389 0.813288
vt 0.417816 0.794629
vt 0.821117 0.813951
vt 0.820215 0.811627
vt 0.063436 0.841594
vt 0.825236 0.850025
vt 0.817455 0.848429
vt 0.819389 0.809358
vt 0.053285 0.846572
vt 0.054767 0.844817
vt 0.056284 0.843012
vt 0.817115 0.816328
vt 0.815541 0.814439
vt 0.057865 0.841125
vt 0.059430 0.839233
vt 0.813953 0.812554
vt 0.048277 0.840593
vt 0.050282 0.839374
vt 0.052224 0.838230
vt 0.054332 0.837032
vt 0.056400 0.835805
vt 0.814092 0.819771
vt 0.812017 0.818546
vt 0.809898 0.817352
vt 0.045408 0.833292
vt 0.831869 0.849518
vt 0.408012 0.794566
vt 0.406220 0.793998
vt 0.407993 0.796026
vt 0.402723 0.795787
vt 0.976114 0.899348
vt 0.972587 0.898910
vt 0.970720 0.897130
vt 0.969213 0.895528
vt 0.968897 0.899028
vt 0.967538 0.897148
vt 0.379621 0.798299
vt 0.379763 0.795403
vt 0.402632 0.799514
vt 0.975473 0.904623
vt 0.971922 0.927344
vt 0.969054 0.926975
vt 0.971782 0.904119
vt 0.971137 0.898734
vt 0.970380 0.900455
vt 0.407942 0.799581
vt 0.966835 0.927262
vt 0.969249 0.929592
vt 0.968488 0.931232
vt 0.378982 0.800408
vt 0.375462 0.798244
vt 0.377029 0.797666
vt 0.377215 0.795919
vt 0.971006 0.929817
vt 0.971463 0.931437
vt 0.977397 0.906412
vt 0.973932 0.928177
vt 0.375537 0.795275
vt 0.379258 0.793257
vt 0.969441 0.905298
vt 0.977569 0.899517
vt 0.977924 0.901447
vt 0.407932 0.801046
vt 0.406051 0.801607
vt 0.978422 0.902938
vt 0.979789 0.902334
vt 0.401303 0.793582
vt 0.404919 0.793190
vt 0.405369 0.803558
vt 0.404621 0.802264
vt 0.969437 0.901661
vt 0.401056 0.801615
vt 0.392968 0.071263
vt 0.391335 0.068422
vt 0.392972 0.069371
vt 0.391327 0.072206
vt 0.389694 0.069365
vt 0.389690 0.071257
vt 0.100261 0.069981
vt 0.097423 0.071620
vt 0.098368 0.069981
vt 0.098369 0.073259
vt 0.101207 0.071619
vt 0.100262 0.073258
vt 0.115283 0.821099
vt 0.114848 0.825336
vt 0.112934 0.825267
vt 0.112964 0.820926
vt 0.117515 0.821415
vt 0.116883 0.825580
vt 0.119778 0.821768
vt 0.119125 0.825898
vt 0.108404 0.821349
vt 0.108978 0.825527
vt 0.106727 0.825812
vt 0.106134 0.821669
vt 0.110642 0.821065
vt 0.111018 0.825310
vt 0.114547 0.829275
vt 0.112909 0.829264
vt 0.116501 0.829392
vt 0.118692 0.829625
vt 0.109308 0.829352
vt 0.107105 0.829553
vt 0.111269 0.829257
vt 0.114517 0.832960
vt 0.112894 0.832950
vt 0.116235 0.832999
vt 0.118478 0.833110
vt 0.109540 0.832988
vt 0.107264 0.833059
vt 0.111268 0.832952
vt 0.114435 0.836536
vt 0.112890 0.836498
vt 0.116319 0.836563
vt 0.118511 0.836614
vt 0.109472 0.836529
vt 0.107360 0.836567
vt 0.111350 0.836524
vt 0.114417 0.840047
vt 0.112867 0.840036
vt 0.116098 0.840053
vt 0.118276 0.840041
vt 0.109579 0.839983
vt 0.107398 0.840023
vt 0.111371 0.840046
vt 0.114447 0.843538
vt 0.112928 0.843545
vt 0.116272 0.843470
vt 0.118325 0.843354
vt 0.109613 0.843425
vt 0.107522 0.843359
vt 0.111350 0.843541
vt 0.114685 0.847114
vt 0.112919 0.847171
vt 0.116521 0.846956
vt 0.118483 0.846841
vt 0.109326 0.846939
vt 0.107369 0.846825
vt 0.111148 0.847108
vt 0.114662 0.873671
vt 0.112875 0.873602
vt 0.116438 0.873822
vt 0.118413 0.873917
vt 0.109309 0.873809
vt 0.107333 0.873896
vt 0.111087 0.873665
vt 0.114430 0.877227
vt 0.112870 0.877238
vt 0.116186 0.877340
vt 0.118296 0.877392
vt 0.109549 0.877332
vt 0.107434 0.877376
vt 0.111309 0.877224
vt 0.114460 0.880768
vt 0.112869 0.880777
vt 0.116263 0.880816
vt 0.118450 0.880783
vt 0.109466 0.880821
vt 0.107263 0.880780
vt 0.111277 0.880772
vt 0.114447 0.884405
vt 0.112880 0.884416
vt 0.116414 0.884368
vt 0.118648 0.884356
vt 0.109329 0.884415
vt 0.107038 0.884389
vt 0.111311 0.884423
vt 0.114522 0.888109
vt 0.112905 0.888142
vt 0.116404 0.888002
vt 0.118704 0.887983
vt 0.109421 0.888046
vt 0.107164 0.888018
vt 0.111292 0.888126
vt 0.114599 0.891840
vt 0.112917 0.891864
vt 0.116452 0.891676
vt 0.118689 0.891519
vt 0.109389 0.891685
vt 0.107166 0.891526
vt 0.111237 0.891845
vt 0.114826 0.895740
vt 0.112919 0.895795
vt 0.116836 0.895508
vt 0.119065 0.895215
vt 0.109006 0.895506
vt 0.106783 0.895211
vt 0.111014 0.895739
vt 0.115219 0.899848
vt 0.112917 0.900006
vt 0.117430 0.899546
vt 0.119673 0.899210
vt 0.108408 0.899539
vt 0.106168 0.899199
vt 0.110616 0.899844
vt 0.184928 0.942658
vt 0.157936 0.942892
vt 0.157696 0.940021
vt 0.185128 0.939742
vt 0.185191 0.951770
vt 0.157751 0.951623
vt 0.157958 0.948763
vt 0.184952 0.948838
vt 0.184768 0.945747
vt 0.158112 0.945828
vt 0.154709 0.945843
vt 0.154666 0.943131
vt 0.154656 0.951480
vt 0.154693 0.948554
vt 0.154598 0.940200
vt 0.151537 0.948595
vt 0.151330 0.945861
vt 0.151507 0.943124
vt 0.151948 0.951539
vt 0.151886 0.940173
vt 0.148113 0.949285
vt 0.147184 0.945884
vt 0.148075 0.942472
vt 0.149315 0.952235
vt 0.149243 0.939507
vt 0.083380 0.968417
vt 0.083343 0.964079
vt 0.086204 0.963854
vt 0.086939 0.967431
vt 0.076704 0.966275
vt 0.077398 0.963511
vt 0.080478 0.963903
vt 0.079806 0.967493
vt 0.089276 0.963407
vt 0.090019 0.966159
vt 0.080473 0.960605
vt 0.083312 0.960551
vt 0.086152 0.960556
vt 0.077428 0.960680
vt 0.089197 0.960578
vt 0.080188 0.957204
vt 0.083281 0.957006
vt 0.080119 0.930217
vt 0.083051 0.930357
vt 0.077258 0.957456
vt 0.086377 0.957150
vt 0.089312 0.957351
vt 0.085979 0.930167
vt 0.077260 0.930023
vt 0.088833 0.929923
vt 0.080315 0.926954
vt 0.083023 0.926961
vt 0.085728 0.926909
vt 0.077390 0.926928
vt 0.088649 0.926834
vt 0.080266 0.923799
vt 0.082995 0.923589
vt 0.085727 0.923758
vt 0.077320 0.924221
vt 0.088671 0.924129
vt 0.079576 0.920390
vt 0.082963 0.919455
vt 0.086368 0.920334
vt 0.076675 0.921585
vt 0.089328 0.921492
vt 0.195224 0.949241
vt 0.191649 0.948568
vt 0.191830 0.945709
vt 0.196151 0.945682
vt 0.191614 0.942854
vt 0.195178 0.942136
vt 0.194013 0.952291
vt 0.191247 0.951651
vt 0.191173 0.939780
vt 0.193928 0.939104
vt 0.188352 0.948566
vt 0.188307 0.945729
vt 0.188321 0.942895
vt 0.188417 0.951611
vt 0.188347 0.939856
vt 0.935079 0.935958
vt 0.934789 0.908972
vt 0.937660 0.908726
vt 0.937996 0.936153
vt 0.925971 0.936240
vt 0.926059 0.908805
vt 0.928919 0.909006
vt 0.928901 0.935996
vt 0.931991 0.935805
vt 0.931854 0.909153
vt 0.931831 0.905752
vt 0.934543 0.905703
vt 0.926196 0.905710
vt 0.929121 0.905741
vt 0.937474 0.905628
vt 0.929073 0.902585
vt 0.931807 0.902373
vt 0.934544 0.902544
vt 0.926131 0.903003
vt 0.937495 0.902916
vt 0.928376 0.899164
vt 0.931775 0.898227
vt 0.935189 0.899110
vt 0.925429 0.900371
vt 0.938156 0.900272
vt 0.286522 0.286974
vt 0.286557 0.282642
vt 0.289418 0.282465
vt 0.290093 0.286051
vt 0.279892 0.284720
vt 0.280634 0.281973
vt 0.283701 0.282418
vt 0.282968 0.285991
vt 0.292496 0.282070
vt 0.293192 0.284831
vt 0.283751 0.279127
vt 0.286585 0.279119
vt 0.289421 0.279170
vt 0.280714 0.279149
vt 0.292464 0.279241
vt 0.283521 0.275735
vt 0.286610 0.275582
vt 0.283808 0.248753
vt 0.286743 0.248934
vt 0.280605 0.275930
vt 0.289699 0.275772
vt 0.292629 0.276017
vt 0.289677 0.248787
vt 0.280938 0.248507
vt 0.292537 0.248585
vt 0.284053 0.245484
vt 0.286765 0.245533
vt 0.289475 0.245522
vt 0.281123 0.245410
vt 0.292400 0.245491
vt 0.284052 0.242326
vt 0.286789 0.242155
vt 0.289522 0.242366
vt 0.281101 0.242698
vt 0.292464 0.242783
vt 0.283407 0.238893
vt 0.286820 0.238010
vt 0.290219 0.238945
vt 0.280440 0.240055
vt 0.293165 0.240152
vt 0.928506 0.946270
vt 0.929180 0.942687
vt 0.932040 0.942867
vt 0.932073 0.947193
vt 0.934896 0.942647
vt 0.935621 0.946212
vt 0.925409 0.945051
vt 0.926104 0.942292
vt 0.937971 0.942199
vt 0.938652 0.944955
vt 0.929178 0.939393
vt 0.932015 0.939343
vt 0.934850 0.939352
vt 0.926137 0.939464
vt 0.937889 0.939373
vt 0.305422 0.963894
vt 0.278430 0.964129
vt 0.278190 0.961258
vt 0.305622 0.960978
vt 0.305685 0.973006
vt 0.278245 0.972860
vt 0.278452 0.970000
vt 0.305446 0.970074
vt 0.305262 0.966983
vt 0.278606 0.967065
vt 0.275203 0.967081
vt 0.275160 0.964368
vt 0.275151 0.972717
vt 0.275187 0.969791
vt 0.275091 0.961437
vt 0.272031 0.969833
vt 0.271824 0.967098
vt 0.272001 0.964361
vt 0.272442 0.972776
vt 0.272379 0.961410
vt 0.268608 0.970523
vt 0.267678 0.967121
vt 0.268569 0.963709
vt 0.269809 0.973472
vt 0.269736 0.960744
vt 0.806536 0.898920
vt 0.806499 0.894583
vt 0.809360 0.894358
vt 0.810094 0.897936
vt 0.799860 0.896777
vt 0.800554 0.894013
vt 0.803634 0.894406
vt 0.802961 0.897996
vt 0.812433 0.893912
vt 0.813174 0.896664
vt 0.803629 0.891108
vt 0.806469 0.891054
vt 0.809309 0.891060
vt 0.800585 0.891183
vt 0.812354 0.891083
vt 0.803346 0.887707
vt 0.806439 0.887509
vt 0.803282 0.860720
vt 0.806214 0.860860
vt 0.800415 0.887958
vt 0.809535 0.887655
vt 0.812469 0.887855
vt 0.809142 0.860671
vt 0.800423 0.860525
vt 0.811996 0.860427
vt 0.803479 0.857457
vt 0.806186 0.857465
vt 0.808892 0.857413
vt 0.800553 0.857431
vt 0.811813 0.857338
vt 0.803431 0.854302
vt 0.806160 0.854092
vt 0.808891 0.854262
vt 0.800484 0.854723
vt 0.811835 0.854633
vt 0.802741 0.850893
vt 0.806128 0.849958
vt 0.809533 0.850838
vt 0.799840 0.852087
vt 0.812493 0.851997
vt 0.315718 0.970477
vt 0.312144 0.969804
vt 0.312324 0.966945
vt 0.316645 0.966917
vt 0.312108 0.964090
vt 0.315672 0.963372
vt 0.314507 0.973527
vt 0.311741 0.972887
vt 0.311667 0.961016
vt 0.314422 0.960340
vt 0.308846 0.969803
vt 0.308801 0.966965
vt 0.308814 0.964131
vt 0.308911 0.972847
vt 0.308841 0.961093
vt 0.347527 0.658932
vt 0.374513 0.659232
vt 0.374710 0.662146
vt 0.347283 0.661804
vt 0.347350 0.650178
vt 0.374779 0.650152
vt 0.374549 0.653064
vt 0.347561 0.653053
vt 0.347709 0.655993
vt 0.374359 0.656147
vt 0.377890 0.656168
vt 0.377902 0.658999
vt 0.377996 0.650302
vt 0.377935 0.653337
vt 0.377929 0.662034
vt 0.381223 0.653331
vt 0.381408 0.656188
vt 0.381190 0.659042
vt 0.380820 0.650261
vt 0.380751 0.662108
vt 0.384802 0.652648
vt 0.385735 0.656213
vt 0.384761 0.659766
vt 0.383575 0.649558
vt 0.383498 0.662843
vt 0.309339 0.607949
vt 0.313671 0.607986
vt 0.313848 0.610847
vt 0.310261 0.611520
vt 0.311595 0.601320
vt 0.314342 0.602063
vt 0.313896 0.605129
vt 0.310323 0.604395
vt 0.314241 0.613925
vt 0.311480 0.614619
vt 0.317187 0.605180
vt 0.317194 0.608014
vt 0.317142 0.610851
vt 0.317166 0.602144
vt 0.317070 0.613893
vt 0.320579 0.604952
vt 0.320731 0.608040
vt 0.347561 0.605247
vt 0.347379 0.608181
vt 0.320385 0.602036
vt 0.320540 0.611130
vt 0.320295 0.614060
vt 0.347526 0.611116
vt 0.347808 0.602377
vt 0.347727 0.613975
vt 0.350830 0.605493
vt 0.350780 0.608205
vt 0.350790 0.610914
vt 0.350905 0.602563
vt 0.350821 0.613840
vt 0.353988 0.605493
vt 0.354158 0.608230
vt 0.353946 0.610963
vt 0.353616 0.602542
vt 0.353528 0.613905
vt 0.357421 0.604849
vt 0.358303 0.608262
vt 0.357367 0.611660
vt 0.356260 0.601882
vt 0.356159 0.614606
vt 0.337696 0.652525
vt 0.341124 0.653216
vt 0.340917 0.655954
vt 0.336766 0.655930
vt 0.341092 0.658694
vt 0.337657 0.659346
vt 0.338899 0.649571
vt 0.341536 0.650268
vt 0.341470 0.661647
vt 0.338825 0.662313
vt 0.344286 0.653259
vt 0.344300 0.655974
vt 0.344255 0.658688
vt 0.344249 0.650326
vt 0.344183 0.661621
vt 0.358800 0.967628
vt 0.331797 0.967638
vt 0.331567 0.964724
vt 0.359011 0.964751
vt 0.359078 0.976383
vt 0.331636 0.976725
vt 0.331832 0.973809
vt 0.358834 0.973509
vt 0.358653 0.970569
vt 0.331986 0.970723
vt 0.328454 0.970743
vt 0.328409 0.967910
vt 0.328415 0.976613
vt 0.328441 0.973575
vt 0.328348 0.964873
vt 0.325150 0.973616
vt 0.324935 0.970763
vt 0.325117 0.967907
vt 0.325590 0.976689
vt 0.325522 0.964830
vt 0.321588 0.974332
vt 0.320618 0.970788
vt 0.321547 0.967232
vt 0.322836 0.977363
vt 0.322760 0.964187
vt 0.477180 0.970772
vt 0.472862 0.970797
vt 0.472647 0.967944
vt 0.476209 0.967227
vt 0.475037 0.977372
vt 0.472275 0.976730
vt 0.472680 0.973652
vt 0.476250 0.974327
vt 0.472206 0.964871
vt 0.474961 0.964197
vt 0.469389 0.973650
vt 0.469343 0.970817
vt 0.469356 0.967985
vt 0.469450 0.976687
vt 0.469382 0.964947
vt 0.466001 0.973923
vt 0.465811 0.970838
vt 0.438997 0.973935
vt 0.439144 0.970993
vt 0.466231 0.976836
vt 0.465965 0.967752
vt 0.466161 0.964835
vt 0.438963 0.968054
vt 0.438786 0.976812
vt 0.438718 0.965180
vt 0.435720 0.973730
vt 0.435734 0.971013
vt 0.435688 0.968298
vt 0.435683 0.976666
vt 0.435617 0.965362
vt 0.432554 0.973770
vt 0.432349 0.971033
vt 0.432522 0.968294
vt 0.432968 0.976725
vt 0.432902 0.965334
vt 0.429136 0.974453
vt 0.428208 0.971057
vt 0.429096 0.967651
vt 0.430324 0.977364
vt 0.430250 0.964726
vt 0.368701 0.973913
vt 0.365275 0.973269
vt 0.365448 0.970530
vt 0.369589 0.970507
vt 0.365243 0.967793
vt 0.368662 0.967111
vt 0.367546 0.976837
vt 0.364895 0.976229
vt 0.364830 0.964838
vt 0.367474 0.964200
vt 0.362109 0.973266
vt 0.362063 0.970550
vt 0.362078 0.967834
vt 0.362180 0.976201
vt 0.362115 0.964898
vt 0.494571 0.970148
vt 0.521568 0.970115
vt 0.521818 0.973045
vt 0.494375 0.973009
vt 0.494274 0.961405
vt 0.521708 0.961017
vt 0.521519 0.963934
vt 0.494525 0.964276
vt 0.494713 0.967212
vt 0.521372 0.967025
vt 0.524911 0.966994
vt 0.524966 0.969831
vt 0.524930 0.961118
vt 0.524914 0.964158
vt 0.525043 0.972873
vt 0.528210 0.964105
vt 0.528435 0.966961
vt 0.528261 0.969823
vt 0.527756 0.961031
vt 0.527871 0.972900
vt 0.531775 0.963373
vt 0.532763 0.966920
vt 0.531846 0.970491
vt 0.530512 0.960344
vt 0.530633 0.973590
vt 0.824145 0.904724
vt 0.824140 0.900484
vt 0.826934 0.900286
vt 0.827625 0.903786
vt 0.817628 0.902586
vt 0.818325 0.899886
vt 0.821339 0.900291
vt 0.820656 0.903798
vt 0.829940 0.899875
vt 0.830643 0.902567
vt 0.821359 0.897061
vt 0.824144 0.897033
vt 0.826905 0.897064
vt 0.818371 0.897113
vt 0.829886 0.897111
vt 0.821112 0.893724
vt 0.824172 0.893564
vt 0.821050 0.866729
vt 0.824014 0.866903
vt 0.818221 0.893948
vt 0.827135 0.893737
vt 0.830034 0.893957
vt 0.827073 0.866743
vt 0.818150 0.866509
vt 0.829963 0.866519
vt 0.821281 0.863401
vt 0.824042 0.863433
vt 0.826827 0.863406
vt 0.818297 0.863355
vt 0.829813 0.863355
vt 0.821255 0.860177
vt 0.824048 0.859982
vt 0.826848 0.860178
vt 0.818243 0.860589
vt 0.829860 0.860583
vt 0.820573 0.856684
vt 0.824047 0.855749
vt 0.827532 0.856675
vt 0.817598 0.857888
vt 0.830557 0.857886
vt 0.484670 0.963906
vt 0.488094 0.964536
vt 0.487931 0.967272
vt 0.483797 0.967312
vt 0.488146 0.970003
vt 0.484736 0.970699
vt 0.485812 0.960981
vt 0.488463 0.961578
vt 0.488571 0.972951
vt 0.485934 0.973599
vt 0.491255 0.964529
vt 0.491310 0.967241
vt 0.491304 0.969951
vt 0.491176 0.961597
vt 0.491280 0.972879
vt 0.669695 0.801803
vt 0.642701 0.801752
vt 0.642484 0.798851
vt 0.669920 0.798914
vt 0.669916 0.810699
vt 0.642477 0.810693
vt 0.642713 0.807785
vt 0.669709 0.807816
vt 0.669534 0.804858
vt 0.642874 0.804719
vt 0.639398 0.804742
vt 0.639371 0.801978
vt 0.639304 0.810529
vt 0.639365 0.807533
vt 0.639329 0.798995
vt 0.636129 0.807546
vt 0.635941 0.804740
vt 0.636146 0.801943
vt 0.636526 0.810567
vt 0.636564 0.798936
vt 0.632614 0.808221
vt 0.631697 0.804725
vt 0.632644 0.801243
vt 0.633820 0.811256
vt 0.633870 0.798226
vt 0.769779 0.943716
vt 0.774013 0.943724
vt 0.774202 0.946518
vt 0.770707 0.947194
vt 0.771929 0.937211
vt 0.774626 0.937913
vt 0.774214 0.940924
vt 0.770712 0.940233
vt 0.774608 0.949532
vt 0.771906 0.950171
vt 0.777443 0.940952
vt 0.777464 0.943737
vt 0.777427 0.946499
vt 0.777397 0.937965
vt 0.777374 0.949483
vt 0.780780 0.940712
vt 0.780934 0.943772
vt 0.807779 0.940703
vt 0.807599 0.943666
vt 0.780562 0.937821
vt 0.780754 0.946736
vt 0.780529 0.949636
vt 0.807754 0.946727
vt 0.808004 0.937804
vt 0.807972 0.949619
vt 0.811105 0.940939
vt 0.811069 0.943699
vt 0.811093 0.946486
vt 0.811156 0.937959
vt 0.811139 0.949476
vt 0.814325 0.940915
vt 0.814521 0.943708
vt 0.814326 0.946508
vt 0.813919 0.937910
vt 0.813914 0.949529
vt 0.817823 0.940230
vt 0.818754 0.943708
vt 0.817825 0.947189
vt 0.816611 0.937212
vt 0.816622 0.950171
vt 0.679728 0.808311
vt 0.676243 0.807621
vt 0.676443 0.804833
vt 0.680670 0.804843
vt 0.676253 0.802036
vt 0.679754 0.801360
vt 0.678518 0.811277
vt 0.675824 0.810627
vt 0.675853 0.799026
vt 0.678550 0.798335
vt 0.673025 0.807589
vt 0.672997 0.804833
vt 0.673028 0.802052
vt 0.673063 0.810565
vt 0.673083 0.799067
vt 0.412664 0.968274
vt 0.385637 0.967887
vt 0.385448 0.964966
vt 0.412928 0.965391
vt 0.412819 0.977032
vt 0.385344 0.976981
vt 0.385583 0.974065
vt 0.412606 0.974161
vt 0.412467 0.971217
vt 0.385782 0.970977
vt 0.382246 0.970947
vt 0.382241 0.968110
vt 0.382122 0.976822
vt 0.382192 0.973783
vt 0.382223 0.965070
vt 0.378898 0.973779
vt 0.378721 0.970916
vt 0.378947 0.968058
vt 0.379294 0.976856
vt 0.379395 0.964988
vt 0.375311 0.974452
vt 0.374387 0.970879
vt 0.375372 0.967322
vt 0.376531 0.977553
vt 0.376646 0.964244
vt 0.668382 0.267677
vt 0.668407 0.263351
vt 0.671264 0.263166
vt 0.671946 0.266745
vt 0.661753 0.265441
vt 0.662487 0.262694
vt 0.665553 0.263133
vt 0.664829 0.266704
vt 0.674334 0.262763
vt 0.675037 0.265518
vt 0.665596 0.259845
vt 0.668428 0.259833
vt 0.671259 0.259878
vt 0.662561 0.259871
vt 0.674293 0.259939
vt 0.665363 0.256456
vt 0.668448 0.256302
vt 0.665664 0.229470
vt 0.668602 0.229652
vt 0.662449 0.256653
vt 0.671531 0.256492
vt 0.674443 0.256722
vt 0.671543 0.229504
vt 0.662792 0.229226
vt 0.674418 0.229293
vt 0.665907 0.226198
vt 0.668622 0.226243
vt 0.671337 0.226229
vt 0.662975 0.226126
vt 0.674270 0.226191
vt 0.665902 0.223035
vt 0.668642 0.222860
vt 0.671380 0.223067
vt 0.662948 0.223413
vt 0.674328 0.223479
vt 0.665250 0.219600
vt 0.668666 0.218709
vt 0.672071 0.219639
vt 0.662283 0.220768
vt 0.675025 0.220842
vt 0.422296 0.974666
vt 0.419012 0.974025
vt 0.419199 0.971297
vt 0.423346 0.971530
vt 0.419096 0.968587
vt 0.422574 0.968035
vt 0.421176 0.977553
vt 0.418616 0.976910
vt 0.418780 0.965616
vt 0.421468 0.965005
vt 0.415874 0.973967
vt 0.415868 0.971256
vt 0.415939 0.968542
vt 0.415916 0.976876
vt 0.416047 0.965596
vt 0.547468 0.973931
vt 0.574472 0.973916
vt 0.574702 0.976830
vt 0.547257 0.976807
vt 0.547188 0.965175
vt 0.574631 0.964829
vt 0.574435 0.967745
vt 0.547433 0.968049
vt 0.547615 0.970989
vt 0.574281 0.970832
vt 0.577814 0.970811
vt 0.577859 0.973643
vt 0.577851 0.964940
vt 0.577826 0.967978
vt 0.577921 0.976680
vt 0.581117 0.967937
vt 0.581333 0.970790
vt 0.581151 0.973646
vt 0.580676 0.964864
vt 0.580746 0.976723
vt 0.584679 0.967220
vt 0.585650 0.970764
vt 0.584721 0.974320
vt 0.583430 0.964190
vt 0.583508 0.977365
vt 0.009429 0.927178
vt 0.009403 0.931495
vt 0.006548 0.931677
vt 0.005873 0.928107
vt 0.016004 0.929397
vt 0.015329 0.932151
vt 0.012257 0.931710
vt 0.012973 0.928149
vt 0.003470 0.932082
vt 0.002828 0.929320
vt 0.012215 0.935001
vt 0.009383 0.935014
vt 0.006551 0.934968
vt 0.015253 0.934976
vt 0.003513 0.934907
vt 0.012448 0.938392
vt 0.009362 0.938547
vt 0.012146 0.965394
vt 0.009206 0.965213
vt 0.015365 0.938196
vt 0.006278 0.938356
vt 0.003364 0.938126
vt 0.006265 0.965360
vt 0.015020 0.965639
vt 0.003388 0.965571
vt 0.011902 0.968669
vt 0.009186 0.968623
vt 0.006470 0.968638
vt 0.014838 0.968740
vt 0.003534 0.968674
vt 0.011906 0.971835
vt 0.009167 0.972008
vt 0.006430 0.971803
vt 0.014866 0.971456
vt 0.003474 0.971389
vt 0.012549 0.975261
vt 0.009142 0.976149
vt 0.005747 0.975221
vt 0.015473 0.974107
vt 0.002836 0.974033
vt 0.537566 0.967647
vt 0.540992 0.968290
vt 0.540820 0.971029
vt 0.536679 0.971053
vt 0.541025 0.973766
vt 0.537606 0.974449
vt 0.538720 0.964722
vt 0.541371 0.965330
vt 0.541439 0.976721
vt 0.538795 0.977360
vt 0.544158 0.968293
vt 0.544204 0.971009
vt 0.544190 0.973725
vt 0.544087 0.965358
vt 0.544154 0.976661
vt 0.848209 0.968505
vt 0.821133 0.967964
vt 0.820961 0.965036
vt 0.848499 0.965626
vt 0.848329 0.977288
vt 0.820786 0.977078
vt 0.821043 0.974156
vt 0.848123 0.974402
vt 0.847993 0.971451
vt 0.821261 0.971063
vt 0.817716 0.971011
vt 0.817728 0.968168
vt 0.817557 0.976900
vt 0.817646 0.973854
vt 0.817729 0.965120
vt 0.814344 0.973830
vt 0.814184 0.970960
vt 0.814427 0.968096
vt 0.814722 0.976917
vt 0.814895 0.965021
vt 0.810744 0.974484
vt 0.809839 0.970897
vt 0.810848 0.967337
vt 0.811949 0.977599
vt 0.812143 0.964259
vt 0.944334 0.957367
vt 0.940005 0.957333
vt 0.939826 0.954476
vt 0.943407 0.953799
vt 0.942084 0.963994
vt 0.939338 0.963254
vt 0.939783 0.960188
vt 0.943353 0.960919
vt 0.939428 0.951404
vt 0.942186 0.950705
vt 0.936494 0.960139
vt 0.936486 0.957307
vt 0.936537 0.954475
vt 0.936515 0.963175
vt 0.936604 0.951440
vt 0.933104 0.960366
vt 0.932955 0.957280
vt 0.906111 0.960016
vt 0.906297 0.957077
vt 0.933295 0.963281
vt 0.933151 0.954197
vt 0.933387 0.951284
vt 0.906156 0.954136
vt 0.905861 0.962888
vt 0.905950 0.951259
vt 0.902837 0.959766
vt 0.902888 0.957051
vt 0.902879 0.954336
vt 0.902761 0.962700
vt 0.902847 0.951400
vt 0.899672 0.959764
vt 0.899504 0.957025
vt 0.899714 0.954290
vt 0.900046 0.962723
vt 0.900133 0.951336
vt 0.896246 0.960401
vt 0.895365 0.956994
vt 0.896298 0.953600
vt 0.897395 0.963327
vt 0.897491 0.950693
vt 0.857827 0.974794
vt 0.854534 0.974240
vt 0.854664 0.971548
vt 0.858797 0.971608
vt 0.854612 0.968853
vt 0.857920 0.968395
vt 0.856775 0.977676
vt 0.854173 0.977151
vt 0.854336 0.965934
vt 0.856952 0.965483
vt 0.851397 0.974211
vt 0.851390 0.971500
vt 0.851475 0.968791
vt 0.851450 0.977139
vt 0.851614 0.965866
vt 0.537681 0.814592
vt 0.537680 0.805476
vt 0.544602 0.805476
vt 0.544603 0.814592
vt 0.433850 0.814596
vt 0.433850 0.805481
vt 0.440772 0.805481
vt 0.440772 0.814596
vt 0.447694 0.805480
vt 0.447694 0.814596
vt 0.454616 0.805480
vt 0.454616 0.814596
vt 0.461538 0.805480
vt 0.461538 0.814595
vt 0.468460 0.805479
vt 0.468460 0.814595
vt 0.475382 0.805479
vt 0.475382 0.814595
vt 0.482304 0.805479
vt 0.482304 0.814594
vt 0.489226 0.805478
vt 0.489227 0.814594
vt 0.496148 0.805478
vt 0.496149 0.814594
vt 0.503070 0.805478
vt 0.503071 0.814593
vt 0.509992 0.805478
vt 0.509993 0.814593
vt 0.516914 0.805477
vt 0.516915 0.814593
vt 0.523836 0.805477
vt 0.523837 0.814592
vt 0.530758 0.805477
vt 0.530759 0.814592
vt 0.426928 0.814597
vt 0.426928 0.805481
vt 0.551525 0.805476
vt 0.551525 0.814591
vt 0.271034 0.457228
vt 0.275793 0.462894
vt 0.273502 0.464236
vt 0.269344 0.459267
vt 0.271312 0.465513
vt 0.267724 0.461211
vt 0.278327 0.469869
vt 0.275709 0.470348
vt 0.273199 0.470786
vt 0.278328 0.477296
vt 0.275704 0.476852
vt 0.273207 0.476391
vt 0.275782 0.484268
vt 0.273471 0.482952
vt 0.271284 0.481662
vt 0.271003 0.489945
vt 0.269282 0.487916
vt 0.267670 0.485956
vt 0.264567 0.493641
vt 0.263645 0.491146
vt 0.262800 0.488750
vt 0.257256 0.494916
vt 0.257240 0.492255
vt 0.257263 0.489713
vt 0.249943 0.493625
vt 0.250843 0.491112
vt 0.251721 0.488730
vt 0.243485 0.489880
vt 0.245234 0.487816
vt 0.246861 0.485870
vt 0.238778 0.484140
vt 0.241055 0.482842
vt 0.243255 0.481562
vt 0.236265 0.477206
vt 0.238874 0.476731
vt 0.241370 0.476283
vt 0.236258 0.469785
vt 0.238890 0.470233
vt 0.241397 0.470667
vt 0.238814 0.462758
vt 0.241155 0.464125
vt 0.243357 0.465388
vt 0.243666 0.457114
vt 0.245343 0.459143
vt 0.246983 0.461096
vt 0.250109 0.453429
vt 0.251010 0.455966
vt 0.251872 0.458342
vt 0.257417 0.452244
vt 0.257400 0.454857
vt 0.257389 0.457403
vt 0.264650 0.453533
vt 0.263760 0.456016
vt 0.262890 0.458382
vt 0.237979 0.306918
vt 0.237979 0.305034
vt 0.243462 0.305033
vt 0.243462 0.306918
vt 0.261957 0.470877
vt 0.260768 0.469450
vt 0.262586 0.472625
vt 0.262581 0.474482
vt 0.261939 0.476228
vt 0.260738 0.477650
vt 0.259122 0.478575
vt 0.257287 0.478892
vt 0.255455 0.478560
vt 0.253847 0.477622
vt 0.252657 0.476190
vt 0.252030 0.474438
vt 0.252039 0.472577
vt 0.252685 0.470833
vt 0.253889 0.469414
vt 0.255505 0.468495
vt 0.257336 0.468183
vt 0.259164 0.468515
vt 0.237979 0.312573
vt 0.237979 0.310688
vt 0.243462 0.310688
vt 0.243462 0.312573
vt 0.237978 0.291840
vt 0.237978 0.289955
vt 0.243461 0.289955
vt 0.243461 0.291840
vt 0.237978 0.303149
vt 0.243462 0.303149
vt 0.237978 0.288070
vt 0.243461 0.288070
vt 0.237978 0.301264
vt 0.243462 0.301264
vt 0.237978 0.286185
vt 0.243461 0.286185
vt 0.237978 0.299379
vt 0.243461 0.299379
vt 0.237979 0.320112
vt 0.237979 0.318227
vt 0.243462 0.318227
vt 0.243462 0.320112
vt 0.237978 0.297494
vt 0.243461 0.297494
vt 0.237979 0.316343
vt 0.243462 0.316342
vt 0.237978 0.295609
vt 0.243461 0.295609
vt 0.237979 0.308803
vt 0.243462 0.308803
vt 0.237979 0.314458
vt 0.243462 0.314458
vt 0.237978 0.293724
vt 0.243461 0.293724
vt 0.432579 0.314222
vt 0.437887 0.309779
vt 0.444394 0.307419
vt 0.451317 0.307427
vt 0.457818 0.309802
vt 0.463116 0.314257
vt 0.466554 0.333890
vt 0.466570 0.320256
vt 0.467764 0.327074
vt 0.463087 0.339880
vt 0.457779 0.344324
vt 0.451272 0.346684
vt 0.444349 0.346676
vt 0.437848 0.344301
vt 0.432550 0.339846
vt 0.429096 0.333847
vt 0.427902 0.327029
vt 0.429112 0.320213
vt 0.066243 0.095529
vt 0.065597 0.093759
vt 0.065595 0.091874
vt 0.066238 0.090102
vt 0.067449 0.088657
vt 0.069080 0.087713
vt 0.070936 0.087384
vt 0.072792 0.087710
vt 0.074425 0.088651
vt 0.075638 0.090093
vt 0.076285 0.091864
vt 0.076286 0.093749
vt 0.075644 0.095521
vt 0.074433 0.096966
vt 0.069089 0.097913
vt 0.072802 0.097910
vt 0.070946 0.098239
vt 0.067456 0.096972
vt 0.955499 0.599976
vt 0.955527 0.587649
vt 0.960938 0.587623
vt 0.961616 0.599297
vt 0.949487 0.599081
vt 0.950048 0.587599
vt 0.943382 0.598289
vt 0.944001 0.587396
vt 0.966846 0.587373
vt 0.967634 0.598188
vt 0.955495 0.577697
vt 0.960911 0.577674
vt 0.949945 0.577703
vt 0.943882 0.577668
vt 0.966982 0.577622
vt 0.955465 0.567976
vt 0.960810 0.567911
vt 0.950071 0.567971
vt 0.944139 0.567968
vt 0.966680 0.567896
vt 0.955432 0.557529
vt 0.960798 0.557494
vt 0.950056 0.557538
vt 0.944296 0.557549
vt 0.966511 0.557496
vt 0.955406 0.545814
vt 0.960800 0.545792
vt 0.950018 0.545814
vt 0.944393 0.545819
vt 0.966403 0.545788
vt 0.955388 0.532572
vt 0.960789 0.532556
vt 0.949998 0.532564
vt 0.944468 0.532561
vt 0.966312 0.532546
vt 0.955376 0.517762
vt 0.960768 0.517750
vt 0.949995 0.517751
vt 0.944530 0.517744
vt 0.966232 0.517739
vt 0.955367 0.501450
vt 0.960743 0.501442
vt 0.950000 0.501439
vt 0.944580 0.501431
vt 0.966164 0.501433
vt 0.955361 0.483749
vt 0.960721 0.483744
vt 0.950008 0.483739
vt 0.944619 0.483731
vt 0.966110 0.483738
vt 0.955355 0.464795
vt 0.960702 0.464793
vt 0.950014 0.464787
vt 0.944650 0.464780
vt 0.966069 0.464790
vt 0.955338 0.444734
vt 0.960672 0.444733
vt 0.950008 0.444734
vt 0.944673 0.444728
vt 0.966037 0.444724
vt 0.955341 0.423713
vt 0.960660 0.423709
vt 0.950012 0.423719
vt 0.944684 0.423722
vt 0.965990 0.423702
vt 0.955330 0.400546
vt 0.960652 0.400542
vt 0.949987 0.400550
vt 0.944651 0.400555
vt 0.965982 0.400541
vt 0.955315 0.374338
vt 0.960652 0.374337
vt 0.949982 0.374339
vt 0.944645 0.374341
vt 0.965988 0.374338
vt 0.955317 0.345673
vt 0.960660 0.345674
vt 0.949978 0.345674
vt 0.944637 0.345674
vt 0.965997 0.345674
vt 0.955316 0.315177
vt 0.960659 0.315156
vt 0.949983 0.315172
vt 0.944644 0.315151
vt 0.965998 0.315152
vt 0.389052 0.684915
vt 0.357206 0.684948
vt 0.357201 0.679589
vt 0.389068 0.679570
vt 0.389063 0.690259
vt 0.357214 0.690310
vt 0.389093 0.695609
vt 0.357224 0.695670
vt 0.357197 0.674227
vt 0.389070 0.674211
vt 0.324617 0.684987
vt 0.324613 0.679614
vt 0.324626 0.690357
vt 0.324635 0.695729
vt 0.324610 0.674241
vt 0.291881 0.685023
vt 0.291878 0.679637
vt 0.291891 0.690409
vt 0.291901 0.695794
vt 0.291876 0.674249
vt 0.259565 0.685060
vt 0.259563 0.679654
vt 0.259576 0.690464
vt 0.259588 0.695869
vt 0.259562 0.674247
vt 0.228225 0.685095
vt 0.228225 0.679664
vt 0.228238 0.690526
vt 0.228253 0.695955
vt 0.228227 0.674231
vt 0.198402 0.685129
vt 0.198404 0.679661
vt 0.198417 0.690596
vt 0.198437 0.696061
vt 0.198410 0.674194
vt 0.170627 0.685156
vt 0.170631 0.679624
vt 0.170642 0.690689
vt 0.170653 0.696186
vt 0.170629 0.674132
vt 0.145826 0.685185
vt 0.145661 0.679695
vt 0.145704 0.690664
vt 0.145545 0.696148
vt 0.145524 0.674211
vt 0.694395 0.979008
vt 0.691328 0.979008
vt 0.691328 0.969566
vt 0.694395 0.969566
vt 0.688261 0.979008
vt 0.688261 0.969566
vt 0.674974 0.979008
vt 0.674974 0.969566
vt 0.678041 0.969566
vt 0.678041 0.979008
vt 0.681108 0.969566
vt 0.681108 0.979008
vt 0.079359 0.062256
vt 0.084851 0.062257
vt 0.084850 0.063663
vt 0.079460 0.063659
vt 0.703685 0.969566
vt 0.712606 0.969566
vt 0.712606 0.979008
vt 0.703685 0.979008
vt 0.664162 0.979008
vt 0.664162 0.969566
vt 0.667238 0.969566
vt 0.667238 0.979008
vt 0.311312 0.739849
vt 0.311312 0.749290
vt 0.308890 0.749290
vt 0.308890 0.739849
vt 0.306519 0.749290
vt 0.306519 0.739849
vt 0.295072 0.739849
vt 0.297494 0.739849
vt 0.297494 0.749290
vt 0.295073 0.749290
vt 0.299865 0.739849
vt 0.299865 0.749290
vt 0.320199 0.749290
vt 0.320199 0.739848
vt 0.328918 0.739848
vt 0.328918 0.749290
vt 0.284765 0.739849
vt 0.287638 0.739849
vt 0.287638 0.749290
vt 0.284765 0.749290
vt 0.110475 0.003823
vt 0.101033 0.003822
vt 0.101034 0.002415
vt 0.110475 0.002416
vt 0.656795 0.971442
vt 0.657344 0.970116
vt 0.658670 0.969566
vt 0.086850 0.083534
vt 0.077930 0.083640
vt 0.078116 0.082245
vt 0.086834 0.082127
vt 0.389689 0.051871
vt 0.389694 0.042950
vt 0.391101 0.042951
vt 0.391082 0.051669
vt 0.068994 0.081100
vt 0.066399 0.079465
vt 0.067487 0.078574
vt 0.069567 0.079815
vt 0.065311 0.076597
vt 0.066694 0.076340
vt 0.408530 0.060689
vt 0.406894 0.063284
vt 0.406004 0.062195
vt 0.407245 0.060115
vt 0.066323 0.066565
vt 0.068899 0.064900
vt 0.069487 0.066178
vt 0.067422 0.067443
vt 0.404026 0.064371
vt 0.403769 0.062988
vt 0.065269 0.069445
vt 0.066655 0.069687
vt 0.393994 0.063354
vt 0.392330 0.060777
vt 0.393608 0.060190
vt 0.394872 0.062256
vt 0.396874 0.064410
vt 0.397116 0.063024
vt 0.411055 0.050200
vt 0.410648 0.053249
vt 0.409270 0.052963
vt 0.409651 0.050115
vt 0.076315 0.062698
vt 0.076617 0.064072
vt 0.410992 0.044709
vt 0.409586 0.044725
vt 0.277500 0.741724
vt 0.279375 0.739849
vt 0.087721 0.062257
vt 0.087721 0.063664
vt 0.086286 0.063664
vt 0.086286 0.062257
vt 0.409569 0.043290
vt 0.410976 0.043274
vt 0.094847 0.062258
vt 0.094847 0.063665
vt 0.093412 0.063665
vt 0.093412 0.062258
vt 0.277500 0.747415
vt 0.658671 0.979008
vt 0.656795 0.977133
vt 0.657344 0.978459
vt 0.279375 0.749291
vt 0.278049 0.748741
vt 0.278049 0.740398
vt 0.017032 0.686738
vt 0.032284 0.678571
vt 0.034963 0.689840
vt 0.019492 0.692674
vt 0.049100 0.674205
vt 0.066117 0.674209
vt 0.064291 0.689692
vt 0.049901 0.688882
vt 0.077300 0.705275
vt 0.090278 0.706678
vt 0.089518 0.718508
vt 0.076359 0.718577
vt 0.003504 0.697045
vt 0.082635 0.678395
vt 0.079251 0.692051
vt 0.062716 0.703661
vt 0.049160 0.701889
vt 0.119616 0.700747
vt 0.121735 0.691810
vt 0.136953 0.695589
vt 0.134019 0.703823
vt 0.019816 0.698783
vt 0.035011 0.700461
vt 0.018197 0.704671
vt 0.046927 0.714886
vt 0.032621 0.710754
vt 0.061238 0.717556
vt 0.117570 0.719052
vt 0.118193 0.709888
vt 0.132399 0.711458
vt 0.131999 0.719343
vt 0.076650 0.732643
vt 0.059542 0.733213
vt 0.027389 0.721006
vt 0.014594 0.709851
vt 0.042561 0.729417
vt 0.117580 0.728326
vt 0.133167 0.727885
vt 0.024630 0.137323
vt 0.014411 0.125151
vt 0.024077 0.120373
vt 0.029537 0.134052
vt 0.006711 0.110927
vt 0.002415 0.094887
vt 0.017887 0.092762
vt 0.020198 0.106743
vt 0.016994 0.035068
vt 0.007131 0.034811
vt 0.008131 0.018182
vt 0.017103 0.019729
vt 0.036358 0.147898
vt 0.002412 0.077397
vt 0.017003 0.077749
vt 0.026596 0.034650
vt 0.025383 0.019822
vt 0.035087 0.132626
vt 0.032755 0.104707
vt 0.033884 0.118335
vt 0.030308 0.076855
vt 0.031668 0.091342
vt 0.040787 0.133091
vt 0.045463 0.104663
vt 0.043955 0.118738
vt 0.043636 0.075396
vt 0.045409 0.090578
vt 0.036133 0.033501
vt 0.033494 0.018396
vt 0.054123 0.121730
vt 0.046221 0.135530
vt 0.061025 0.090031
vt 0.059370 0.106556
vt 0.045533 0.031605
vt 0.042163 0.015755
vt 0.058017 0.072595
vt 0.813960 0.757155
vt 0.800232 0.765663
vt 0.796577 0.755356
vt 0.811388 0.751620
vt 0.785274 0.772066
vt 0.769223 0.775052
vt 0.767785 0.759902
vt 0.782113 0.757987
vt 0.711550 0.762910
vt 0.711963 0.772231
vt 0.696285 0.772580
vt 0.696819 0.763962
vt 0.004842 0.063340
vt 0.017008 0.064089
vt 0.826639 0.747198
vt 0.752461 0.774841
vt 0.752553 0.760780
vt 0.739110 0.772951
vt 0.739380 0.761263
vt 0.069824 0.554060
vt 0.063996 0.566958
vt 0.052488 0.563181
vt 0.055863 0.550278
vt 0.810836 0.745659
vt 0.780741 0.744736
vt 0.795564 0.744750
vt 0.751237 0.747352
vt 0.766253 0.745411
vt 0.710538 0.753727
vt 0.696054 0.755795
vt 0.781328 0.730189
vt 0.797364 0.733796
vt 0.748451 0.733455
vt 0.764917 0.730191
vt 0.040767 0.560775
vt 0.042958 0.547921
vt 0.812341 0.739789
vt 0.708990 0.744621
vt 0.693837 0.747512
vt 0.041232 0.061976
vt 0.053069 0.058923
vt 0.058556 0.488126
vt 0.068309 0.502993
vt 0.057166 0.506507
vt 0.052849 0.491323
vt 0.073533 0.519815
vt 0.073880 0.536954
vt 0.058557 0.535474
vt 0.058916 0.521164
vt 0.045254 0.591122
vt 0.054572 0.593832
vt 0.049427 0.609276
vt 0.041287 0.605570
vt 0.090385 0.730407
vt 0.046101 0.475942
vt 0.095690 0.683612
vt 0.092311 0.694973
vt 0.044834 0.533989
vt 0.046210 0.520890
vt 0.036016 0.589102
vt 0.033395 0.603391
vt 0.016834 0.545232
vt 0.016886 0.558715
vt 0.004623 0.559670
vt 0.002411 0.545281
vt 0.046863 0.492448
vt 0.046881 0.507289
vt 0.040983 0.491609
vt 0.034061 0.519256
vt 0.036995 0.505934
vt 0.030155 0.546231
vt 0.032000 0.532098
vt 0.738057 0.749502
vt 0.026653 0.587930
vt 0.025599 0.602561
vt 0.029192 0.063730
vt 0.018265 0.529978
vt 0.735318 0.738022
vt 0.027246 0.502312
vt 0.035525 0.488991
vt 0.021755 0.515970
vt 0.017098 0.587625
vt 0.017603 0.602936
vt 0.028925 0.559408
vt 0.017762 0.495914
vt 0.030931 0.484407
vt 0.002412 0.527517
vt 0.007474 0.510337
vt 0.007515 0.588077
vt 0.008578 0.604550
vt 0.148560 0.703611
vt 0.146377 0.708071
vt 0.145361 0.712952
vt 0.145393 0.717957
vt 0.146449 0.722845
vt 0.014068 0.004483
vt 0.019147 0.005829
vt 0.024393 0.006109
vt 0.029535 0.005251
vt 0.034311 0.003071
vt 0.682708 0.768515
vt 0.683524 0.763563
vt 0.683134 0.758609
vt 0.681440 0.753944
vt 0.040139 0.621060
vt 0.035619 0.618320
vt 0.030504 0.616843
vt 0.025295 0.616106
vt 0.341041 0.101760
vt 0.341040 0.096980
vt 0.342869 0.092563
vt 0.346248 0.089182
vt 0.350664 0.087352
vt 0.355444 0.087351
vt 0.359861 0.089179
vt 0.363242 0.092559
vt 0.365072 0.096975
vt 0.365073 0.101755
vt 0.363244 0.106172
vt 0.359865 0.109552
vt 0.355449 0.111383
vt 0.350669 0.111384
vt 0.346252 0.109555
vt 0.342871 0.106176
vt 0.020058 0.616398
vt 0.015055 0.617949
vt 0.104526 0.708329
vt 0.106304 0.698210
vt 0.103965 0.718589
vt 0.104303 0.728583
vt 0.017150 0.049280
vt 0.006682 0.048941
vt 0.027775 0.048805
vt 0.038359 0.047501
vt 0.048515 0.045245
vt 0.725152 0.761887
vt 0.725322 0.771890
vt 0.723975 0.751862
vt 0.722002 0.742067
vt 0.048633 0.577468
vt 0.058598 0.580411
vt 0.038331 0.575140
vt 0.027771 0.573997
vt 0.017159 0.573561
vt 0.006808 0.574131
vt 0.108857 0.688484
vt 0.057370 0.703011
vt 0.217258 0.612642
vt 0.200246 0.575419
vt 0.027282 0.637179
vt 0.636082 0.027295
vt 0.574314 0.200256
vt 0.611535 0.217270
vt 0.701912 0.057387
vt 0.271567 0.329209
vt 0.452533 0.360547
vt 0.462944 0.320967
vt 0.289979 0.259208
vt 0.189835 0.535840
vt 0.008869 0.567177
vt 0.668788 0.543221
vt 0.828672 0.452843
vt 0.811658 0.415622
vt 0.638697 0.477390
vt 0.479956 0.283745
vt 0.320067 0.193376
vt 0.186331 0.495064
vt 0.002671 0.495061
vt 0.801245 0.376043
vt 0.620280 0.407390
vt 0.286014 0.057374
vt 0.376382 0.217264
vt 0.413605 0.200252
vt 0.351847 0.027287
vt 0.189837 0.454289
vt 0.008871 0.422945
vt 0.797739 0.335268
vt 0.614079 0.335274
vt 0.453184 0.189841
vt 0.421848 0.008875
vt 0.200249 0.414710
vt 0.027287 0.352944
vt 0.320077 0.609274
vt 0.479962 0.518898
vt 0.462948 0.481676
vt 0.289986 0.543443
vt 0.801242 0.294492
vt 0.620275 0.263157
vt 0.493960 0.186338
vt 0.493965 0.002678
vt 0.217263 0.377488
vt 0.057378 0.287113
vt 0.452535 0.442097
vt 0.271570 0.473442
vt 0.811652 0.254912
vt 0.638687 0.193156
vt 0.534735 0.189844
vt 0.566081 0.008879
vt 0.449029 0.401322
vt 0.265370 0.401326
vt 0.828664 0.217690
vt 0.668774 0.127323
vt 0.431317 0.643437
vt 0.431461 0.632687
vt 0.371514 0.629155
vt 0.370467 0.639647
vt 0.866088 0.440396
vt 0.855454 0.444068
vt 0.870525 0.504651
vt 0.881259 0.502310
vt 0.592803 0.529845
vt 0.603097 0.527541
vt 0.593640 0.468458
vt 0.583005 0.469535
vt 0.492216 0.640199
vt 0.491348 0.629586
vt 0.302305 0.757235
vt 0.304273 0.746927
vt 0.246709 0.731842
vt 0.243099 0.741743
vt 0.608819 0.589507
vt 0.619010 0.585721
vt 0.552813 0.630745
vt 0.550764 0.620350
vt 0.362611 0.766858
vt 0.363563 0.756241
vt 0.880977 0.746708
vt 0.870853 0.744635
vt 0.855490 0.801173
vt 0.865420 0.804860
vt 0.612762 0.614024
vt 0.608926 0.604037
vt 0.423612 0.770667
vt 0.423764 0.759853
vt 0.890416 0.687123
vt 0.879880 0.686237
vt 0.592214 0.287280
vt 0.602801 0.289653
vt 0.619015 0.230148
vt 0.608790 0.226307
vt 0.484970 0.767395
vt 0.484106 0.756690
vt 0.893618 0.626234
vt 0.882809 0.626126
vt 0.582851 0.348448
vt 0.593334 0.349481
vt 0.546381 0.757954
vt 0.544125 0.747484
vt 0.309754 0.630262
vt 0.312088 0.619788
vt 0.253388 0.604018
vt 0.249638 0.614109
vt 0.890408 0.564426
vt 0.879746 0.565572
vt 0.579257 0.409113
vt 0.589840 0.408892
vt 0.607150 0.742243
vt 0.603409 0.731849
vt 0.480081 0.480096
vt 0.487286 0.479434
vt 0.484392 0.409455
vt 0.477148 0.409651
vt 0.498847 0.478342
vt 0.495890 0.409452
vt 0.506313 0.477564
vt 0.503359 0.409397
vt 0.517624 0.476463
vt 0.514379 0.409370
vt 0.525536 0.475644
vt 0.522153 0.409345
vt 0.536601 0.474538
vt 0.533316 0.409327
vt 0.544753 0.473671
vt 0.541160 0.409291
vt 0.555577 0.472561
vt 0.551830 0.409261
vt 0.563760 0.471656
vt 0.560162 0.409195
vt 0.574340 0.470500
vt 0.570897 0.409149
vt 0.986578 0.482513
vt 0.979219 0.483976
vt 0.988224 0.556033
vt 0.995774 0.555427
vt 0.967570 0.486038
vt 0.976118 0.556950
vt 0.959805 0.487441
vt 0.968706 0.557544
vt 0.948075 0.489554
vt 0.957124 0.558451
vt 0.940064 0.491035
vt 0.949213 0.559102
vt 0.928584 0.493154
vt 0.937845 0.560043
vt 0.920309 0.494718
vt 0.929878 0.560744
vt 0.909368 0.496807
vt 0.918426 0.561771
vt 0.900812 0.498465
vt 0.910183 0.562537
vt 0.890089 0.500560
vt 0.898947 0.563593
vt 0.360004 0.742948
vt 0.360723 0.735732
vt 0.290262 0.725715
vt 0.289015 0.733057
vt 0.361881 0.724118
vt 0.292548 0.714326
vt 0.362596 0.716582
vt 0.294014 0.706780
vt 0.363722 0.705175
vt 0.296323 0.695331
vt 0.364480 0.697567
vt 0.297863 0.687560
vt 0.365607 0.686655
vt 0.300165 0.676368
vt 0.366401 0.678558
vt 0.301777 0.668346
vt 0.367535 0.667565
vt 0.304066 0.657386
vt 0.368415 0.658987
vt 0.305739 0.649318
vt 0.369541 0.648506
vt 0.308006 0.638588
vt 0.637892 0.844991
vt 0.636189 0.837730
vt 0.565410 0.854297
vt 0.566846 0.861673
vt 0.632318 0.826080
vt 0.563206 0.842827
vt 0.630563 0.818741
vt 0.561744 0.835373
vt 0.626894 0.807866
vt 0.559512 0.823749
vt 0.624981 0.799870
vt 0.558023 0.816041
vt 0.621188 0.788680
vt 0.555827 0.804665
vt 0.619117 0.780455
vt 0.554222 0.796469
vt 0.615308 0.769549
vt 0.552045 0.785629
vt 0.613094 0.761098
vt 0.550364 0.777390
vt 0.609442 0.750951
vt 0.548126 0.766453
vt 0.487000 0.339919
vt 0.479674 0.339555
vt 0.498268 0.340800
vt 0.505806 0.341375
vt 0.517221 0.342316
vt 0.524833 0.342964
vt 0.535755 0.343953
vt 0.543848 0.344661
vt 0.554843 0.345695
vt 0.563190 0.346469
vt 0.574242 0.347591
vt 0.990047 0.627337
vt 0.997335 0.627516
vt 0.978667 0.627107
vt 0.971066 0.627008
vt 0.959570 0.626788
vt 0.951708 0.626666
vt 0.940746 0.626518
vt 0.932630 0.626477
vt 0.921591 0.626344
vt 0.913233 0.626329
vt 0.902445 0.626240
vt 0.219857 0.707962
vt 0.217995 0.715406
vt 0.223757 0.696959
vt 0.225689 0.689255
vt 0.229536 0.678453
vt 0.231571 0.670491
vt 0.235377 0.659906
vt 0.237520 0.651698
vt 0.241289 0.641346
vt 0.243542 0.632902
vt 0.247275 0.622791
vt 0.494092 0.864958
vt 0.494564 0.872405
vt 0.493039 0.852895
vt 0.492324 0.845118
vt 0.491321 0.833636
vt 0.490571 0.825601
vt 0.489562 0.814346
vt 0.488816 0.806480
vt 0.487740 0.795163
vt 0.486895 0.786822
vt 0.485865 0.776020
vt 0.494882 0.268839
vt 0.487412 0.267773
vt 0.506791 0.270889
vt 0.514463 0.272194
vt 0.526067 0.274282
vt 0.533972 0.275714
vt 0.545311 0.277876
vt 0.553482 0.279433
vt 0.564577 0.281624
vt 0.572993 0.283282
vt 0.583553 0.285491
vt 0.985515 0.697706
vt 0.992839 0.698531
vt 0.973781 0.696322
vt 0.966403 0.695506
vt 0.955198 0.694186
vt 0.947558 0.693313
vt 0.936257 0.692041
vt 0.928339 0.691205
vt 0.917530 0.689990
vt 0.909317 0.689144
vt 0.898698 0.687978
vt 0.422599 0.866886
vt 0.422443 0.874176
vt 0.422819 0.855154
vt 0.422925 0.847740
vt 0.423082 0.836531
vt 0.423183 0.828637
vt 0.423331 0.817336
vt 0.423369 0.809199
vt 0.423475 0.798436
vt 0.423502 0.790042
vt 0.423585 0.779520
vt 0.511300 0.196632
vt 0.503664 0.194929
vt 0.522619 0.200343
vt 0.530514 0.202137
vt 0.542151 0.205975
vt 0.550277 0.207935
vt 0.561619 0.211827
vt 0.569576 0.213834
vt 0.580646 0.217705
vt 0.589227 0.219962
vt 0.599989 0.223875
vt 0.973726 0.766533
vt 0.980713 0.768072
vt 0.962645 0.764115
vt 0.955253 0.762564
vt 0.944355 0.760208
vt 0.936896 0.758636
vt 0.926213 0.756341
vt 0.918284 0.754681
vt 0.907822 0.752415
vt 0.899651 0.750695
vt 0.889389 0.748460
vt 0.352072 0.862633
vt 0.351440 0.869921
vt 0.353392 0.851124
vt 0.354190 0.843682
vt 0.355491 0.832082
vt 0.356354 0.824382
vt 0.357611 0.813293
vt 0.358459 0.805308
vt 0.359644 0.794423
vt 0.360508 0.786157
vt 0.361717 0.775191
vt 0.645045 0.715740
vt 0.643197 0.708464
vt 0.572386 0.726495
vt 0.573851 0.733846
vt 0.639266 0.697380
vt 0.570078 0.714718
vt 0.637396 0.690012
vt 0.568582 0.707126
vt 0.633392 0.678595
vt 0.566313 0.695637
vt 0.631402 0.671009
vt 0.564756 0.688012
vt 0.627413 0.659872
vt 0.562492 0.676772
vt 0.625303 0.652067
vt 0.560824 0.668686
vt 0.621349 0.641215
vt 0.558558 0.657700
vt 0.619129 0.633206
vt 0.556835 0.649576
vt 0.615219 0.622647
vt 0.554616 0.639109
vt 0.956106 0.833981
vt 0.963208 0.835814
vt 0.945598 0.830166
vt 0.938253 0.828276
vt 0.927936 0.824555
vt 0.920344 0.822611
vt 0.909718 0.818803
vt 0.901886 0.816734
vt 0.891498 0.812937
vt 0.883429 0.810737
vt 0.873747 0.807121
vt 0.282577 0.851252
vt 0.281266 0.858474
vt 0.284937 0.840038
vt 0.286449 0.832563
vt 0.288773 0.821571
vt 0.290355 0.814045
vt 0.292677 0.803230
vt 0.294324 0.795243
vt 0.296631 0.784364
vt 0.298328 0.776123
vt 0.300553 0.765745
vt 0.501464 0.736299
vt 0.501948 0.743685
vt 0.500445 0.724638
vt 0.499759 0.717294
vt 0.498721 0.705857
vt 0.497947 0.697837
vt 0.496899 0.686627
vt 0.496130 0.678772
vt 0.495086 0.668088
vt 0.494224 0.659770
vt 0.493120 0.648757
vt 0.508449 0.621456
vt 0.515633 0.619634
vt 0.497978 0.549662
vt 0.490710 0.551149
vt 0.527134 0.615584
vt 0.509606 0.547324
vt 0.534380 0.613691
vt 0.516927 0.545810
vt 0.545084 0.609851
vt 0.528355 0.543471
vt 0.552955 0.607792
vt 0.535927 0.541917
vt 0.563937 0.603827
vt 0.547102 0.539607
vt 0.571629 0.601737
vt 0.554944 0.537941
vt 0.582341 0.597818
vt 0.565891 0.535647
vt 0.590247 0.595630
vt 0.573994 0.533902
vt 0.600686 0.591773
vt 0.584427 0.531669
vt 0.213789 0.833892
vt 0.211975 0.841155
vt 0.217607 0.823148
vt 0.219495 0.815638
vt 0.223417 0.804575
vt 0.225443 0.796838
vt 0.229208 0.786533
vt 0.231308 0.778527
vt 0.235006 0.768409
vt 0.237198 0.760150
vt 0.240828 0.750249
vt 0.430984 0.739162
vt 0.430776 0.746477
vt 0.431071 0.727568
vt 0.431071 0.720056
vt 0.431135 0.708982
vt 0.431172 0.701193
vt 0.431242 0.690012
vt 0.431238 0.681973
vt 0.431263 0.671027
vt 0.431249 0.662722
vt 0.431324 0.651993
vt 0.970347 0.410118
vt 0.962948 0.411775
vt 0.951058 0.415611
vt 0.943565 0.417330
vt 0.931912 0.421146
vt 0.924168 0.422983
vt 0.912768 0.426777
vt 0.904787 0.428729
vt 0.893658 0.432490
vt 0.885436 0.434537
vt 0.874563 0.438256
vt 0.852228 0.860153
vt 0.815372 0.812580
vt 0.768857 0.774357
vt 0.790896 0.840251
vt 0.714632 0.747781
vt 0.721148 0.825879
vt 0.656101 0.734049
vt 0.645909 0.816036
vt 0.793391 0.011571
vt 0.711404 0.021758
vt 0.725133 0.080290
vt 0.803231 0.086810
vt 0.751706 0.134517
vt 0.817599 0.156560
vt 0.789927 0.181033
vt 0.837497 0.217892
vt 0.877269 0.915052
vt 0.806415 0.909138
vt 0.726036 0.904595
vt 0.639088 0.900444
vt 0.877800 0.004754
vt 0.881946 0.091702
vt 0.886485 0.172082
vt 0.892395 0.242936
vt 0.889449 0.973873
vt 0.815389 0.981208
vt 0.729000 0.986116
vt 0.637056 0.986118
vt 0.963475 0.002727
vt 0.963467 0.094671
vt 0.958554 0.181059
vt 0.951215 0.255119
vt 0.073721 0.744035
vt 0.014901 0.731857
vt 0.007568 0.805917
vt 0.079637 0.814888
vt 0.002662 0.892306
vt 0.084183 0.895268
vt 0.002662 0.984251
vt 0.088336 0.982216
vt 0.868275 0.627372
vt 0.870318 0.541697
vt 0.778374 0.541689
vt 0.781328 0.623210
vt 0.691984 0.546587
vt 0.700949 0.618657
vt 0.617923 0.553913
vt 0.630096 0.612735
vt 0.128622 0.769075
vt 0.148525 0.830406
vt 0.162899 0.900154
vt 0.172745 0.975392
vt 0.861444 0.711779
vt 0.786206 0.701927
vt 0.716460 0.687547
vt 0.655130 0.667638
vt 0.176195 0.805930
vt 0.214420 0.852443
vt 0.240997 0.906668
vt 0.254731 0.965198
vt 0.851242 0.793764
vt 0.792713 0.780026
vt 0.738491 0.753443
vt 0.691981 0.715215
vt 0.002659 0.178565
vt 0.013250 0.098108
vt 0.002659 0.137639
vt 0.033712 0.062665
vt 0.062650 0.033725
vt 0.137624 0.002668
vt 0.098093 0.013261
vt 0.218081 0.013259
vt 0.178549 0.002667
vt 0.313520 0.137633
vt 0.253524 0.033721
vt 0.282463 0.062659
vt 0.302927 0.098102
vt 0.302930 0.218090
vt 0.313521 0.178558
vt 0.253529 0.282472
vt 0.282467 0.253533
vt 0.178556 0.313529
vt 0.218087 0.302936
vt 0.098099 0.302939
vt 0.137630 0.313530
vt 0.033716 0.253538
vt 0.062656 0.282476
vt 0.013253 0.218096
s 1
usemtl hanging_industrial_lamp.001
f 51/15/7 541/16/7 545/17/8 53/18/8
f 52/19/9 54/20/9 544/21/9 540/22/9
f 54/20/9 56/23/9 546/24/9 544/21/9
f 56/23/9 58/25/9 548/26/9 546/24/9
f 58/25/9 60/27/9 550/28/9 548/26/9
f 60/27/9 62/29/9 552/30/9 550/28/9
f 62/29/9 64/31/9 554/32/9 552/30/9
f 64/31/9 66/33/9 556/34/9 554/32/9
f 66/33/9 68/35/9 558/36/9 556/34/9
f 68/35/9 70/37/9 560/38/9 558/36/9
f 70/37/9 72/39/9 562/40/9 560/38/9
f 72/39/9 74/41/9 564/42/9 562/40/9
f 490/43/10 599/44/10 600/45/11 491/46/11
f 492/47/12 601/48/12 602/49/13 493/50/13
f 486/51/14 582/52/14 583/53/15 487/54/15
f 495/55/16 604/56/16 508/57/17 418/58/17
f 571/59/18 582/60/18 581/61/18 570/62/18
f 574/63/18 598/64/18 597/65/18 573/66/18
f 577/67/18 601/68/18 600/69/18 576/70/18
f 580/71/18 604/72/18 603/73/18 579/74/18
f 580/71/19 628/75/19 530/76/20 484/77/20
f 575/78/21 623/79/21 624/80/22 576/70/22
f 60/27/23 58/25/24 588/81/24 589/82/23
f 570/62/25 605/83/25 619/84/26 571/59/26
f 577/67/27 625/85/27 626/86/28 578/87/28
f 124/88/29 125/89/30 237/90/30 236/91/29
f 49/92/9 51/93/9 96/94/9 95/95/9
f 109/96/9 649/97/9 564/42/9 74/41/9
f 76/98/9 629/99/9 631/100/9 78/101/9
f 57/102/9 59/103/9 100/104/9 99/105/9
f 84/106/9 637/107/9 639/108/9 86/109/9
f 65/110/9 67/111/9 104/112/9 103/113/9
f 92/114/9 645/115/9 647/116/9 94/117/9
f 75/118/31 77/119/14 632/120/14 630/121/31
f 55/122/9 57/102/9 99/105/9 98/123/9
f 82/124/9 635/125/9 637/107/9 84/106/9
f 63/126/9 65/110/9 103/113/9 102/127/9
f 99/128/32 100/129/33 165/130/33 164/131/32
f 104/132/34 105/133/35 170/134/35 169/135/34
f 49/92/9 95/95/9 110/136/9 75/137/9
f 113/138/36 198/139/36 199/140/37 114/141/37
f 97/142/8 98/143/38 163/144/38 162/145/8
f 102/146/39 103/147/40 168/148/40 167/149/39
f 95/150/41 96/151/7 161/152/7 160/153/41
f 84/106/42 655/154/42 654/155/43 82/124/43
f 79/156/9 112/157/9 113/158/9 81/159/9
f 95/150/41 160/153/41 195/160/31 110/161/31
f 100/129/33 101/162/44 166/163/44 165/130/33
f 105/133/35 106/164/45 171/165/45 170/134/35
f 81/159/9 113/158/9 114/166/9 83/167/9
f 131/168/13 203/169/13 204/170/46 132/171/46
f 98/143/38 99/128/32 164/131/32 163/144/38
f 103/147/40 104/132/34 169/135/34 168/148/40
f 154/172/47 287/173/47 288/174/48 155/175/48
f 87/176/9 129/177/9 130/178/9 89/179/9
f 129/180/11 201/181/11 202/182/12 130/183/12
f 96/151/7 97/142/8 162/145/8 161/152/7
f 101/184/44 102/146/39 167/149/39 166/185/44
f 106/164/45 107/186/17 172/187/17 171/165/45
f 89/179/9 130/178/9 131/188/9 91/189/9
f 111/190/14 196/191/14 197/192/49 112/193/49
f 67/111/9 69/194/9 105/195/9 104/112/9
f 86/109/9 639/108/9 641/196/9 88/197/9
f 59/103/9 61/198/9 101/199/9 100/104/9
f 78/101/9 631/100/9 633/200/9 80/201/9
f 94/117/9 647/116/9 649/97/9 109/96/9
f 51/93/9 53/202/9 97/203/9 96/94/9
f 69/194/9 71/204/9 106/205/9 105/195/9
f 88/197/9 641/196/9 643/206/9 90/207/9
f 61/198/9 63/126/9 102/127/9 101/199/9
f 80/201/9 633/200/9 635/125/9 82/124/9
f 53/202/9 55/122/9 98/123/9 97/203/9
f 71/204/9 73/208/9 107/209/9 106/205/9
f 90/207/9 643/206/9 645/115/9 92/114/9
f 49/210/41 542/211/41 541/16/7 51/15/7
f 578/87/28 626/86/28 627/212/50 579/74/50
f 55/213/38 547/214/38 549/215/32 57/216/32
f 57/216/32 549/215/32 551/217/33 59/218/33
f 59/218/33 551/217/33 553/219/44 61/220/44
f 61/221/44 553/222/44 555/223/39 63/224/39
f 63/224/39 555/223/39 557/225/40 65/226/40
f 65/226/40 557/225/40 559/227/34 67/228/34
f 67/228/34 559/227/34 561/229/35 69/230/35
f 69/230/35 561/229/35 563/231/45 71/232/45
f 71/232/45 563/231/45 565/233/17 73/234/17
f 491/46/11 600/45/11 601/48/12 492/47/12
f 485/235/31 581/236/31 582/52/14 486/51/14
f 494/237/46 603/238/46 604/56/16 495/55/16
f 488/239/36 597/240/36 598/241/37 489/242/37
f 572/243/18 583/244/18 582/60/18 571/59/18
f 575/78/18 599/245/18 598/64/18 574/63/18
f 578/87/18 602/246/18 601/68/18 577/67/18
f 484/77/18 508/247/18 604/72/18 580/71/18
f 573/66/51 621/248/51 622/249/52 574/63/52
f 576/70/22 624/80/22 625/85/27 577/67/27
f 571/59/26 619/84/26 620/250/53 572/243/53
f 53/18/8 545/17/8 547/214/38 55/213/38
f 142/251/32 141/252/38 609/253/38 610/254/32
f 158/255/9 651/256/9 652/257/9 159/258/9
f 630/259/54 629/99/54 543/260/55 542/261/55
f 62/29/56 60/27/23 589/82/23 590/262/56
f 173/263/9 653/264/9 654/155/9 174/265/9
f 634/266/57 633/200/57 631/100/58 632/267/58
f 64/31/59 62/29/56 590/262/56 591/268/59
f 175/269/9 655/154/9 656/270/9 176/271/9
f 638/272/60 637/107/60 635/125/61 636/273/61
f 66/33/62 64/31/59 591/268/59 592/274/62
f 179/275/9 659/276/9 660/277/9 180/278/9
f 52/19/63 50/279/64 585/280/64 584/281/63
f 642/282/65 641/196/65 639/108/66 640/283/66
f 68/35/67 66/33/62 592/274/62 593/284/67
f 177/285/9 657/286/9 658/287/9 178/288/9
f 54/20/68 52/19/63 584/281/63 586/289/68
f 646/290/69 645/115/69 643/206/70 644/291/70
f 70/37/71 68/35/67 593/284/67 594/292/71
f 56/23/72 54/20/68 586/289/68 587/293/72
f 650/294/73 649/97/73 647/116/74 648/295/74
f 72/39/75 70/37/71 594/292/71 595/296/75
f 58/25/24 56/23/72 587/293/72 588/81/24
f 50/279/9 543/260/9 629/99/9 76/98/9
f 74/41/76 72/39/75 595/296/75 596/297/76
f 183/298/77 182/299/78 160/300/78 161/301/77
f 184/302/79 183/298/77 161/301/77 162/303/79
f 185/304/80 184/302/79 162/303/79 163/305/80
f 186/306/81 185/304/80 163/305/80 164/307/81
f 187/308/82 186/306/81 164/307/81 165/309/82
f 188/310/83 187/308/82 165/309/82 166/311/83
f 189/312/84 188/310/83 166/311/83 167/313/84
f 190/314/85 189/312/84 167/313/84 168/315/85
f 191/316/86 190/314/85 168/315/85 169/317/86
f 192/318/87 191/316/86 169/317/86 170/319/87
f 193/320/88 192/318/87 170/319/87 171/321/88
f 194/322/89 193/320/88 171/321/88 172/323/89
f 114/141/37 199/140/37 200/324/10 115/325/10
f 112/193/49 197/192/49 198/139/36 113/138/36
f 110/161/31 195/160/31 196/191/14 111/190/14
f 133/326/16 205/327/16 172/187/17 107/186/17
f 83/167/9 114/166/9 115/328/9 85/329/9
f 93/330/9 132/331/9 133/332/9 108/333/9
f 77/334/9 111/335/9 112/157/9 79/156/9
f 49/210/41 75/118/31 630/121/31 542/211/41
f 81/336/36 83/337/37 638/338/37 636/339/36
f 85/340/10 87/341/11 642/342/11 640/343/10
f 93/344/46 108/345/16 650/346/16 648/347/46
f 89/348/12 91/349/13 646/350/13 644/351/12
f 117/352/90 116/353/91 182/299/91 183/298/90
f 118/354/92 117/352/90 183/298/90 184/302/92
f 119/355/93 118/354/92 184/302/92 185/304/93
f 120/356/94 119/355/93 185/304/93 186/306/94
f 121/357/95 120/356/94 186/306/94 187/308/95
f 122/358/96 121/357/95 187/308/95 188/310/96
f 123/359/97 122/358/96 188/310/96 189/312/97
f 124/88/98 123/359/97 189/312/97 190/314/98
f 125/89/99 124/88/98 190/314/98 191/316/99
f 126/360/100 125/89/99 191/316/99 192/318/100
f 127/361/101 126/360/100 192/318/100 193/320/101
f 128/362/102 127/361/101 193/320/101 194/322/102
f 132/171/46 204/170/46 205/327/16 133/326/16
f 130/183/12 202/182/12 203/169/13 131/168/13
f 115/363/10 200/364/10 201/181/11 129/180/11
f 91/189/9 131/188/9 132/331/9 93/330/9
f 75/137/9 110/136/9 111/335/9 77/334/9
f 85/329/9 115/328/9 129/177/9 87/176/9
f 108/333/9 133/332/9 107/209/9 73/208/9
f 79/365/49 81/336/36 636/339/36 634/366/49
f 83/337/37 85/367/10 640/368/10 638/338/37
f 87/341/11 89/348/12 644/351/12 642/342/11
f 108/345/16 73/234/17 565/233/17 650/346/16
f 91/349/13 93/344/46 648/347/46 646/350/13
f 209/369/103 210/370/104 276/371/104 275/372/103
f 226/373/105 202/374/105 201/375/106 225/376/106
f 117/352/107 118/354/108 230/377/108 229/378/107
f 94/117/109 660/277/109 659/276/110 92/114/110
f 125/89/30 126/360/111 238/379/111 237/90/30
f 118/354/108 119/355/112 231/380/112 230/377/108
f 109/96/113 661/381/113 660/277/109 94/117/109
f 126/360/111 127/361/114 239/382/114 238/379/111
f 119/355/112 120/356/115 232/383/115 231/380/112
f 74/41/76 596/297/76 661/381/113 109/96/113
f 127/361/114 128/362/116 240/384/116 239/382/114
f 120/356/115 121/357/117 233/385/117 232/383/115
f 220/386/118 196/387/118 195/388/119 219/389/119
f 77/119/14 79/365/49 634/366/49 632/120/14
f 121/357/117 122/358/120 234/390/120 233/385/117
f 222/391/121 198/392/121 197/393/122 221/394/122
f 86/109/123 656/270/123 655/154/42 84/106/42
f 122/358/120 123/359/124 235/395/124 234/390/120
f 224/396/125 200/397/125 199/398/126 223/399/126
f 90/207/127 658/287/127 657/286/128 88/197/128
f 123/359/124 124/88/29 236/91/29 235/395/124
f 241/400/129 204/401/129 203/402/130 227/403/130
f 116/353/131 117/352/107 229/378/107 228/404/131
f 92/114/110 659/276/110 658/287/127 90/207/127
f 207/405/132 206/406/133 228/404/133 229/378/132
f 208/407/134 207/405/132 229/378/132 230/377/134
f 209/369/135 208/407/134 230/377/134 231/380/135
f 210/370/136 209/369/135 231/380/135 232/383/136
f 211/408/137 210/370/136 232/383/136 233/385/137
f 212/409/138 211/408/137 233/385/137 234/390/138
f 213/410/139 212/409/138 234/390/138 235/395/139
f 214/411/140 213/410/139 235/395/139 236/91/140
f 215/412/141 214/411/140 236/91/140 237/90/141
f 216/413/142 215/412/141 237/90/141 238/379/142
f 217/414/143 216/413/142 238/379/142 239/382/143
f 218/415/144 217/414/143 239/382/143 240/384/144
f 174/416/36 665/417/36 664/418/15 173/419/49
f 88/197/128 657/286/128 656/270/123 86/109/123
f 76/98/145 651/256/145 585/280/64 50/279/64
f 78/101/146 652/257/146 651/256/145 76/98/145
f 80/201/147 653/264/147 652/257/146 78/101/146
f 82/124/43 654/155/43 653/264/147 80/201/147
f 219/389/119 195/388/119 160/300/78 182/299/78
f 221/394/122 197/393/122 196/387/118 220/386/118
f 223/399/126 199/398/126 198/392/121 222/391/121
f 225/376/106 201/375/106 200/397/125 224/396/125
f 242/420/148 205/421/148 204/401/129 241/400/129
f 227/403/130 203/402/130 202/374/105 226/373/105
f 206/406/149 272/422/149 315/423/150 243/424/150
f 128/362/102 194/322/102 242/420/151 157/425/151
f 217/414/152 218/415/153 284/426/153 283/427/152
f 210/370/104 211/408/154 277/428/154 276/371/104
f 134/429/155 267/430/155 268/431/156 135/432/156
f 194/322/89 172/323/89 205/421/148 242/420/148
f 211/408/154 212/409/157 278/433/157 277/428/154
f 135/432/156 268/431/156 269/434/158 136/435/158
f 135/432/159 220/386/159 219/389/160 134/429/160
f 212/409/157 213/410/161 279/436/161 278/433/157
f 136/435/158 269/434/158 270/437/162 137/438/162
f 137/438/163 222/391/163 221/394/164 136/435/164
f 213/410/161 214/411/165 280/439/165 279/436/161
f 152/440/166 285/441/166 286/442/167 153/443/168
f 206/406/149 207/405/169 273/444/169 272/422/149
f 152/440/170 224/396/170 223/399/171 151/445/171
f 214/411/165 215/412/172 281/446/172 280/439/165
f 137/438/162 270/437/162 271/447/173 151/445/173
f 207/405/169 208/407/174 274/448/174 273/444/169
f 154/172/175 226/373/175 225/376/176 153/443/176
f 215/412/172 216/413/177 282/449/177 281/446/172
f 208/407/174 209/369/103 275/372/103 274/448/174
f 156/450/178 241/400/178 227/403/179 155/175/179
f 216/413/177 217/414/152 283/427/152 282/449/177
f 251/451/18 250/452/18 272/422/18 273/444/18
f 252/453/18 251/451/18 273/444/18 274/448/18
f 253/454/18 252/453/18 274/448/18 275/372/18
f 254/455/18 253/454/18 275/372/18 276/371/18
f 255/456/18 254/455/18 276/371/18 277/428/18
f 256/457/18 255/456/18 277/428/18 278/433/18
f 257/458/18 256/457/18 278/433/18 279/436/18
f 258/459/18 257/458/18 279/436/18 280/439/18
f 259/460/18 258/459/18 280/439/18 281/446/18
f 260/461/18 259/460/18 281/446/18 282/449/18
f 261/462/18 260/461/18 282/449/18 283/427/18
f 262/463/18 261/462/18 283/427/18 284/426/18
f 134/429/160 219/389/160 182/299/91 116/353/91
f 136/435/164 221/394/164 220/386/159 135/432/159
f 151/445/171 223/399/171 222/391/163 137/438/163
f 153/443/176 225/376/176 224/396/170 152/440/170
f 155/175/179 227/403/179 226/373/175 154/172/175
f 157/425/151 242/420/151 241/400/178 156/450/178
f 245/464/180 330/465/180 331/466/181 246/467/181
f 155/175/48 288/174/48 289/468/182 156/450/182
f 156/450/182 289/468/182 290/469/183 157/425/183
f 157/425/183 290/469/183 240/384/116 128/362/116
f 153/443/168 286/442/167 287/173/47 154/172/47
f 151/445/173 271/447/173 285/441/166 152/440/166
f 291/470/18 315/423/18 272/422/18 250/452/18
f 246/467/184 270/437/184 269/434/185 245/464/185
f 257/458/37 258/459/36 324/471/36 323/472/37
f 244/473/186 329/474/186 330/465/180 245/464/180
f 250/452/17 251/451/16 317/475/16 316/476/17
f 248/477/187 285/441/187 271/447/188 247/478/188
f 258/459/36 259/460/49 325/479/49 324/471/36
f 243/424/150 315/423/150 329/474/186 244/473/186
f 251/451/16 252/453/46 318/480/46 317/475/16
f 263/481/189 287/173/189 286/442/190 249/482/190
f 259/460/49 260/461/14 326/483/14 325/479/49
f 252/453/46 253/454/13 319/484/13 318/480/46
f 265/485/191 289/468/191 288/174/192 264/486/192
f 260/461/14 261/462/31 327/487/31 326/483/14
f 253/454/13 254/455/12 320/488/12 319/484/13
f 218/415/144 240/384/144 290/469/193 266/489/193
f 261/462/31 262/463/41 328/490/41 327/487/31
f 254/455/12 255/456/11 321/491/11 320/488/12
f 246/467/181 331/466/181 332/492/194 247/478/194
f 116/353/131 228/404/131 267/430/155 134/429/155
f 255/456/11 256/457/10 322/493/10 321/491/11
f 248/477/195 333/494/195 334/495/196 249/482/196
f 244/473/197 268/431/197 267/430/198 243/424/198
f 256/457/10 257/458/37 323/472/37 322/493/10
f 295/496/18 294/497/18 316/476/18 317/475/18
f 296/498/18 295/496/18 317/475/18 318/480/18
f 297/499/18 296/498/18 318/480/18 319/484/18
f 298/500/18 297/499/18 319/484/18 320/488/18
f 299/501/18 298/500/18 320/488/18 321/491/18
f 300/502/18 299/501/18 321/491/18 322/493/18
f 301/503/18 300/502/18 322/493/18 323/472/18
f 302/504/18 301/503/18 323/472/18 324/471/18
f 303/505/18 302/504/18 324/471/18 325/479/18
f 304/506/18 303/505/18 325/479/18 326/483/18
f 305/507/18 304/506/18 326/483/18 327/487/18
f 306/508/18 305/507/18 327/487/18 328/490/18
f 243/424/198 267/430/198 228/404/133 206/406/133
f 245/464/185 269/434/185 268/431/197 244/473/197
f 247/478/188 271/447/188 270/437/184 246/467/184
f 249/482/190 286/442/190 285/441/187 248/477/187
f 264/486/192 288/174/192 287/173/189 263/481/189
f 266/489/193 290/469/193 289/468/191 265/485/191
f 266/489/199 338/509/199 284/426/153 218/415/153
f 247/478/194 332/492/194 333/494/195 248/477/195
f 249/482/196 334/495/196 335/510/200 263/481/200
f 263/481/200 335/510/200 336/511/201 264/486/201
f 265/485/202 337/512/202 338/509/199 266/489/199
f 264/486/201 336/511/201 337/512/202 265/485/202
f 308/513/39 380/514/39 381/515/44 309/516/44
f 299/517/203 300/518/204 345/519/204 344/520/203
f 312/521/18 336/511/18 335/510/18 311/522/18
f 292/523/18 329/474/18 315/423/18 291/470/18
f 300/524/204 301/525/205 346/526/205 345/527/204
f 313/528/18 337/512/18 336/511/18 312/521/18
f 293/529/18 330/465/18 329/474/18 292/523/18
f 301/525/205 302/530/206 347/531/206 346/526/205
f 262/463/18 284/426/18 338/509/18 314/532/18
f 294/533/207 295/534/208 340/535/208 339/536/207
f 307/537/18 331/466/18 330/465/18 293/529/18
f 302/530/206 303/538/209 348/539/209 347/531/206
f 314/532/18 338/509/18 337/512/18 313/528/18
f 295/534/208 296/540/210 341/541/210 340/535/208
f 308/513/18 332/492/18 331/466/18 307/537/18
f 303/538/209 304/542/211 349/543/211 348/539/209
f 296/540/210 297/544/212 342/545/212 341/541/210
f 309/516/18 333/494/18 332/492/18 308/513/18
f 304/542/211 305/546/213 350/547/213 349/543/211
f 297/544/212 298/548/214 343/549/214 342/545/212
f 310/550/18 334/495/18 333/494/18 309/516/18
f 305/546/213 306/551/215 351/552/215 350/547/213
f 298/548/214 299/517/203 344/520/203 343/549/214
f 311/522/18 335/510/18 334/495/18 310/550/18
f 356/553/18 380/514/18 379/554/18 355/555/18
f 340/535/7 341/541/8 364/556/8 363/557/7
f 312/521/38 397/558/38 398/559/8 313/528/8
f 348/539/34 349/543/35 372/560/35 371/561/34
f 341/541/8 342/545/38 365/562/38 364/556/8
f 292/523/35 377/563/35 378/564/34 293/529/34
f 349/543/35 350/547/45 373/565/45 372/560/35
f 342/545/38 343/549/32 366/566/32 365/562/38
f 313/528/8 398/559/8 399/567/7 314/532/7
f 350/547/45 351/552/17 374/568/17 373/565/45
f 343/549/32 344/520/33 367/569/33 366/566/32
f 293/529/34 378/564/34 379/554/40 307/537/40
f 310/550/33 382/570/33 383/571/32 311/522/32
f 344/520/33 345/519/44 368/572/44 367/569/33
f 314/532/7 399/567/7 328/490/41 262/463/41
f 250/452/17 316/476/17 376/573/45 291/470/45
f 345/527/44 346/526/39 369/574/39 368/575/44
f 307/537/40 379/554/40 380/514/39 308/513/39
f 311/522/32 383/571/32 397/558/38 312/521/38
f 346/526/39 347/531/40 370/576/40 369/574/39
f 309/516/44 381/515/44 382/570/33 310/550/33
f 339/536/41 340/535/7 363/557/7 362/577/41
f 291/470/45 376/573/45 377/563/35 292/523/35
f 347/531/40 348/539/34 371/561/34 370/576/40
f 371/578/216 372/579/217 394/580/217 393/581/216
f 364/582/218 365/583/219 387/584/219 386/585/218
f 357/586/18 381/515/18 380/514/18 356/553/18
f 372/579/217 373/587/220 395/588/220 394/580/217
f 365/583/219 366/589/221 388/590/221 387/584/219
f 358/591/18 382/570/18 381/515/18 357/586/18
f 373/587/220 374/592/222 396/593/222 395/588/220
f 366/589/221 367/594/223 389/595/223 388/590/221
f 359/596/18 383/571/18 382/570/18 358/591/18
f 352/597/18 376/573/18 316/476/18 294/497/18
f 367/594/223 368/598/224 390/599/224 389/595/223
f 360/600/18 397/558/18 383/571/18 359/596/18
f 353/601/18 377/563/18 376/573/18 352/597/18
f 368/602/224 369/603/225 391/604/225 390/605/224
f 361/606/18 398/559/18 397/558/18 360/600/18
f 354/607/18 378/564/18 377/563/18 353/601/18
f 369/603/225 370/608/226 392/609/226 391/604/225
f 375/610/18 399/567/18 398/559/18 361/606/18
f 362/611/227 363/612/228 385/613/228 384/614/227
f 355/555/18 379/554/18 378/564/18 354/607/18
f 370/608/226 371/578/216 393/581/216 392/609/226
f 306/508/18 328/490/18 399/567/18 375/610/18
f 363/612/228 364/582/218 386/585/218 385/613/228
f 535/615/229 511/616/229 510/617/230 534/618/230
f 390/619/44 391/620/39 435/621/39 434/622/44
f 354/623/231 402/624/231 403/625/232 355/626/232
f 358/627/233 419/628/233 420/629/234 359/630/234
f 391/620/39 392/631/40 436/632/40 435/621/39
f 375/633/235 423/634/235 351/552/215 306/551/215
f 384/635/41 385/636/7 429/637/7 428/638/41
f 294/533/207 339/536/207 400/639/236 352/640/236
f 392/631/40 393/641/34 437/642/34 436/632/40
f 355/626/232 403/625/232 404/643/237 356/644/237
f 385/636/7 386/645/8 430/646/8 429/637/7
f 359/630/234 420/629/234 421/647/238 360/648/238
f 393/649/34 394/650/35 438/651/35 437/652/34
f 386/645/8 387/653/38 431/654/38 430/646/8
f 352/640/236 400/639/236 401/655/239 353/656/239
f 394/650/35 395/657/45 439/658/45 438/651/35
f 387/659/38 388/660/32 432/661/32 431/662/38
f 360/648/238 421/647/238 422/663/240 361/664/240
f 395/657/45 396/665/17 440/666/17 439/658/45
f 388/660/32 389/667/33 433/668/33 432/661/32
f 353/656/239 401/655/239 402/624/231 354/623/231
f 356/644/237 404/643/237 405/669/241 357/670/241
f 389/667/33 390/619/44 434/622/44 433/668/33
f 361/664/240 422/663/240 423/634/235 375/633/235
f 357/671/241 405/672/241 419/628/233 358/627/233
f 451/673/242 450/674/243 428/675/243 429/676/242
f 452/677/244 451/673/242 429/676/242 430/678/244
f 453/679/245 452/677/244 430/678/244 431/680/245
f 454/681/246 453/679/245 431/680/245 432/682/246
f 455/683/247 454/681/246 432/682/246 433/684/247
f 456/685/248 455/683/247 433/684/247 434/686/248
f 457/687/249 456/688/248 434/689/248 435/690/249
f 458/691/250 457/687/249 435/690/249 436/692/250
f 459/693/251 458/691/250 436/692/250 437/694/251
f 460/695/252 459/693/251 437/694/251 438/696/252
f 461/697/253 460/695/252 438/696/252 439/698/253
f 462/699/254 461/697/253 439/698/253 440/700/254
f 400/639/31 424/701/31 425/702/14 401/655/14
f 401/655/14 425/702/14 426/703/49 402/624/49
f 402/624/49 426/703/49 427/704/36 403/625/36
f 403/625/36 427/704/36 441/705/37 404/643/37
f 405/672/10 442/706/10 443/707/11 419/628/11
f 339/536/41 362/577/41 424/701/31 400/639/31
f 445/708/255 469/709/255 470/710/256 446/711/256
f 446/711/256 470/710/256 471/712/257 447/713/257
f 447/713/257 471/712/257 396/593/222 374/592/222
f 441/714/258 465/715/258 466/716/259 442/717/259
f 444/718/260 468/719/260 469/709/255 445/708/255
f 443/720/261 467/721/261 468/719/260 444/718/260
f 407/722/18 406/723/18 450/674/18 451/673/18
f 408/724/18 407/722/18 451/673/18 452/677/18
f 409/725/18 408/724/18 452/677/18 453/679/18
f 410/726/18 409/725/18 453/679/18 454/681/18
f 411/727/18 410/726/18 454/681/18 455/683/18
f 412/728/18 411/727/18 455/683/18 456/685/18
f 413/729/18 412/730/18 456/688/18 457/687/18
f 414/731/18 413/729/18 457/687/18 458/691/18
f 415/732/18 414/731/18 458/691/18 459/693/18
f 416/733/18 415/732/18 459/693/18 460/695/18
f 417/734/18 416/733/18 460/695/18 461/697/18
f 418/58/18 417/734/18 461/697/18 462/699/18
f 421/647/13 445/735/13 446/736/46 422/663/46
f 422/663/46 446/736/46 447/737/16 423/634/16
f 423/634/16 447/737/16 374/568/17 351/552/17
f 404/643/37 441/705/37 442/738/10 405/669/10
f 419/628/11 443/707/11 444/739/12 420/629/12
f 420/629/12 444/739/12 445/735/13 421/647/13
f 425/740/262 449/741/262 463/742/263 426/743/263
f 426/743/263 463/742/263 464/744/264 427/745/264
f 427/745/264 464/744/264 465/715/258 441/714/258
f 442/746/259 466/747/259 467/721/261 443/720/261
f 424/748/265 448/749/265 449/741/262 425/740/262
f 362/611/227 384/614/227 448/749/265 424/748/265
f 491/46/18 539/750/18 538/751/18 490/43/18
f 466/752/10 514/753/10 515/754/11 467/755/11
f 411/727/33 412/728/44 502/756/44 501/757/33
f 537/758/266 513/759/266 512/760/267 536/761/267
f 384/635/41 428/638/41 509/762/31 448/763/31
f 412/730/44 413/729/39 503/764/39 502/765/44
f 539/750/268 515/766/268 514/767/269 538/751/269
f 448/763/31 509/762/31 510/768/14 449/769/14
f 413/729/39 414/731/40 504/770/40 503/764/39
f 569/771/270 532/772/270 531/773/271 568/774/271
f 406/723/41 407/722/7 497/775/7 496/776/41
f 449/769/14 510/768/14 511/777/49 463/778/49
f 414/731/40 415/732/34 505/779/34 504/770/40
f 567/780/272 517/781/272 516/782/273 566/783/273
f 407/722/7 408/724/8 498/784/8 497/775/7
f 463/785/49 511/786/49 512/787/36 464/788/36
f 415/732/34 416/733/35 506/789/35 505/779/34
f 408/724/8 409/725/38 499/790/38 498/784/8
f 464/788/36 512/787/36 513/791/37 465/792/37
f 416/733/35 417/734/45 507/793/45 506/789/35
f 409/725/38 410/726/32 500/794/32 499/790/38
f 533/795/274 509/796/274 428/675/243 450/674/243
f 417/734/45 418/58/17 508/57/17 507/793/45
f 410/726/32 411/727/33 501/757/33 500/794/32
f 473/797/18 472/798/18 496/799/18 497/800/18
f 474/801/18 473/797/18 497/800/18 498/802/18
f 475/803/18 474/801/18 498/802/18 499/804/18
f 476/805/18 475/803/18 499/804/18 500/806/18
f 477/807/18 476/805/18 500/806/18 501/808/18
f 478/809/18 477/807/18 501/808/18 502/810/18
f 479/811/18 478/809/18 502/810/18 503/812/18
f 480/813/18 479/811/18 503/812/18 504/814/18
f 481/815/18 480/813/18 504/814/18 505/816/18
f 482/817/18 481/815/18 505/816/18 506/818/18
f 483/819/18 482/817/18 506/818/18 507/820/18
f 484/77/18 483/819/18 507/820/18 508/247/18
f 467/755/11 515/754/11 516/821/12 468/822/12
f 468/822/12 516/821/12 517/823/13 469/824/13
f 469/825/13 517/826/13 531/827/46 470/828/46
f 470/828/46 531/827/46 532/829/16 471/830/16
f 471/830/16 532/829/16 440/666/17 396/665/17
f 465/792/37 513/791/37 514/753/10 466/752/10
f 534/618/230 510/617/230 509/796/274 533/795/274
f 536/761/267 512/760/267 511/616/229 535/615/229
f 538/831/269 514/832/269 513/759/266 537/758/266
f 566/783/273 516/782/273 515/766/268 539/750/268
f 462/699/254 440/700/254 532/772/270 569/771/270
f 568/774/271 531/773/271 517/781/272 567/780/272
f 521/833/18 523/834/18 527/835/18
f 483/819/275 484/77/20 530/76/20 529/836/275
f 476/805/276 477/807/277 523/834/277 522/837/276
f 492/47/18 566/783/18 539/750/18 491/46/18
f 485/235/18 533/795/18 450/674/18 406/723/18
f 477/807/277 478/809/278 524/838/278 523/834/277
f 493/50/18 567/780/18 566/783/18 492/47/18
f 486/51/18 534/618/18 533/795/18 485/235/18
f 478/809/278 479/811/279 525/839/279 524/838/278
f 494/237/18 568/774/18 567/780/18 493/50/18
f 487/54/18 535/615/18 534/618/18 486/51/18
f 479/811/279 480/813/280 526/840/280 525/839/279
f 489/242/37 598/241/37 599/841/10 490/842/10
f 472/798/281 473/797/282 519/843/282 518/844/281
f 488/239/18 536/761/18 535/615/18 487/54/18
f 480/813/280 481/815/283 527/835/283 526/840/280
f 495/55/18 569/771/18 568/774/18 494/237/18
f 473/797/282 474/801/284 520/845/284 519/843/282
f 489/242/18 537/758/18 536/761/18 488/239/18
f 481/815/283 482/817/285 528/846/285 527/835/283
f 474/801/284 475/803/286 521/833/286 520/845/284
f 490/842/18 538/831/18 537/758/18 489/242/18
f 482/817/285 483/819/275 529/836/275 528/846/285
f 475/803/286 476/805/276 522/837/276 521/833/286
f 541/847/287 542/261/55 543/260/55 540/22/287
f 545/848/288 541/847/287 540/22/287 544/21/288
f 547/849/289 545/848/288 544/21/288 546/24/289
f 549/850/290 547/849/289 546/24/289 548/26/290
f 551/851/291 549/850/290 548/26/290 550/28/291
f 553/852/292 551/851/291 550/28/291 552/30/292
f 555/853/293 553/852/292 552/30/292 554/32/293
f 557/854/294 555/853/293 554/32/293 556/34/294
f 559/855/295 557/854/294 556/34/294 558/36/295
f 561/856/296 559/855/295 558/36/295 560/38/296
f 563/857/297 561/856/296 560/38/296 562/40/297
f 565/858/298 563/857/297 562/40/297 564/42/298
f 406/723/41 496/776/41 581/236/31 485/235/31
f 493/50/13 602/49/13 603/238/46 494/237/46
f 487/54/15 583/53/15 597/240/36 488/239/36
f 570/62/18 581/61/18 496/799/18 472/798/18
f 573/66/18 597/65/18 583/244/18 572/243/18
f 576/70/18 600/69/18 599/245/18 575/78/18
f 579/74/18 603/73/18 602/246/18 578/87/18
f 530/76/18 625/85/18 621/248/18
f 574/63/52 622/249/52 623/79/21 575/78/21
f 472/798/281 518/844/281 605/83/25 570/62/25
f 579/74/50 627/212/50 628/75/19 580/71/19
f 572/243/53 620/250/53 621/248/51 573/66/51
f 50/279/9 52/19/9 540/22/9 543/260/9
f 139/859/9 138/860/9 584/281/9 585/280/9
f 138/860/9 140/861/9 586/289/9 584/281/9
f 140/861/9 141/862/9 587/293/9 586/289/9
f 141/862/9 142/863/9 588/81/9 587/293/9
f 142/863/9 143/864/9 589/82/9 588/81/9
f 143/864/9 144/865/9 590/262/9 589/82/9
f 144/865/9 145/866/9 591/268/9 590/262/9
f 145/866/9 146/867/9 592/274/9 591/268/9
f 146/867/9 147/868/9 593/284/9 592/274/9
f 147/868/9 148/869/9 594/292/9 593/284/9
f 148/869/9 149/870/9 595/296/9 594/292/9
f 149/870/9 150/871/9 596/297/9 595/296/9
f 632/267/58 631/100/58 629/99/54 630/259/54
f 636/273/61 635/125/61 633/200/57 634/266/57
f 640/283/66 639/108/66 637/107/60 638/272/60
f 644/291/70 643/206/70 641/196/65 642/282/65
f 648/295/74 647/116/74 645/115/69 646/290/69
f 565/858/298 564/42/298 649/97/73 650/294/73
f 139/859/9 585/280/9 651/256/9 158/255/9
f 159/258/9 652/257/9 653/264/9 173/263/9
f 174/265/9 654/155/9 655/154/9 175/269/9
f 176/271/9 656/270/9 657/286/9 177/285/9
f 180/278/9 660/277/9 661/381/9 181/872/9
f 178/288/9 658/287/9 659/276/9 179/275/9
f 181/873/16 672/874/16 671/875/46 180/876/46
f 158/877/31 662/878/31 607/879/41 139/880/41
f 150/881/17 149/882/45 617/883/45 618/884/17
f 143/885/33 142/251/32 610/254/32 611/886/33
f 179/887/299 670/888/13 669/889/12 178/890/12
f 181/872/9 661/381/9 596/297/9 150/871/9
f 144/891/44 143/885/33 611/886/33 612/892/44
f 159/893/14 663/894/14 662/878/31 158/877/31
f 150/881/17 618/884/17 672/874/16 181/873/16
f 145/895/39 144/896/44 612/897/44 613/898/39
f 180/876/46 671/875/46 670/888/13 179/887/299
f 175/899/37 666/900/37 665/417/36 174/416/36
f 146/901/40 145/895/39 613/898/39 614/902/40
f 138/903/7 139/880/41 607/879/41 606/904/7
f 176/905/10 667/906/10 666/900/37 175/899/37
f 147/907/300 146/901/40 614/902/40 615/908/34
f 173/419/49 664/418/15 663/894/14 159/893/14
f 140/909/8 138/903/7 606/904/7 608/910/8
f 177/911/11 668/912/11 667/913/10 176/914/10
f 148/915/35 147/907/300 615/908/34 616/916/35
f 141/252/38 140/909/8 608/910/8 609/253/38
f 178/890/12 669/889/12 668/912/11 177/911/11
f 149/882/45 148/915/35 616/916/35 617/883/45
f 418/58/18 462/699/18 569/771/18 495/55/18
f 612/917/9 608/918/9 667/919/9 616/920/9
f 519/843/18 520/845/18 521/833/18
f 521/833/18 522/837/18 523/834/18
f 523/834/18 524/838/18 525/839/18
f 525/839/18 526/840/18 523/834/18
f 526/840/18 527/835/18 523/834/18
f 527/835/18 528/846/18 529/836/18
f 529/836/18 530/76/18 527/835/18
f 519/843/18 521/833/18 527/835/18
f 605/83/18 518/844/18 619/84/18
f 518/844/18 530/76/18 619/84/18
f 530/76/18 628/75/18 627/212/18
f 627/212/18 626/86/18 530/76/18
f 626/86/18 625/85/18 530/76/18
f 625/85/18 624/80/18 623/79/18
f 623/79/18 622/249/18 621/248/18
f 621/248/18 620/250/18 619/84/18
f 625/85/18 623/79/18 621/248/18
f 621/248/18 619/84/18 530/76/18
f 608/918/9 606/921/301 607/922/9
f 607/922/9 662/923/302 608/918/9
f 662/923/302 663/924/9 608/918/9
f 663/924/9 664/925/303 667/919/9
f 664/925/303 665/926/9 667/919/9
f 665/926/9 666/927/304 667/919/9
f 667/919/9 668/928/9 669/929/9
f 669/929/9 670/930/305 671/931/9
f 671/931/9 672/932/301 618/933/9
f 618/933/9 617/934/306 616/920/9
f 616/920/9 615/935/307 614/936/303
f 614/936/303 613/937/9 616/920/9
f 613/937/9 612/917/9 616/920/9
f 612/917/9 611/938/308 610/939/308
f 610/939/308 609/940/9 612/917/9
f 609/940/9 608/918/9 612/917/9
f 667/919/9 669/929/9 616/920/9
f 669/929/9 671/931/9 616/920/9
f 671/931/9 618/933/9 616/920/9
f 608/918/9 663/924/9 667/919/9
f 519/843/18 527/835/18 530/76/18 518/844/18
f 743/941/309 1546/942/310 1581/943/311 746/944/312
f 1514/945/313 1510/946/314 1509/947/315 1513/948/316
f 1818/949/317 1817/950/318 1813/951/319 1814/952/320
f 1133/953/321 1132/954/322 1140/955/323 1141/956/324
f 1149/957/325 930/958/326 929/959/327 1148/960/328
f 856/961/329 1341/962/330 942/963/331 710/964/332
f 1101/965/333 1100/966/334 1696/967/335 1697/968/336
f 1546/969/310 1579/970/337 1543/971/338 1542/972/339
f 1241/973/340 1215/974/341 796/975/342 798/976/343
f 1296/977/344 1297/978/345 1295/979/346 1294/980/347
f 955/981/348 956/982/349 958/983/350 957/984/351
f 749/985/352 750/986/353 858/987/354 857/988/355
f 717/989/356 1524/990/357 1525/991/358 718/992/359
f 1009/993/360 1013/994/361 1012/995/362 1008/996/363
f 821/997/364 1227/998/365 822/999/366
f 1372/1000/367 1364/1001/368 1363/1002/369 1371/1003/370
f 1412/1004/371 1662/1005/372 1661/1006/373 1411/1007/374
f 791/1008/375 817/1009/376 818/1010/377 792/1011/378
f 1142/1012/379 1148/1013/328 1528/1014/380 1524/1015/357
f 1095/1016/381 1150/1017/382 1204/1018/383 1203/1019/384
f 1318/1020/385 1325/1021/386 1333/1022/387 1330/1023/388
f 806/1024/389 805/1025/390 807/1026/391 808/1027/392
f 912/1028/393 864/1029/394 863/1030/395 911/1031/396
f 1177/1032/397 1176/1033/398 1172/1034/399 1173/1035/400
f 1357/1036/401 1349/1037/402 1348/1038/403 1356/1039/404
f 1571/1040/405 1576/1041/406 1574/1042/407 1568/1043/408
f 767/1044/409 761/1045/410 762/1046/411 768/1047/412
f 919/1048/413 923/1049/414 922/1050/415 918/1051/416
f 1195/1052/417 1194/1053/418 1190/1054/419 1191/1055/420
f 846/1056/421 848/1057/422 849/1058/423 847/1059/424
f 1666/1060/425 1218/1061/426 1220/1062/427 1668/1063/428
f 1712/1064/429 1869/1065/430 1831/1066/431 1594/1067/432
f 1262/1068/433 1263/1069/434 1856/1070/435 1855/1071/436
f 1272/1072/437 1273/1073/438 1271/1074/439 1270/1075/440
f 849/1076/423 1328/1077/441 1326/1078/442 847/1079/424
f 987/1080/443 989/1081/444 1493/1082/445 1491/1083/446
f 833/1084/447 837/1085/448 838/1086/449 834/1087/450
f 797/1088/451 798/1089/343 796/1090/342 795/1091/452
f 1124/1092/453 1134/1093/454 1518/1094/455 1504/1095/456
f 1109/1096/457 1108/1097/458 1114/1098/459 1115/1099/460
f 765/1100/461 766/1101/462 770/1102/463 769/1103/464
f 910/1104/465 909/1105/466 905/1106/467 906/1107/468
f 868/1108/469 932/1109/470 1432/1110/471 1353/1111/472
f 722/1112/473 721/1113/474 720/1114/475 719/1115/476
f 1540/1116/477 1438/1117/478 944/1118/479 1026/1119/480
f 1660/1120/481 1663/1121/482 1415/1122/483 1410/1123/484
f 1563/1124/485 1572/1125/486 1578/1126/487 1567/1127/488
f 724/1128/489 1082/1129/490 1085/1130/491 730/1131/492
f 1431/1132/493 931/1133/494 867/1134/495 1352/1135/496
f 936/1136/497 930/1137/326 1200/1138/498 1217/1139/499
f 837/1140/448 1285/1141/500 1289/1142/501 841/1143/502
f 1758/1144/503 1759/1145/504 1787/1146/505 1786/1147/506
f 1273/1148/438 958/1149/350 956/1150/349 1271/1151/439
f 788/1152/507 792/1153/378 789/1154/508 763/1155/509
f 1090/1156/510 1081/1157/511 1097/1158/512 1102/1159/513
f 775/1160/514 776/1161/515 780/1162/516 779/1163/517
f 716/1164/518 715/1165/519 1469/1166/520 1470/1167/521
f 1809/1168/522 1811/1169/523 1277/1170/524 1808/1171/525
f 977/1172/526 1298/1173/527 1296/1174/344 975/1175/528
f 1152/1176/529 1140/1177/323 1137/1178/530 1144/1179/531
f 1846/1180/532 1715/1181/533 1716/1182/534 1847/1183/535
f 1712/1064/429 1453/1184/536 1766/1185/537 1869/1065/430
f 866/1186/538 865/1187/539 751/1188/540 752/1189/541
f 1317/1190/542 1269/1191/543 953/1192/544 998/1193/545
f 841/1194/502 844/1195/546 845/1196/547 842/1197/548
f 1218/1061/426 1666/1060/425 1664/1198/549 1213/1199/550
f 977/1172/526 1213/1199/550 1664/1198/549 1298/1173/527
f 1060/1200/551 1061/1201/552 1151/1202/553 1150/1203/382
f 1245/1204/554 802/1205/555 804/1206/556 1247/1207/557
f 856/961/329 860/1208/558 1345/1209/559 1341/962/330
f 1206/1210/560 1207/1211/561 1215/1212/341 1212/1213/562
f 960/1214/563 1452/1215/564 1472/1216/565 968/1217/566
f 894/1218/567 902/1219/568 901/1220/569 893/1221/570
f 1005/1222/571 1009/993/360 1008/996/363 1004/1223/572
f 965/1224/573 1294/1225/347 1292/1226/574 963/1227/575
f 1025/1228/576 939/1229/577 1437/1230/578 1538/1231/579
f 740/1232/580 737/1233/581 738/1234/582 739/1235/583
f 1523/1236/584 1139/1237/585 1135/1238/586 1520/1239/587
f 1220/1240/427 1221/1241/588 1224/1242/589 1223/1243/590
f 803/1244/591 1246/1245/592 1248/1246/593 805/1247/390
f 1651/1248/594 1844/1249/595 1842/1250/596 1649/1251/597
f 1694/1252/598 1693/1253/599 1689/1254/600 1690/1255/601
f 988/1256/602 1226/1257/603 989/1258/444
f 1208/1259/604 1211/1260/605 1201/1261/606 1196/1262/607
f 1274/1263/608 1291/1264/609 1273/1073/438 1272/1072/437
f 1697/1265/336 1701/1266/610 1702/1267/611 1698/1268/612
f 845/1269/547 1322/1270/613 1290/1271/614 842/1272/548
f 1772/1273/615 1770/1274/616 1771/1275/617 1773/1276/618
f 1607/1277/619 1603/1278/620 1602/1279/621 1606/1280/622
f 1800/1281/623 1799/1282/624 1795/1283/625 1796/1284/626
f 1199/1285/627 929/1286/327 935/1287/628 1216/1288/629
f 871/1289/630 879/1290/631 878/1291/632 870/1292/633
f 1230/1293/634 1234/1294/635 1233/1295/636 1229/1296/637
f 1165/1297/638 1164/1298/639 1168/1299/640 1169/1300/641
f 1845/1301/642 1848/1302/643 1717/1303/644 1714/1304/645
f 743/1305/309 744/1306/646 1579/970/337 1546/969/310
f 711/1307/647 948/1308/648 947/1309/649 705/1310/650
f 855/1311/651 856/1312/329 710/1313/332 709/1314/652
f 1549/1315/653 1030/1316/654 1028/1317/655 1547/1318/656
f 1803/1319/657 1802/1320/658 1798/1321/659 1799/1322/624
f 1280/1323/660 1283/1324/661 1320/1325/662 1288/1326/663
f 1144/1327/531 1137/1328/530 1136/1329/664 1143/1330/665
f 1209/1331/666 1020/1332/667 1019/1333/668 1208/1334/604
f 1323/1335/669 1344/1336/670 1345/1337/559 1326/1338/442
f 1615/1339/671 1607/1277/619 1606/1280/622 1614/1340/672
f 750/986/353 749/985/352 763/1341/509 764/1342/673
f 1219/1343/674 1667/1344/675 1669/1345/676 1221/1346/588
f 1639/1347/677 1638/1348/678 1455/1349/679 1456/1350/680
f 1518/1351/455 1522/1352/681 1523/1353/584 1520/1354/587
f 1530/1355/682 1374/1356/683 1575/1357/684 1108/1358/458
f 1008/1359/363 1012/1360/362 1011/1361/685 1007/1362/686
f 1219/1363/674 1221/1241/588 1220/1240/427 1218/1364/426
f 1370/1365/687 1373/1366/688 1377/1367/689 1374/1368/683
f 1503/1369/690 1508/1370/691 1512/1371/692 1509/1372/315
f 1399/1373/693 1396/1374/694 1404/1375/695 824/1376/696
f 1660/1120/481 1640/1377/697 1643/1378/698 1663/1121/482
f 1819/1379/699 1816/1380/700 1820/1381/701 1823/1382/702
f 1025/1228/576 1538/1231/579 1527/1383/703 1015/1384/704
f 819/1385/705 1264/1386/706 1266/1387/707 821/1388/364
f 918/1389/416 922/1390/415 921/1391/708 917/1392/709
f 698/1393/710 954/1394/711 1446/1395/712 830/1396/713
f 1521/1397/714 1519/1398/715 1109/1399/457 1110/1400/716
f 1272/1401/437 1270/1402/440 955/1403/348 957/1404/351
f 978/1405/717 977/1406/526 975/1407/528 976/1408/718
f 1120/1409/719 1133/1410/321 1141/1411/324 1136/1412/664
f 1891/1413/720 1892/1414/721 1894/1415/722 1893/1416/723
f 899/1417/724 931/1133/494 1431/1132/493 1384/1418/725
f 778/1419/726 782/1420/727 781/1421/728 777/1422/729
f 1269/1191/543 1271/1151/439 956/1150/349 953/1192/544
f 1849/1423/730 1845/1424/642 1846/1425/532 1850/1426/731
f 808/1427/392 1251/1428/732 1249/1429/733 806/1430/389
f 1492/1431/734 1493/1432/445 1744/1433/735
f 1186/1434/736 1620/1435/737 1274/1436/608 961/1437/738
f 1877/1438/739 1881/1439/740 1880/1440/741 1876/1441/742
f 1709/1442/743 1594/1443/432 1713/1444/744 1710/1445/745
f 961/1437/738 1274/1436/608 1272/1401/437 957/1404/351
f 1897/1446/746 1901/1447/747 1904/1448/748 1900/1449/749
f 1402/1450/750 1401/1451/751 1348/1038/403 1349/1037/402
f 978/1405/717 1214/1452/752 1213/1453/550 977/1406/526
f 760/1454/753 757/1455/754 761/1456/410 766/1457/462
f 1035/1458/755 1071/1459/756 1070/1460/757 1024/1461/758
f 811/1462/759 809/1463/760 1252/1464/761 1254/1465/762
f 904/1466/763 908/1467/764 907/1468/765 903/1469/766
f 731/1470/767 1142/1012/379 1524/1015/357 717/1471/356
f 1756/1472/768 1755/1473/769 1406/1474/770 1408/1475/771
f 682/1476/772 742/1477/773 747/1478/774 683/1479/775
f 1642/1480/776 1662/1481/372 1663/1482/482 1643/1483/698
f 1199/1285/627 1528/1014/380 1148/1013/328 929/1286/327
f 1845/1424/642 1714/1484/645 1715/1485/533 1846/1425/532
f 1752/1486/777 1751/1487/778 1755/1473/769 1756/1472/768
f 1279/1488/779 1284/1489/780 1278/1490/781 1275/1491/782
f 820/1492/783 1265/1493/784 934/1494/785 707/1495/786
f 808/1027/392 807/1026/391 793/1496/787 794/1497/788
f 1022/1498/789 1019/1499/668 1023/1500/790 1062/1501/791
f 1485/1502/792 1487/1503/793 1486/1504/794 1482/1505/795
f 1184/1506/796 1185/1507/797 962/1508/798 1187/1509/799
f 713/1510/800 714/1511/801 970/1512/802 969/1513/803
f 1114/1098/459 1126/1514/804 1127/1515/805 1115/1099/460
f 973/1516/806 1038/1517/807 1039/1518/808 974/1519/809
f 1688/1520/810 1692/1521/811 1695/1522/812 1691/1523/813
f 972/1524/814 971/1525/815 1584/1526/816 1585/1527/817
f 1327/1528/818 1329/1529/819 850/1530/820 848/1531/422
f 1146/1532/821 1131/1533/822 1064/1534/823 1067/1535/824
f 1217/1139/499 1225/1536/825 938/1537/826 936/1136/497
f 883/1538/827 1673/1539/828 1674/1540/829 1675/1541/830
f 1567/1542/488 1578/1543/487 1577/1544/831 1566/1545/832
f 1544/1546/833 1545/1547/834 1191/1055/420 1190/1054/419
f 1113/1548/835 1490/1549/836 1506/1550/837 1125/1551/838
f 1788/1552/839 1786/1147/506 1787/1146/505 1789/1553/840
f 1102/1159/513 1097/1158/512 1407/1554/841
f 786/1555/842 756/1556/843 755/1557/844 785/1558/845
f 1113/1559/835 1125/1560/838 1124/1561/453 1112/1562/846
f 1874/1563/847 1871/1564/848 1875/1565/849 1878/1566/850
f 945/1567/851 946/1568/852 992/1569/853 991/1570/854
f 1278/1571/781 1824/1572/855 1825/1573/856 1275/1574/782
f 1725/1575/857 1429/1576/858 1650/1577/859 1843/1578/860
f 1003/1579/861 1007/1580/686 1010/1581/862 1006/1582/863
f 1256/1583/864 1257/1584/865 934/1585/785 933/1586/866
f 1106/1587/867 1112/1588/846 1489/1589/868 1483/1590/869
f 698/1393/710 830/1396/713 1452/1215/564 960/1214/563
f 690/1591/870 689/1592/871 688/1593/872 687/1594/873
f 1914/1595/874 1915/1596/875 1911/1597/876 1910/1598/877
f 937/1599/878 935/1600/628 936/1601/497 938/1602/826
f 1904/1603/748 1903/1604/879 1899/1605/880 1900/1606/749
f 1700/1607/881 1704/1608/882 1705/1609/883 1701/1610/610
f 1857/1611/884 1861/1612/885 1864/1613/886 1860/1614/887
f 1524/990/357 1528/1615/380 1539/1616/888 1525/991/358
f 1710/1617/745 1713/1618/744 1454/1619/889 1711/1620/890
f 735/1621/891 1036/1622/892 1037/1623/893 736/1624/894
f 1550/1625/895 1553/1626/896 1554/1627/897 1551/1628/898
f 802/1629/555 1230/1293/634 1229/1296/637 801/1630/899
f 800/1631/900 1243/1632/901 1241/973/340 798/976/343
f 1276/1633/902 1280/1634/660 1279/1635/779 1275/1636/782
f 1192/1637/903 1196/1262/607 1201/1261/606 1195/1638/417
f 885/1639/904 889/1640/905 892/1641/906 888/1642/907
f 1905/1643/908 1654/1644/909 1657/1645/910 1908/1646/911
f 893/1647/570 901/1648/569 904/1649/763 896/1650/912
f 1323/1335/669 1326/1338/442 1328/1651/441 1327/1652/818
f 822/1653/366 802/1205/555 1245/1204/554 1267/1654/913
f 1439/1655/914 1495/1656/915 1496/1657/916 1440/1658/917
f 1368/1659/918 1382/1660/919 1383/1661/920 1369/1662/921
f 1656/1663/922 1686/1664/923 1659/1665/924 1655/1666/925
f 1080/1667/926 1091/1668/927 1103/1669/928 1096/1670/929
f 1134/1093/454 1138/1671/930 1522/1672/681 1518/1094/455
f 769/1103/464 770/1102/463 1173/1035/400 1172/1034/399
f 1265/1673/784 1267/1674/913 1266/1675/707 1264/1676/706
f 905/1677/467 909/1678/466 912/1679/393 908/1680/764
f 900/1681/931 932/1682/470 931/1683/494 899/1684/724
f 1922/1685/932 1918/1686/933 1919/1687/934 1923/1688/935
f 1201/1689/606 1198/1690/936 1194/1053/418 1195/1052/417
f 973/1691/806 979/1692/937 1479/1693/938 1473/1694/939
f 1742/1695/940 1493/1696/445 1785/1697/941 1894/1698/722
f 1641/1699/942 1640/1700/697 1660/1701/481 1661/1702/373
f 987/1080/443 1491/1083/446 1487/1703/793 985/1704/943
f 1082/1129/490 893/1647/570 896/1650/912 1085/1130/491
f 1219/1343/674 1214/1705/752 1665/1706/944 1667/1344/675
f 1385/1707/945 1384/1708/725 1431/1709/493 1432/1710/471
f 1821/1711/946 1820/1712/701 1816/1713/700 1817/1714/318
f 1376/1715/947 1375/1716/948 1531/1717/949
f 1527/1718/703 1538/1719/579 1540/1720/477 1529/1721/950
f 1540/1116/477 1026/1119/480 1016/1722/951 1529/1723/950
f 980/1724/952 982/1725/953 983/1726/954 981/1727/955
f 1626/1728/956 1630/1729/957 1631/1730/958 1627/1731/959
f 1715/1485/533 1714/1484/645 1718/1732/960 1719/1733/961
f 1599/1734/962 1613/1735/963 1612/1736/964 1598/1737/965
f 882/1738/966 1301/1739/967 1300/1740/968 881/1741/969
f 1530/1742/682 1108/1743/458 1109/1744/457
f 1260/1745/970 1222/1746/971 937/1747/878 945/1748/851
f 689/1749/871 729/1750/972 726/1751/973 688/1752/872
f 1348/1753/403 1347/1754/974 1355/1755/975 1356/1756/404
f 973/1516/806 974/1519/809 990/1757/976 979/1758/937
f 995/1759/977 997/1760/978 1316/1761/979 1314/1762/980
f 711/1763/647 705/1764/650 704/1765/981 703/1766/982
f 800/1767/900 799/1768/983 980/1724/952 981/1727/955
f 1687/1769/984 1691/1770/813 1690/1771/601 1686/1772/923
f 776/1773/515 777/1774/729 781/1775/728 780/1776/516
f 813/1777/985 706/1778/986 707/1779/786 814/1780/987
f 1057/1781/988 1049/1782/989 1048/1783/990 1056/1784/991
f 765/1785/461 769/1786/464 768/1787/412 762/1788/411
f 1122/1789/992 1110/1790/716 1109/1791/457 1115/1792/460
f 867/1793/495 868/1794/469 874/1795/993 873/1796/994
f 1426/1797/995 1421/1798/996 1418/1799/997 1425/1800/998
f 1045/1801/999 1850/1802/731 1851/1803/1000 1052/1804/1001
f 938/1537/826 1225/1536/825 1261/1805/1002 946/1806/852
f 979/1758/937 990/1757/976 1016/1807/951 1015/1808/704
f 836/1809/1003 835/1810/1004 843/1811/1005 852/1812/1006
f 767/1813/409 1170/1814/1007 1173/1815/400 770/1816/463
f 1302/1817/1008 1778/1818/1009 1776/1819/1010 1300/1820/968
f 704/1821/981 943/1822/1011 940/1823/1012 703/1824/982
f 807/1825/391 1250/1826/1013 1206/1827/560 793/1828/787
f 1754/1829/1014 1757/1830/1015 1409/1831/1016 1405/1832/1017
f 775/1833/514 778/1834/726 774/1835/1018 771/1836/1019
f 726/1837/973 1083/1838/1020 1082/1839/490 724/1840/489
f 758/1841/1021 759/1842/1022 765/1785/461 762/1788/411
f 813/1843/985 1256/1844/864 933/1845/866 706/1846/986
f 963/1847/575 964/1848/1023 966/1849/1024 965/1850/573
f 1315/1851/1025 996/1852/1026 994/1853/1027 1313/1854/1028
f 960/1855/563 968/1856/566 967/1857/1029 959/1858/1030
f 798/1089/343 797/1088/451 799/1768/983 800/1767/900
f 935/1287/628 937/1747/878 1222/1746/971 1216/1288/629
f 723/1859/1031 725/1860/1032 942/1861/331 941/1862/1033
f 986/1863/1034 987/1864/443 985/1865/943 984/1866/1035
f 872/1867/1036 871/1868/630 863/1030/395 864/1029/394
f 1199/1869/627 1200/1870/498 1539/1616/888 1528/1615/380
f 774/1871/1018 778/1419/726 777/1422/729 773/1872/1037
f 1208/1259/604 1019/1499/668 1022/1498/789 1211/1260/605
f 834/1873/450 1282/1874/1038 1339/1875/1039 854/1876/1040
f 1450/1877/1041 1454/1878/889 1767/1879/1042 1765/1880/1043
f 1356/1756/404 1355/1755/975 1363/1002/369 1364/1001/368
f 1806/1881/1044 1810/1882/1045 1811/1883/523 1809/1884/522
f 1473/1885/939 1479/1886/938 1494/1887/1046 1474/1888/1047
f 998/1889/545 997/1890/978 995/1891/977 996/1892/1026
f 1147/1893/1048 1068/1894/1049 1063/1895/1050 1130/1896/1051
f 911/1897/396 910/1898/465 906/1899/468 907/1900/765
f 1725/1575/857 1734/1901/1052 1433/1902/1053 1429/1576/858
f 1655/1903/925 1659/1904/924 1658/1905/1054 1654/1906/909
f 1610/1907/1055 1599/1908/962 1828/1909/1056 1829/1910/1057
f 1008/1359/363 1007/1362/686 1003/1911/861 1004/1912/572
f 1100/966/334 1101/965/333 1093/1913/1058 1092/1914/1059
f 996/1852/1026 1315/1851/1025 1317/1190/542 998/1193/545
f 1007/1580/686 1011/1915/685 1014/1916/1060 1010/1581/862
f 1475/1917/1061 1458/1918/1062 1770/1919/616 1772/1920/615
f 1187/1921/799 962/1922/798 1291/1923/609 1621/1924/1063
f 1585/1527/817 1584/1526/816 1378/1925/1064 1379/1926/1065
f 750/1927/353 764/1928/673 787/1929/1066 751/1930/540
f 801/1931/899 803/1932/591 804/1933/556 802/1934/555
f 1157/1935/1067 1156/1936/1068 1160/1937/1069 1161/1938/1070
f 1864/1939/886 1863/1940/1071 1859/1941/1072 1860/1942/887
f 1118/1943/1073 1117/1944/1074 1121/1945/1075 1132/1946/322
f 1649/1251/597 1842/1250/596 970/1947/802 1037/1948/893
f 980/1949/952 799/1950/983 1242/1951/1076 1480/1952/1077
f 1793/1953/1078 1502/1954/1079 1445/1955/1080 1761/1956/1081
f 1472/1957/565 1900/1606/749 1899/1605/880 1369/1958/921
f 1200/1138/498 930/1137/326 1149/1959/325 1539/1960/888
f 1606/1961/622 1605/1962/1082 1609/1963/1083 1614/1964/672
f 848/1057/422 850/1965/820 851/1966/1084 849/1058/423
f 1839/1967/1085 1840/1968/1086 1769/1969/1087 1768/1970/1088
f 1220/1062/427 1223/1971/590 1670/1972/1089 1668/1063/428
f 1579/1973/337 1580/1974/1090 1544/1975/833 1543/1976/338
f 996/1892/1026 995/1891/977 993/1977/1091 994/1978/1027
f 742/1477/773 1922/1685/932 1923/1688/935 747/1478/774
f 778/1834/726 775/1833/514 779/1979/517 782/1980/727
f 1683/1981/1092 1682/1982/1093 1154/1983/1094 1155/1984/1095
f 873/1985/994 875/1986/1096 1360/1987/1097 1358/1988/1098
f 1713/1989/744 1870/1990/1099 1767/1879/1042 1454/1878/889
f 963/1227/575 1292/1226/574 1522/1672/681 1138/1671/930
f 1909/1991/1100 1871/1564/848 1874/1563/847 1912/1992/1101
f 875/1986/1096 881/1993/969 1366/1994/1102 1360/1987/1097
f 1601/1995/1103 1600/1996/1104 1604/1997/1105 1605/1998/1082
f 1801/1999/1106 1805/2000/1107 1804/2001/1108 1800/2002/623
f 910/1104/465 862/2003/1109 861/2004/1110 909/1105/466
f 1576/2005/406 1377/2006/689 1376/2007/947
f 762/1046/411 761/1045/410 757/2008/754 758/2009/1021
f 772/2010/1111 776/1161/515 775/1160/514 771/2011/1019
f 1181/2012/1112 1178/2013/1113 1182/2014/1114 1185/2015/797
f 1325/2016/386 1169/1300/641 1168/1299/640 1324/2017/1115
f 1642/2018/776 1641/2019/942 1661/1006/373 1662/1005/372
f 1835/2020/1116 1836/2021/1117 1838/2022/1118 1837/2023/1119
f 1173/1815/400 1170/1814/1007 1174/2024/1120 1177/2025/397
f 1171/2026/1121 1175/2027/1122 1174/2028/1120 1170/2029/1007
f 1848/2030/643 1852/2031/1123 1851/2032/1000 1847/2033/535
f 1668/2034/428 1670/2035/1089 1671/2036/1124 1669/2037/676
f 797/2038/451 1240/2039/1125 1242/1951/1076 799/1950/983
f 1822/2040/1126 1823/2041/702 1826/2042/1127 1593/2043/1128
f 869/2044/1129 877/2045/1130 880/2046/1131 872/2047/1036
f 1350/2048/1132 1060/2049/551 1059/2050/1133 1343/2051/1134
f 1495/2052/915 1786/2053/506 1788/2054/839 1497/2055/1135
f 1494/2056/1046 1529/1723/950 1016/1722/951 990/2057/976
f 971/2058/815 1034/2059/1136 1587/2060/1137 1584/2061/816
f 1554/2062/897 1039/2063/808 1032/2064/1138 1551/2065/898
f 706/1778/986 819/2066/705 820/2067/783 707/1779/786
f 986/2068/1034 1488/2069/1139 1492/2070/734 988/2071/602
f 1123/2072/1140 1129/2073/1141 1126/2074/804 1114/2075/459
f 1810/2076/1045 1275/2077/782 1825/2078/856 1590/2079/1142
f 1067/2080/824 1088/2081/1143 1089/2082/1144 1068/2083/1049
f 1570/2084/1145 1569/2085/1146 1575/2086/684 1377/2087/689
f 863/2088/395 871/1289/630 870/1292/633 862/2089/1109
f 958/1149/350 1273/1148/438 1291/2090/609 962/2091/798
f 1699/2092/1147 1703/2093/1148 1700/2094/881 1696/2095/335
f 1862/2096/1149 1863/2097/1071 1867/2098/1150 1866/2099/1151
f 722/2100/473 719/2101/476 1040/2102/1152 1055/2103/1153
f 1887/2104/1154 1888/2105/1155 1890/2106/1156 1889/2107/1157
f 793/1496/787 795/1091/452 796/1090/342 794/1497/788
f 1790/2108/1158 1791/2109/1159 1793/2110/1078 1792/2111/1160
f 692/2112/1161 680/2113/1162 718/2114/359 732/2115/1163
f 673/2116/1164 674/2117/1165 700/2118/1166 699/2119/1167
f 756/2120/843 753/2121/1168 757/1455/754 760/1454/753
f 1168/2122/640 1164/2123/639 1163/2124/1169 1167/2125/1170
f 1107/2126/1171 1187/1921/799 1621/1924/1063 1484/2127/1172
f 729/1750/972 1084/2128/1173 1083/2129/1020 726/1751/973
f 861/2130/1110 864/2131/394 912/1679/393 909/1678/466
f 1432/1710/471 1431/1709/493 1352/2132/496 1353/2133/472
f 1371/2134/370 1370/2135/687 1374/2136/683 1375/2137/948
f 1048/2138/990 1143/2139/665 1153/2140/1174 1051/2141/1175
f 1795/2142/625 1799/1322/624 1798/1321/659 1794/2143/1176
f 1072/2144/1177 1069/2145/1178 1075/2146/1179 1077/2147/1180
f 1603/2148/620 1607/2149/619 1604/2150/1105 1600/2151/1104
f 1500/2152/1181 1498/2153/1182 1497/2154/1135 1499/2155/1183
f 992/2156/853 1311/2157/1184 1313/1854/1028 994/1853/1027
f 1259/2158/1185 1262/2159/433 1855/2160/436 1854/2161/1186
f 1561/2162/1187 1560/2163/1188 1648/2164/1189 1652/2165/1190
f 1194/2166/418 1198/2167/936 1197/2168/1191 1193/2169/1192
f 1723/2170/1193 1722/2171/1194 1728/2172/1195 1729/2173/1196
f 870/2174/633 878/2175/632 877/2176/1130 869/2177/1129
f 1721/2178/1197 1717/2179/644 1716/2180/534 1720/2181/1198
f 945/1748/851 991/2182/854 1310/2183/1199 1260/1745/970
f 838/2184/449 842/1272/548 1290/1271/614 1286/2185/1200
f 1278/2186/781 1277/2187/524 1826/2188/1127 1824/2189/855
f 1435/2190/1201 1436/2191/1202 1434/2192/1203 1433/2193/1053
f 954/1394/711 950/2194/1204 1442/2195/1205 1446/1395/712
f 988/2071/602 1492/2070/734 1784/2196/1206 1308/2197/1207
f 754/2198/1208 755/2199/844 759/1842/1022 758/1841/1021
f 1297/2200/345 1299/2201/1209 978/2202/717 976/2203/718
f 1151/1202/553 1205/2204/1210 1204/2205/383 1150/1203/382
f 1305/2206/1211 1303/2207/1212 1779/2208/1213 1781/2209/1214
f 1107/2210/1171 1106/2211/867 1187/2212/799
f 1883/2213/1215 1812/2214/1216 1815/2215/1217 1886/2216/1218
f 685/2217/1219 709/1314/652 710/1313/332 686/2218/1220
f 688/2219/872 726/1837/973 724/1840/489 687/2220/873
f 1566/2221/832 1577/2222/831 1573/2223/1221 1564/2224/1222
f 824/2225/696 823/2226/1223 827/2227/1224 828/2228/1225
f 1548/2229/1226 1541/2230/1227 1027/2231/1228 1029/2232/1229
f 959/2233/1030 967/2234/1029 1471/2235/1230 1451/2236/1231
f 1041/2237/1232 1054/2238/1233 1915/1596/875 1914/1595/874
f 1278/2239/781 1284/2240/780 1283/2241/661 1277/2242/524
f 1918/1686/933 1623/2243/1234 1624/2244/1235 1919/1687/934
f 1236/2245/1236 913/2246/1237 916/2247/1238 1239/2248/1239
f 1904/1603/748 1908/2249/911 1907/2250/1240 1903/1604/879
f 1224/2251/589 1221/1346/588 1669/1345/676 1671/2252/1124
f 1803/1319/657 1807/2253/1241 1806/2254/1044 1802/1320/658
f 738/2255/582 1045/1801/999 1052/1804/1001 739/2256/583
f 1144/1327/531 1143/1330/665 1048/1783/990 1049/1782/989
f 861/2130/1110 869/2044/1129 872/2047/1036 864/2131/394
f 912/1028/393 911/1031/396 907/1468/765 908/1467/764
f 837/1085/448 841/1194/502 842/1197/548 838/1086/449
f 784/2257/1242 783/2258/1243 779/1163/517 780/1162/516
f 1509/1372/315 1512/1371/692 1516/2259/1244 1513/2260/316
f 1866/2099/1151 1867/2098/1150 1870/2261/1099 1831/2262/431
f 1905/1643/908 1908/1646/911 1904/1448/748 1901/1447/747
f 731/2263/767 732/2264/1163 1145/2265/1245 1142/2266/379
f 897/2267/1246 899/1417/724 1384/1418/725 1382/2268/919
f 827/2227/1224 839/2269/1247 840/2270/1248 828/2228/1225
f 901/1648/569 905/1677/467 908/1680/764 904/1649/763
f 767/1813/409 770/1816/463 766/1457/462 761/1456/410
f 734/2271/1249 733/2272/1250 1033/2273/1251 1034/2274/1136
f 1418/2275/997 1423/2276/1252 1428/2277/1253 1425/2278/998
f 1492/2070/734 1744/2279/735 1895/2280/1254 1784/2196/1206
f 1654/1644/909 1658/2281/1054 1687/2282/984 1657/1645/910
f 780/1776/516 781/1775/728 785/2283/845 784/2284/1242
f 1334/2285/1255 1395/2286/1256 1403/2287/1257 1396/2288/694
f 1057/1781/988 1056/1784/991 1073/2289/1258 1074/2290/1259
f 1489/2291/868 1504/2292/456 1506/2293/837 1490/2294/836
f 1336/2295/1260 1328/1077/441 849/1076/423 851/2296/1084
f 983/1726/954 982/1725/953 984/1866/1035 985/1865/943
f 1583/2297/1261 1591/2298/1262 1590/2299/1142 1582/2300/1263
f 1608/2301/1264 1616/2302/1265 1617/2303/1266 1609/2304/1083
f 932/1682/470 868/1794/469 867/1793/495 931/1683/494
f 1174/2028/1120 1175/2027/1122 1179/2305/1267 1178/2306/1113
f 887/2307/1268 891/2308/1269 890/2309/1270 886/2310/1271
f 1301/2311/967 882/2312/966 1367/2313/1272 1777/2314/1273
f 1002/2315/1274 1001/2316/1275 927/2317/1276 928/2318/1277
f 991/1570/854 992/1569/853 994/1978/1027 993/1977/1091
f 1239/2319/1239 916/2320/1238 915/2321/1278 1238/2322/1279
f 1043/2323/1280 1556/2324/1281 1558/2325/1282 1047/2326/1283
f 1307/2327/1284 1305/2206/1211 1781/2209/1214 1783/2328/1285
f 1066/2329/1286 1065/2330/1287 1078/2331/1288 1079/2332/1289
f 883/2333/827 884/2334/1290 898/2335/1291 897/2336/1246
f 1899/2337/880 1903/2338/879 1902/2339/1292 1898/2340/1293
f 1403/2341/1257 1400/2342/1294 825/2343/1295 1407/2344/841
f 886/2345/1271 890/2346/1270 889/2347/905 885/2348/904
f 1535/2349/1296 1565/2350/1297 1536/2351/1298 1532/2352/1299
f 1426/1797/995 1425/1800/998 1503/2353/690 1505/2354/1300
f 1519/2355/715 1517/2356/1301 1530/1742/682 1109/1744/457
f 741/2357/1302 748/2358/1303 1924/2359/1304 1921/2360/1305
f 1098/2361/1306 1093/2362/1058 1101/2363/333 1104/2364/1307
f 888/2365/907 892/2366/906 891/2367/1269 887/2368/1268
f 1161/1938/1070 1160/1937/1069 1164/1298/639 1165/1297/638
f 1499/2369/1183 1790/2370/1158 1792/2371/1160 1501/2372/1308
f 1070/2373/757 1069/2374/1178 1023/2375/790 1024/2376/758
f 1815/2215/1217 1812/2214/1216 1816/1380/700 1819/1379/699
f 1760/2377/1309 1761/2378/1081 1763/2379/1310 1762/2380/1311
f 1616/2302/1265 1620/2381/737 1483/2382/869 1617/2303/1266
f 1404/1375/695 823/2383/1223 824/1376/696
f 887/2307/1268 886/2310/1271 878/1291/632 879/1290/631
f 833/1084/447 834/1087/450 854/2384/1040 853/2385/1312
f 1085/2386/491 896/2387/912 895/2388/1313 1084/2389/1173
f 1136/1412/664 1141/1411/324 1153/2140/1174 1143/2139/665
f 1837/2023/1119 1838/2022/1118 1840/1968/1086 1839/1967/1085
f 933/1586/866 934/1585/785 1265/1673/784 1264/1676/706
f 730/2390/492 1085/2386/491 1084/2389/1173 729/2391/972
f 1893/1416/723 1894/1415/722 1785/2392/941 1895/2393/1254
f 951/2394/1314 954/2395/711 698/2396/710 697/2397/1315
f 1767/2398/1042 1869/2399/430 1766/2400/537
f 1160/2401/1069 1159/2402/1316 1163/2124/1169 1164/2123/639
f 1754/1829/1014 1750/2403/1317 1753/2404/1318 1757/1830/1015
f 1147/2405/1048 1146/2406/821 1067/2080/824 1068/2083/1049
f 1455/2407/679 1638/2408/678 1839/2409/1085 1768/2410/1088
f 1352/2132/496 1358/2411/1098 1359/2412/1319 1353/2133/472
f 1653/2413/1320 1562/2414/1321 1561/2415/1187 1652/2416/1190
f 1258/2417/1322 1263/2418/434 1205/2419/1210 1202/2420/1323
f 1050/2421/1324 1049/2422/989 1057/2423/988 1065/2424/1287
f 1389/2425/1325 1388/2426/1326 1392/2427/1327 1393/2428/1328
f 1292/2429/574 1294/980/347 1295/979/346 1293/2430/1329
f 1515/2431/1330 1514/2432/313 1519/1398/715 1521/1397/714
f 1505/2354/1300 1503/2353/690 1509/947/315 1510/946/314
f 1473/1885/939 1474/1888/1047 1554/1627/897 1553/1626/896
f 1840/2433/1086 1838/2434/1118 1631/2435/958 1639/2436/677
f 1048/2138/990 1051/2141/1175 1066/2437/1286 1056/2438/991
f 786/2439/842 783/2440/1243 753/2121/1168 756/2120/843
f 1666/2441/425 1668/2034/428 1669/2037/676 1667/2442/675
f 1494/2056/1046 990/2057/976 974/2443/809 1474/2444/1047
f 1711/2445/890 1454/2446/889 1712/2447/429 1708/2448/1331
f 1061/2449/552 1058/2450/1332 1094/2451/1333 1151/2452/553
f 1059/2050/1133 1060/2049/551 1150/1017/382 1095/1016/381
f 1794/2453/1176 1798/2454/659 1801/2455/1106 1797/2456/1334
f 1279/1635/779 1280/1634/660 1288/2457/663 1287/2458/1335
f 857/2459/355 839/2460/1247 852/2461/1006 866/2462/538
f 1404/2463/695 1096/2464/929 1465/2465/1336 823/2466/1223
f 1333/2467/387 1325/2016/386 1324/2017/1115 1332/2468/1337
f 1491/2469/446 1493/1432/445 1492/1431/734 1488/2470/1139
f 1258/2417/1322 1853/2471/1338 1856/2472/435 1263/2418/434
f 1235/2473/1339 1239/2319/1239 1238/2322/1279 1234/2474/635
f 1355/2475/975 1347/2476/974 1346/2477/1340 1354/2478/1341
f 1878/2479/850 1877/2480/739 1873/2481/1342 1874/2482/847
f 734/2483/1249 727/2484/1343 728/2485/1344 733/2486/1250
f 1559/2487/1345 1562/2488/1321 1653/2489/1320 1647/2490/1346
f 1496/2491/916 1787/2492/505 1759/2493/504 1440/2494/917
f 1462/2495/1347 1461/2496/1348 1465/2497/1336 1103/2498/928
f 991/2182/854 993/2499/1091 1312/2500/1349 1310/2183/1199
f 1921/2501/1305 1917/2502/1350 1918/2503/933 1922/2504/932
f 1477/2505/1351 1475/1917/1061 1772/1920/615 1774/2506/1352
f 926/2507/1353 925/2508/1354 921/1391/708 922/1390/415
f 687/2509/873 724/1128/489 730/1131/492 690/2510/870
f 1398/2511/1355 1391/2512/1356 1390/2513/1357 1397/2514/1358
f 684/2515/1359 681/2516/1360 682/2517/772 683/2518/775
f 1612/2519/964 1632/2520/1361 1645/2521/1362 1629/2522/1363
f 1233/2523/636 1237/2524/1364 1236/2525/1236 1232/2526/1365
f 819/1385/705 706/1846/986 933/1845/866 1264/1386/706
f 1233/2523/636 1232/2526/1365 1228/2527/1366 1229/2528/637
f 1306/2529/1367 1782/2530/1368 1780/2531/1369 1304/2532/1370
f 1859/2533/1072 1863/2097/1071 1862/2096/1149 1858/2534/1371
f 1032/2064/1138 1030/1316/654 1549/1315/653 1551/2065/898
f 728/2535/1344 727/2536/1343 971/1525/815 972/1524/814
f 1702/1267/611 1701/1266/610 1705/2537/883 1706/2538/1372
f 1355/2475/975 1354/2478/1341 1362/2539/1373 1363/2540/369
f 1443/2541/1374 1446/2542/712 1442/2543/1205 1441/2544/1375
f 1880/2545/741 1879/2546/1376 1875/2547/849 1876/2548/742
f 681/2549/1360 741/2550/1302 742/2551/773 682/2552/772
f 1597/2553/1377 1834/2554/1378 1832/2555/1379 1595/2556/1380
f 1284/1489/780 1279/1488/779 1287/2557/1335 1337/2558/1381
f 1807/2253/1241 1276/2559/902 1810/2560/1045 1806/2254/1044
f 1758/2561/503 1439/2562/914 1435/2563/1201 1740/2564/1382
f 1197/2565/1191 1209/1331/666 1208/1334/604 1196/2566/607
f 1458/1918/1062 1455/2407/679 1768/2410/1088 1770/1919/616
f 1098/2567/1306 1104/2568/1307 1105/2569/1383 1099/2570/1384
f 1564/2571/1222 1563/2572/485 1559/2573/1345 1560/2574/1188
f 1788/1552/839 1789/1553/840 1791/2109/1159 1790/2108/1158
f 1437/2575/578 1441/2544/1375 1442/2543/1205 1438/2576/478
f 1417/2577/1385 1416/2578/1386 1422/2579/1387 1423/2580/1252
f 1733/2581/1388 1732/2582/1389 1736/2583/1390 1737/2584/1391
f 951/2394/1314 949/2585/1392 950/2586/1204 954/2395/711
f 1139/1237/585 1523/1236/584 1293/2587/1329 964/2588/1023
f 1868/2589/1393 1865/2590/1394 1869/2591/430 1767/2592/1042
f 1413/2593/1395 1417/2594/1385 1423/2276/1252 1418/2275/997
f 1575/2595/684 1569/2596/1146 1568/2597/408 1574/2598/407
f 1801/1999/1106 1800/2002/623 1796/2599/626 1797/2600/1334
f 938/1602/826 946/1568/852 945/1567/851 937/1599/878
f 1318/1020/385 1166/2601/1396 1169/2602/641 1325/1021/386
f 1035/2603/755 1021/2604/1397 1022/2605/789 1062/2606/791
f 1071/2607/756 1035/2603/755 1062/2606/791 1072/2608/1177
f 1810/2560/1045 1276/2559/902 1275/2609/782
f 863/2088/395 862/2089/1109 910/1898/465 911/1897/396
f 1342/2610/1398 1351/2611/1399 1337/2558/1381 1287/2557/1335
f 1681/2612/1400 1680/2613/1401 1684/2614/1402 1685/2615/1403
f 737/2616/581 1044/2617/1404 1045/2618/999 738/2619/582
f 1534/2620/1405 1730/2621/1406 1729/2622/1196 1533/2623/1407
f 1309/2624/1408 1785/1697/941 1493/1696/445 989/2625/444
f 1633/2626/1409 1632/2627/1361 1612/1736/964 1613/1735/963
f 1409/2628/1016 1408/2629/771 1416/2578/1386 1417/2577/1385
f 1447/2630/1410 1444/2631/1411 1760/2632/1309 1762/2633/1311
f 1774/2634/1352 1775/2635/1412 1888/2105/1155 1887/2104/1154
f 801/2636/899 1229/2528/637 1228/2527/1366 1227/2637/365
f 880/2638/1131 888/2365/907 887/2368/1268 879/2639/631
f 1043/2323/1280 700/2640/1166 832/2641/1413 1556/2324/1281
f 813/1843/985 811/1462/759 1254/1465/762 1256/1844/864
f 1277/1170/524 1811/1169/523 1592/2642/1414 1826/2643/1127
f 1436/2644/1202 1440/2494/917 1759/2493/504 1743/2645/1415
f 1854/2646/1186 1858/2647/1371 1857/2648/884 1853/2649/1338
f 866/2462/538 752/2650/541 749/2651/352 857/2459/355
f 1748/2652/1416 1747/2653/1417 1751/1487/778 1752/1486/777
f 1354/2654/1341 1357/2655/401 1365/2656/1418 1362/2657/1373
f 927/2658/1276 926/2659/1353 922/1050/415 923/1049/414
f 1307/2327/1284 1783/2328/1285 1785/2660/941 1309/2661/1408
f 924/2662/1419 928/2318/1277 927/2317/1276 923/2663/414
f 846/1056/421 847/1059/424 860/2664/558 859/2665/1420
f 1267/1654/913 1265/1493/784 820/1492/783 822/1653/366
f 1000/2666/1421 1004/1912/572 1003/1911/861 999/2667/1422
f 1484/2668/1172 1621/2669/1063 1483/2670/869
f 1619/2671/1423 1291/2672/609 1620/2673/737 1616/2674/1265
f 1153/2675/1174 1141/956/324 1140/955/323 1152/2676/529
f 1179/2677/1267 1180/2678/1424 1184/2679/796 1183/2680/1425
f 768/1787/412 769/1786/464 1172/2681/399 1171/2682/1121
f 1140/1177/323 1132/1946/322 1121/1945/1075 1137/1178/530
f 1907/2683/1240 1656/1663/922 1655/1666/925 1906/2684/1426
f 788/2685/507 787/2686/1066 791/1008/375 792/1011/378
f 992/2156/853 946/1806/852 1261/1805/1002 1311/2157/1184
f 1252/2687/761 1253/2688/1427 1255/2689/1428 1254/2690/762
f 915/2691/1278 919/1048/413 918/1051/416 914/2692/1429
f 895/2693/1313 894/2694/567 1083/2129/1020 1084/2128/1173
f 1708/2695/1331 1712/2696/429 1594/2697/432 1709/2698/743
f 1189/2699/1430 1190/2700/419 1194/2166/418 1193/2169/1192
f 1902/2701/1292 1906/2702/1426 1905/2703/908 1901/2704/747
f 1017/2705/1431 771/2706/1019 1076/2707/1432 889/2708/905
f 1465/2709/1336 1461/2710/1348 1460/2711/1433 1464/2712/1434
f 1068/1894/1049 1089/2713/1144 1086/2714/1435 1063/1895/1050
f 768/1047/412 1171/2026/1121 1170/2029/1007 767/1044/409
f 1452/2715/564 1451/2716/1231 1471/2717/1230 1472/2718/565
f 1737/2584/1391 1736/2583/1390 1738/2719/1436 1739/2720/1437
f 1093/1913/1058 1087/2721/1438 1086/2722/1435 1092/1914/1059
f 721/2723/474 722/2724/473 1055/2725/1153 1054/2726/1233
f 1255/2727/1428 1253/2728/1427 810/2729/1439 812/2730/1440
f 1118/1943/1073 1469/2731/520 1468/2732/1441 1117/1944/1074
f 1395/2733/1256 1394/2734/1442 1400/2342/1294 1403/2341/1257
f 844/2735/546 841/1143/502 1289/1142/501 1321/2736/1443
f 1694/1252/598 1796/1284/626 1795/1283/625 1693/1253/599
f 1302/1817/1008 1304/2532/1370 1780/2531/1369 1778/1818/1009
f 813/1777/985 814/1780/987 812/2737/1440 811/2738/759
f 1439/2562/914 1758/2561/503 1786/2053/506 1495/2052/915
f 1609/1963/1083 1617/2739/1266 1618/2740/1444 1614/1964/672
f 882/2312/966 876/2741/1445 1361/2742/1446 1367/2313/1272
f 803/1932/591 805/1025/390 806/1024/389 804/1933/556
f 1027/2743/1228 1028/2744/655 1030/2745/654 1029/2746/1229
f 1306/2529/1367 1308/2747/1207 1784/2748/1206 1782/2530/1368
f 1370/1365/687 1362/2657/1373 1365/2656/1418 1373/1366/688
f 1322/2749/613 1253/2688/1427 1252/2687/761 1321/2750/1443
f 1826/2751/1127 1592/2752/1414 1593/2753/1128
f 1018/2754/1447 1017/2755/1431 889/2756/905 890/2757/1270
f 753/2758/1168 783/2258/1243 784/2257/1242 754/2759/1208
f 1626/2760/956 1596/2761/1448 1833/2762/1449 1835/2763/1116
f 1889/2764/1157 1891/2765/720 1738/2766/1436 1736/2767/1390
f 1005/1222/571 1004/1223/572 1000/2768/1421 1001/2769/1275
f 1798/2454/659 1802/2770/658 1805/2771/1107 1801/2455/1106
f 1320/2772/662 1337/2773/1381 1351/2774/1399 1350/2775/1132
f 874/2776/993 1359/2777/1319 1361/2742/1446 876/2741/1445
f 703/2778/982 940/2779/1012 948/2780/648 711/2781/647
f 1462/2782/1347 1463/2783/1450 1457/2784/1451 1424/2785/1452
f 1917/2786/1350 1921/2360/1305 1924/2359/1304 1920/2787/1453
f 1443/2541/1374 829/2788/1454 830/2789/713 1446/2542/712
f 1784/2790/1206 1895/2791/1254 1785/2792/941
f 1861/2793/885 1862/2794/1149 1866/2795/1151 1865/2796/1394
f 1479/1886/938 1527/1718/703 1529/1721/950 1494/1887/1046
f 1011/1915/685 1017/2755/1431 1018/2754/1447 1014/1916/1060
f 1407/2797/841 1097/2798/512 1096/2799/929 1404/2800/695
f 790/2801/1455 764/1342/673 763/1341/509 789/2802/508
f 727/2803/1343 734/2804/1249 1034/2059/1136 971/2058/815
f 845/1269/547 810/2729/1439 1253/2728/1427 1322/1270/613
f 1040/2805/1152 1041/2806/1232 1914/2807/874 1913/2808/1456
f 1589/2809/1457 1593/2753/1128 1592/2752/1414 1588/2810/1458
f 1027/2231/1228 1541/2230/1227 1557/2811/1459 1046/2812/1460
f 1700/2094/881 1703/2093/1148 1707/2813/1461 1704/2814/882
f 710/964/332 942/963/331 725/2815/1032 686/2816/1220
f 1351/2611/1399 1342/2610/1398 1058/2450/1332 1061/2449/552
f 783/2440/1243 786/2439/842 782/1980/727 779/1979/517
f 685/2817/1219 723/2818/1031 941/2819/1033 709/2820/652
f 1154/2821/1094 1157/2822/1067 1161/2823/1070 1158/2824/1462
f 1103/2825/928 1465/2826/1336 1096/2827/929
f 1314/2828/980 1316/2829/979 1317/2830/542 1315/2831/1025
f 1804/2832/1108 1808/2833/525 1807/2834/1241 1803/2835/657
f 691/2836/1463 679/2837/1464 680/2838/1162 692/2839/1161
f 1176/2840/398 1180/2678/1424 1179/2677/1267 1175/2841/1122
f 1499/2369/1183 1497/2055/1135 1788/2054/839 1790/2370/1158
f 1363/2540/369 1362/2539/1373 1370/2135/687 1371/2134/370
f 1648/2842/1189 1647/2843/1346 1632/2627/1361 1633/2626/1409
f 1508/2844/691 1428/2845/1253 1427/2846/1465 1507/2847/1466
f 1243/2848/901 1481/2849/1467 1480/2850/1077 1242/2851/1076
f 1818/2852/317 1814/2853/320 1815/2854/1217 1819/2855/699
f 1062/1501/791 1023/1500/790 1069/2145/1178 1072/2144/1177
f 1071/1459/756 892/2856/906 1076/2857/1432 1070/1460/757
f 1197/2565/1191 1196/2566/607 1192/2858/903 1193/2859/1192
f 1110/2860/716 1576/2861/406 1376/2862/947 1531/2863/949
f 719/2864/476 720/2865/475 1041/2806/1232 1040/2805/1152
f 1670/2035/1089 1672/2866/1468 1309/2867/1408 1671/2036/1124
f 951/2868/1314 1443/2869/1374 1441/2870/1375 949/2871/1392
f 717/1471/356 679/2872/1464 691/2873/1463 731/1470/767
f 1216/2874/629 1222/2875/971 1225/2876/825 1217/2877/499
f 1210/2878/1469 1211/2879/605 1022/2605/789 1021/2604/1397
f 1542/2880/339 1545/2881/834 1581/943/311 1546/942/310
f 1496/2491/916 1498/2882/1182 1789/2883/840 1787/2492/505
f 1040/2102/1152 1913/2884/1456 1916/2885/1470 1055/2103/1153
f 1427/2886/1465 1426/2887/995 1505/2888/1300 1507/2889/1466
f 1588/2890/1458 1592/2891/1414 1591/2892/1262 1583/2893/1261
f 1920/2894/1453 1924/2895/1304 1923/2896/935 1919/2897/934
f 1111/2898/1471 1110/2899/716 1122/2900/992 1123/2901/1140
f 739/2902/583 1052/2903/1001 1053/2904/1472 740/2905/580
f 1066/2329/1286 1051/2906/1175 1050/2907/1324 1065/2330/1287
f 1162/2908/1473 1165/2909/638 1169/2602/641 1166/2601/1396
f 1532/2910/1299 1536/2911/1298 1537/2912/1474 1533/2913/1407
f 913/2246/1237 917/2914/709 920/2915/1475 916/2247/1238
f 1646/2916/1476 1841/2917/1477 1843/1578/860 1650/1577/859
f 741/2550/1302 1921/2501/1305 1922/2504/932 742/2551/773
f 1909/1991/1100 1912/1992/1101 1916/2885/1470 1913/2884/1456
f 1658/2281/1054 1688/1520/810 1691/1523/813 1687/2282/984
f 936/1601/497 935/1600/628 929/959/327 930/958/326
f 1151/2452/553 1094/2451/1333 1202/2420/1323 1205/2419/1210
f 1288/1326/663 1320/1325/662 1350/2048/1132 1343/2051/1134
f 982/2918/953 1482/2919/795 1486/2920/794 984/2921/1035
f 1751/2922/778 1750/2923/1317 1754/2924/1014 1755/2925/769
f 1646/2926/1476 1650/2927/859 1651/2928/594 1649/2929/597
f 1625/2930/1478 1637/2931/1479 1634/2932/1480 1622/2933/1481
f 1227/2934/365 821/1388/364 1266/1387/707 1745/2935/1482
f 1542/2880/339 1188/2936/1483 1191/2937/420 1545/2881/834
f 1818/949/317 1822/2938/1126 1821/2939/946 1817/950/318
f 1268/2940/1484 1270/1075/440 1271/1074/439 1269/2941/543
f 1779/2942/1213 1778/2943/1009 1780/2944/1369 1781/2945/1214
f 1076/2946/1432 1075/2947/1179 1069/2374/1178 1070/2373/757
f 1338/2948/1485 1281/2949/1486 833/2950/447 853/2951/1312
f 1344/2952/670 1323/2953/669 846/2954/421 859/2955/1420
f 696/2956/1487 695/2957/1488 694/2958/1489 693/2959/1490
f 1483/2670/869 1489/2291/868 1490/2294/836 1484/2668/1172
f 1139/2960/585 964/1848/1023 963/1847/575 1138/2961/930
f 1761/1956/1081 1445/1955/1080 1448/2962/1491 1763/2963/1310
f 865/2964/539 858/2965/354 750/1927/353 751/1930/540
f 1031/2966/1492 1038/2967/807 1553/2968/896 1550/2969/895
f 1601/2970/1103 1605/1962/1082 1606/1961/622 1602/2971/621
f 822/2972/366 1231/2973/1493 1230/2974/634 802/2975/555
f 1014/2976/1060 1018/2977/1447 773/2978/1037 1013/2979/361
f 927/2658/1276 1001/2769/1275 1000/2768/1421 926/2659/1353
f 916/2320/1238 920/2980/1475 919/2981/413 915/2321/1278
f 1685/2615/1403 1684/2614/1402 1156/1936/1068 1157/1935/1067
f 914/2982/1429 918/1389/416 917/1392/709 913/2983/1237
f 1237/2524/1364 914/2982/1429 913/2983/1237 1236/2525/1236
f 1467/2984/1494 1470/2985/521 1119/2986/1495 1116/2987/1496
f 921/2988/708 925/2989/1354 928/2990/1277 924/2991/1419
f 920/2980/1475 924/2662/1419 923/2663/414 919/2981/413
f 1228/2992/1366 1232/2993/1365 1235/2994/1339 1231/2995/1493
f 1234/1294/635 1238/2996/1279 1237/2997/1364 1233/1295/636
f 1042/2998/1497 1043/2999/1280 1047/3000/1283 1046/3001/1460
f 1261/3002/1002 1225/2876/825 1222/2875/971 1260/3003/970
f 917/2914/709 921/2988/708 924/2991/1419 920/2915/1475
f 705/3004/650 947/3005/649 943/3006/1011 704/3007/981
f 1559/2487/1345 1563/1124/485 1567/1127/488 1562/2488/1321
f 1772/1273/615 1773/1276/618 1775/2635/1412 1774/2634/1352
f 1729/2173/1196 1728/2172/1195 1532/2910/1299 1533/2913/1407
f 1604/1997/1105 1608/2301/1264 1609/2304/1083 1605/1998/1082
f 1390/3008/1357 1393/3009/1328 1402/3010/750 1397/3011/1358
f 835/3012/1004 825/3013/1295 824/3014/696 828/3015/1225
f 1488/2470/1139 1486/1504/794 1487/1503/793 1491/2469/446
f 1064/3016/823 1063/3017/1050 1086/2722/1435 1087/2721/1438
f 1174/2024/1120 1178/2013/1113 1181/2012/1112 1177/2025/397
f 683/3018/775 747/3019/774 748/3020/1303 684/3021/1359
f 997/1890/978 998/1889/545 953/3022/544 952/3023/1498
f 1321/2736/1443 1252/1464/761 809/1463/760 844/2735/546
f 809/3024/760 811/2738/759 812/2737/1440 810/3025/1439
f 878/2175/632 886/2345/1271 885/2348/904 877/2176/1130
f 1584/2061/816 1587/2060/1137 1381/3026/1499 1378/3027/1064
f 966/1849/1024 976/1408/718 975/1407/528 965/1850/573
f 1883/2213/1215 1886/2216/1218 1882/3028/1500 1879/3029/1376
f 690/3030/870 730/2390/492 729/2391/972 689/3031/871
f 1424/2785/1452 1457/2784/1451 1415/3032/483 1412/3033/371
f 1402/1450/750 1393/2428/1328 1392/2427/1327 1401/1451/751
f 1652/2165/1190 1648/2164/1189 1633/3034/1409 1644/3035/1501
f 1908/2249/911 1657/3036/910 1656/3037/922 1907/2250/1240
f 781/1421/728 782/1420/727 786/1555/842 785/1558/845
f 1686/1664/923 1690/1255/601 1689/1254/600 1659/1665/924
f 1006/3038/863 1005/3039/571 1001/2316/1275 1002/2315/1274
f 1453/1184/536 1449/3040/1502 1764/3041/1503 1766/1185/537
f 1773/3042/618 1476/3043/1504 1478/3044/1505 1775/3045/1412
f 1896/3046/1506 1897/1446/746 1900/1449/749 1472/3047/565
f 1224/2251/589 1671/2252/1124 1309/3048/1408 989/3049/444
f 1351/2774/1399 1061/1201/552 1060/1200/551 1350/2775/1132
f 1307/3050/1284 1309/3051/1408 1308/3052/1207 1306/3053/1367
f 1707/3054/1461 1706/3055/1372 1710/1617/745 1711/1620/890
f 1833/3056/1449 1834/3057/1378 1836/2021/1117 1835/2020/1116
f 964/2588/1023 1293/2587/1329 1295/3058/346 966/3059/1024
f 1693/3060/599 1692/3061/811 1688/3062/810 1689/3063/600
f 1052/2903/1001 1851/2032/1000 1852/2031/1123 1053/2904/1472
f 1466/3064/1507 1103/3065/928 1102/3066/513
f 1776/3067/1010 1778/2943/1009 1779/2942/1213 1777/3068/1273
f 1623/3069/1234 1622/3070/1481 1634/3071/1480 1635/3072/1508
f 1693/3060/599 1795/2142/625 1794/2143/1176 1692/3061/811
f 684/3073/1359 748/2358/1303 741/2357/1302 681/3074/1360
f 948/1308/648 1830/3075/1509 1829/3076/1057 947/1309/649
f 1737/3077/1391 1739/3078/1437 1892/3079/721 1890/3080/1156
f 1416/3081/1386 1414/3082/1510 1421/3083/996 1422/3084/1387
f 1115/1792/460 1127/3085/805 1128/3086/1511 1122/1789/992
f 1917/2502/1350 1622/3070/1481 1623/3069/1234 1918/2503/933
f 1765/1880/1043 1763/2963/1310 1448/2962/1491 1450/1877/1041
f 1127/3085/805 1131/1533/822 1146/1532/821 1128/3086/1511
f 751/1188/540 787/2686/1066 788/2685/507 752/1189/541
f 1598/3087/965 1612/2519/964 1629/2522/1363 1611/3088/1512
f 1240/3089/1125 1212/1213/562 1215/1212/341 1241/3090/340
f 1841/3091/1477 1842/3092/596 1844/3093/595 1843/3094/860
f 1058/3095/1332 1342/3096/1398 1343/3097/1134 1059/3098/1133
f 1368/3099/918 883/3100/827 897/2267/1246 1382/2268/919
f 1434/3101/1203 1735/3102/1513 1726/3103/1514 1430/3104/1515
f 1665/1706/944 1214/1705/752 978/2202/717 1299/2201/1209
f 1338/2948/1485 853/2951/1312 850/1530/820 1329/1529/819
f 1919/2897/934 1624/3105/1235 1625/3106/1478 1920/2894/1453
f 1246/3107/592 1247/3108/557 1249/3109/733 1248/3110/593
f 838/2184/449 1286/2185/1200 1282/1874/1038 834/1873/450
f 1629/3111/1363 1628/3112/1516 1610/3113/1055 1611/3114/1512
f 1312/3115/1349 1314/2828/980 1315/2831/1025 1313/3116/1028
f 997/1760/978 952/3117/1498 1268/3118/1484 1316/1761/979
f 1389/2425/1325 1381/3119/1499 1380/3120/1517 1388/2426/1326
f 1759/1145/504 1758/1144/503 1740/3121/1382 1743/3122/1415
f 1186/1434/736 1106/1587/867 1483/1590/869 1620/1435/737
f 1653/2413/1320 1652/2416/1190 1644/3123/1501 1645/3124/1362
f 1588/2890/1458 1583/2893/1261 1573/2223/1221 1577/2222/831
f 1459/3125/1518 1458/3126/1062 1475/3127/1061 1476/3128/1504
f 1028/1317/655 1047/2326/1283 1558/2325/1282 1547/1318/656
f 1741/3129/1519 1744/3130/735 1493/3131/445 1742/3132/940
f 1755/2925/769 1754/2924/1014 1405/3133/1017 1406/3134/770
f 1587/3135/1137 1586/3136/1520 1380/3120/1517 1381/3119/1499
f 1511/3137/1521 1510/3138/314 1514/2432/313 1515/2431/1330
f 983/3139/954 1485/3140/792 1481/3141/1467 981/3142/955
f 870/2174/633 869/2177/1129 861/2004/1110 862/2003/1109
f 1594/1067/432 1831/1066/431 1833/2762/1449 1596/2761/1448
f 1181/3143/1112 1180/3144/1424 1176/1033/398 1177/1032/397
f 1881/3145/740 1882/3146/1500 1886/3147/1218 1885/3148/1522
f 1343/3097/1134 1342/3096/1398 1287/2458/1335 1288/2457/663
f 1454/3149/889 1453/3150/536 1712/3151/429
f 785/2283/845 755/2199/844 754/2198/1208 784/2284/1242
f 1742/1695/940 1894/1698/722 1892/3079/721 1739/3078/1437
f 1860/1942/887 1859/1941/1072 1855/1071/436 1856/1070/435
f 1545/1547/834 1544/1546/833 1580/3152/1090 1581/3153/311
f 1434/2192/1203 1430/3154/1515 1429/3155/858 1433/2193/1053
f 1035/1458/755 1024/1461/758 1020/3156/667 1021/3157/1397
f 1340/3158/1523 941/1862/1033 942/1861/331 1341/3159/330
f 1639/1347/677 1631/1730/958 1630/1729/957 1638/1348/678
f 1718/3160/960 1721/3161/1197 1727/3162/1524 1722/3163/1194
f 1266/1675/707 1267/1674/913 1745/3164/1482
f 1436/2191/1202 1435/2190/1201 1439/1655/914 1440/1658/917
f 1512/3165/692 1511/3166/1521 1515/3167/1330 1516/3168/1244
f 955/1403/348 1270/1402/440 1268/3118/1484 952/3117/1498
f 1033/3169/1251 972/3170/814 1585/3171/817 1586/3172/1520
f 904/1466/763 903/1469/766 895/2388/1313 896/2387/912
f 1332/3173/1337 1324/3174/1115 1319/3175/1525 1331/3176/1526
f 1573/3177/1221 1583/2297/1261 1582/2300/1263 1572/3178/486
f 969/3179/803 1036/3180/892 735/3181/891 713/3182/800
f 1736/2767/1390 1732/3183/1389 1887/3184/1154 1889/2764/1157
f 1548/3185/1226 1550/1625/895 1551/1628/898 1549/3186/653
f 1594/3187/432 1596/3188/1448 1597/3189/1377 1595/3190/1380
f 1461/2710/1348 1420/3191/1527 1419/3192/1528 1460/2711/1433
f 1296/977/344 1298/3193/527 1299/3194/1209 1297/978/345
f 1414/3195/1510 1413/3196/1395 1418/1799/997 1421/1798/996
f 1145/3197/1245 732/2115/1163 718/2114/359 1525/3198/358
f 1042/3199/1497 1555/3200/1529 831/3201/1530 699/3202/1167
f 1682/3203/1093 1678/3204/1531 1681/3205/1400 1685/3206/1403
f 1285/3207/500 1286/3208/1200 1290/3209/614 1289/3210/501
f 1335/3211/1532 1331/3212/1526 1330/3213/388 1334/3214/1255
f 1267/3215/913 1245/3216/554 1748/3217/1416 1749/3218/1533
f 999/3219/1422 1003/1579/861 1006/1582/863 1002/3220/1274
f 1805/2000/1107 1809/1168/522 1808/1171/525 1804/2001/1108
f 1895/3221/1254 1744/3222/735 1741/3223/1519 1893/3224/723
f 962/3225/798 1186/3226/736 961/3227/738
f 1410/3228/484 1419/3192/1528 1420/3191/1527 1411/3229/374
f 828/3015/1225 840/3230/1248 843/3231/1005 835/3012/1004
f 884/3232/1290 883/3233/827 1675/3234/830 1676/3235/1534
f 950/2194/1204 944/1118/479 1438/1117/478 1442/2195/1205
f 846/2954/421 1323/2953/669 1327/1528/818 848/1531/422
f 673/3236/1164 699/3202/1167 831/3201/1530 701/3237/1535
f 1316/2829/979 1268/2940/1484 1269/2941/543 1317/2830/542
f 1015/1384/704 1527/1383/703 1479/1693/938 979/1692/937
f 1258/3238/1322 1202/3239/1323 1203/3240/384 1259/3241/1185
f 1728/3242/1195 1731/3243/1536 1535/2349/1296 1532/2352/1299
f 1889/2107/1157 1890/2106/1156 1892/1414/721 1891/1413/720
f 955/981/348 952/3023/1498 953/3022/544 956/982/349
f 1662/1481/372 1412/3033/371 1415/3032/483 1663/1482/482
f 1449/3244/1502 1453/3150/536 1454/3149/889 1450/3245/1041
f 1433/1902/1053 1734/1901/1052 1740/2564/1382 1435/2563/1201
f 874/2776/993 868/1108/469 1353/1111/472 1359/2777/1319
f 794/3246/788 1207/3247/561 1251/1428/732 808/1427/392
f 872/1867/1036 880/2638/1131 879/2639/631 871/1868/630
f 1902/2701/1292 1901/2704/747 1897/3248/746 1898/3249/1293
f 1159/3250/1316 1158/3251/1462 1162/3252/1473 1163/3253/1169
f 876/3254/1445 882/1738/966 881/1741/969 875/3255/1096
f 1245/3256/554 1244/3257/1537 1747/2653/1417 1748/2652/1416
f 1673/3258/828 1896/3259/1506 1471/2235/1230 967/2234/1029
f 1158/2824/1462 1161/2823/1070 1165/2909/638 1162/2908/1473
f 1555/3260/1529 1557/3261/1459 1558/3262/1282 1556/3263/1281
f 815/3264/1538 789/1154/508 792/1153/378 818/3265/377
f 1724/3266/1539 1730/3267/1406 1731/3268/1536 1727/3269/1524
f 1019/1333/668 1020/1332/667 1024/2376/758 1023/2375/790
f 1825/1573/856 1824/1572/855 1820/1712/701 1821/1711/946
f 1214/1452/752 1219/1363/674 1218/1364/426 1213/1453/550
f 859/2955/1420 855/3270/651 1340/3271/1523 1344/2952/670
f 1260/3003/970 1310/3272/1199 1311/3273/1184 1261/3002/1002
f 1552/3274/1540 1537/3275/1474 1569/2085/1146 1570/2084/1145
f 968/3276/566 884/3277/1290 1676/3278/1534 1677/3279/1541
f 1513/2260/316 1516/2259/1244 1526/3280/1542 1517/3281/1301
f 723/3282/1031 685/3283/1219 686/3284/1220 725/3285/1032
f 1021/3157/1397 1020/3156/667 1209/3286/666 1210/3287/1469
f 1081/3288/511 1080/3289/926 1096/3290/929 1097/3291/512
f 1191/2937/420 1188/2936/1483 1192/1637/903 1195/1638/417
f 1673/3258/828 883/3100/827 1368/3099/918 1896/3259/1506
f 1382/1660/919 1384/1708/725 1385/1707/945 1383/1661/920
f 825/2343/1295 1466/3292/1507 1102/3293/513 1407/2344/841
f 1555/3260/1529 1556/3263/1281 832/3294/1413 831/3295/1530
f 1615/3296/671 1619/2671/1423 1616/2674/1265 1608/3297/1264
f 1673/3298/828 968/3299/566 1677/3300/1541 1674/3301/829
f 1156/3302/1068 1155/3303/1095 1159/2402/1316 1160/2401/1069
f 1734/3304/1052 1735/3305/1513 1743/3122/1415 1740/3121/1382
f 1079/2332/1289 1078/2331/1288 1090/3306/510 1091/3307/927
f 1477/2505/1351 1774/2506/1352 1887/3184/1154 1732/3183/1389
f 1447/3308/1410 1448/3309/1491 1445/3310/1080 1444/3311/1411
f 733/3312/1250 728/3313/1344 972/3170/814 1033/3169/1251
f 1235/2473/1339 1234/2474/635 1230/2974/634 1231/2973/1493
f 1768/1970/1088 1769/1969/1087 1771/1275/617 1770/1274/616
f 1238/2996/1279 915/2691/1278 914/2692/1429 1237/2997/1364
f 826/3314/1543 823/3315/1223 1465/2709/1336 1464/2712/1434
f 754/2759/1208 758/2009/1021 757/2008/754 753/2758/1168
f 1297/2200/345 976/2203/718 966/3059/1024 1295/3058/346
f 1561/2162/1187 1566/2221/832 1564/2224/1222 1560/2163/1188
f 708/3316/1544 716/3317/518 1470/2985/521 1467/2984/1494
f 1704/1608/882 1708/2695/1331 1709/2698/743 1705/1609/883
f 1697/968/336 1696/967/335 1700/1607/881 1701/1610/610
f 1540/1720/477 1538/1719/579 1437/2575/578 1438/2576/478
f 1644/3035/1501 1633/3034/1409 1613/3318/963 1628/3319/1516
f 1212/3320/562 795/3321/452 793/1828/787 1206/1827/560
f 1691/1770/813 1695/3322/812 1694/3323/598 1690/1771/601
f 1392/3324/1327 1388/3325/1326 1387/3326/1545 1391/3327/1356
f 1480/2850/1077 1481/2849/1467 1485/1502/792 1482/1505/795
f 1153/2675/1174 1152/2676/529 1050/2907/1324 1051/2906/1175
f 1724/3328/1539 1723/3329/1193 1729/2622/1196 1730/2621/1406
f 1308/3052/1207 1309/3051/1408 1672/3330/1468
f 826/3331/1543 1464/3332/1434 1466/3333/1507 825/3334/1295
f 1312/3115/1349 1313/3116/1028 1311/3273/1184 1310/3272/1199
f 957/984/351 958/983/350 962/3225/798 961/3227/738
f 875/3255/1096 873/1796/994 874/1795/993 876/3254/1445
f 1471/2717/1230 1896/3335/1506 1472/2718/565
f 1705/2537/883 1709/1442/743 1710/1445/745 1706/2538/1372
f 1917/2786/1350 1920/2787/1453 1625/2930/1478 1622/2933/1481
f 764/1928/673 790/3336/1455 791/3337/375 787/1929/1066
f 843/1811/1005 865/1187/539 866/1186/538 852/1812/1006
f 1674/3301/829 1677/3300/1541 1681/3205/1400 1678/3204/1531
f 1764/3041/1503 1449/3040/1502 1447/2630/1410 1762/2633/1311
f 1888/3338/1155 1775/3045/1412 1478/3044/1505 1733/3339/1388
f 1241/3090/340 1243/2848/901 1242/2851/1076 1240/3089/1125
f 855/1311/651 859/2665/1420 860/2664/558 856/1312/329
f 1474/2444/1047 974/2443/809 1039/2063/808 1554/2062/897
f 1377/3340/689 1575/3341/684 1374/3342/683
f 1367/3343/1272 1366/3344/1102 1776/3067/1010 1777/3068/1273
f 1348/1753/403 1401/3345/751 1398/3346/1355 1347/1754/974
f 892/3347/906 889/3348/905 1076/3349/1432
f 1340/3158/1523 1341/3159/330 1345/1337/559 1344/1336/670
f 1468/3350/1441 1467/3351/1494 1116/3352/1496 1117/3353/1074
f 1728/3242/1195 1722/3163/1194 1727/3162/1524 1731/3243/1536
f 1244/3354/1537 1745/3355/1482 1746/3356/1546 1747/3357/1417
f 1757/3358/1015 1756/3359/768 1408/2629/771 1409/2628/1016
f 1031/3360/1492 1032/3361/1138 1039/1518/808 1038/1517/807
f 1726/3103/1514 1844/1249/595 1651/1248/594 1430/3104/1515
f 1783/3362/1285 1782/3363/1368 1784/2790/1206 1785/2792/941
f 1657/3036/910 1687/1769/984 1686/1772/923 1656/3037/922
f 1155/1984/1095 1154/1983/1094 1158/3251/1462 1159/3250/1316
f 1283/1324/661 1280/1323/660 1276/3364/902 1277/3365/524
f 1319/3366/1525 1318/3367/385 1330/3213/388 1331/3212/1526
f 1472/1216/565 1369/3368/921 884/3369/1290 968/1217/566
f 712/3370/1547 708/3371/1544 1467/3351/1494 1468/3350/1441
f 1065/2424/1287 1057/2423/988 1074/3372/1259 1078/3373/1288
f 1794/2453/1176 1797/2456/1334 1695/1522/812 1692/1521/811
f 1181/3143/1112 1185/1507/797 1184/1506/796 1180/3144/1424
f 1478/3374/1505 1477/3375/1351 1732/2582/1389 1733/2581/1388
f 1167/3376/1170 1166/3377/1396 1318/3367/385 1319/3366/1525
f 1639/2436/677 1456/3378/680 1769/3379/1087 1840/2433/1086
f 1462/2782/1347 1103/3380/928 1466/3381/1507 1463/2783/1450
f 898/3382/1291 1383/3383/920 1385/3384/945 900/3385/931
f 1746/3386/1546 1749/3387/1533 1753/2404/1318 1750/2403/1317
f 1543/1976/338 1544/1975/833 1190/2700/419 1189/2699/1430
f 817/1009/376 1602/1279/621 1603/1278/620 818/1010/377
f 707/1495/786 934/1494/785 1257/3388/865 814/3389/987
f 975/1175/528 1296/1174/344 1294/1225/347 965/1224/573
f 854/1876/1040 1339/1875/1039 1336/2295/1260 851/2296/1084
f 1782/3363/1368 1783/3362/1285 1781/2945/1214 1780/2944/1369
f 675/3390/1548 678/3391/1549 716/3317/518 708/3316/1544
f 794/3246/788 796/975/342 1215/974/341 1207/3247/561
f 755/1557/844 756/1556/843 760/3392/753 759/3393/1022
f 1281/3394/1486 1282/3395/1038 1286/3208/1200 1285/3207/500
f 1149/1959/325 1145/3197/1245 1525/3198/358 1539/1960/888
f 1198/2167/936 1210/3287/1469 1209/3286/666 1197/2168/1191
f 1077/3396/1180 891/2367/1269 892/2366/906
f 795/3321/452 1212/3320/562 1240/2039/1125 797/2038/451
f 1071/2607/756 1072/2608/1177 1077/3397/1180 892/3398/906
f 1406/3134/770 1405/3133/1017 1413/3196/1395 1414/3195/1510
f 829/2788/1454 1451/2716/1231 1452/2715/564 830/2789/713
f 1396/2288/694 1403/2287/1257 1407/2797/841 1404/2800/695
f 1845/1301/642 1849/3399/730 1852/3400/1123 1848/1302/643
f 1880/2545/741 1884/3401/1550 1883/3402/1215 1879/2546/1376
f 1664/3403/549 1666/2441/425 1667/2442/675 1665/3404/944
f 1178/2306/1113 1179/2305/1267 1183/3405/1425 1182/3406/1114
f 1408/1475/771 1406/1474/770 1414/3082/1510 1416/3081/1386
f 1171/2682/1121 1172/2681/399 1176/2840/398 1175/2841/1122
f 695/3407/1488 696/3408/1487 746/3409/312 745/3410/1551
f 1064/1534/823 1087/3411/1438 1088/3412/1143 1067/1535/824
f 1715/1181/533 1719/3413/961 1720/3414/1198 1716/1182/534
f 1365/3415/1418 1364/3416/368 1372/3417/367 1373/3418/688
f 1046/2812/1460 1557/2811/1459 1555/3200/1529 1042/3199/1497
f 1592/2891/1414 1811/3419/523 1591/2892/1262
f 1291/1264/609 1274/1263/608 1620/3420/737
f 1707/3054/1461 1703/3421/1148 1702/3422/611 1706/3055/1372
f 1501/2372/1308 1792/2371/1160 1760/2632/1309 1444/2631/1411
f 1570/3423/1145 1377/3424/689 1576/3425/406 1571/3426/405
f 1124/1561/453 1125/1560/838 1135/3427/586 1134/3428/454
f 1811/1883/523 1810/1882/1045 1590/3429/1142 1591/3430/1262
f 1244/3431/1537 1245/3432/554 1247/3108/557 1246/3107/592
f 1753/3433/1318 1752/3434/777 1756/3359/768 1757/3358/1015
f 1378/3027/1064 1381/3026/1499 1389/3435/1325 1386/3436/1552
f 1010/3437/862 1014/2976/1060 1013/2979/361 1009/3438/360
f 1083/1838/1020 894/1218/567 893/1221/570 1082/1839/490
f 1236/2245/1236 1239/2248/1239 1235/2994/1339 1232/2993/1365
f 804/1206/556 806/1430/389 1249/1429/733 1247/1207/557
f 995/1759/977 1314/1762/980 1312/2500/1349 993/2499/1091
f 1289/3210/501 1290/3209/614 1322/2749/613 1321/2750/1443
f 736/3439/894 1037/1948/893 970/1947/802 714/3440/801
f 1106/2211/867 1107/2210/1171 1113/1559/835 1112/1562/846
f 1542/972/339 1543/971/338 1189/3441/1430 1188/3442/1483
f 1380/3443/1517 1586/3172/1520 1585/3171/817 1379/3444/1065
f 1059/3098/1133 1095/3445/381 1094/3446/1333 1058/3095/1332
f 1792/2111/1160 1793/2110/1078 1761/2378/1081 1760/2377/1309
f 694/3447/1489 695/3448/1488 745/3449/1551 744/3450/646
f 701/3451/1535 702/3452/1553 674/3453/1165 673/3454/1164
f 1814/952/320 1813/951/319 1884/3455/1550 1885/3456/1522
f 1373/3418/688 1372/3417/367 1376/2007/947 1377/2006/689
f 1124/1092/453 1504/1095/456 1489/1589/868 1112/1588/846
f 1745/3457/1482 1267/3458/913 1749/3387/1533 1746/3386/1546
f 1437/1230/578 939/1229/577 949/2871/1392 1441/2870/1375
f 1764/3459/1503 1762/2380/1311 1763/2379/1310 1765/3460/1043
f 1850/1802/731 1846/1180/532 1847/1183/535 1851/1803/1000
f 1504/2292/456 1518/1351/455 1520/1354/587 1506/2293/837
f 1111/3461/1471 1574/1042/407 1576/1041/406 1110/3462/716
f 1501/3463/1308 1444/3311/1411 1445/3310/1080 1502/3464/1079
f 1054/2726/1233 1055/2725/1153 1916/3465/1470 1915/3466/875
f 1541/3467/1227 1548/3185/1226 1549/3186/653 1547/3468/656
f 987/1864/443 986/1863/1034 988/1256/602 989/1258/444
f 1909/3469/1100 1910/3470/877 1872/3471/1554 1871/3472/848
f 701/3473/1535 831/3295/1530 832/3294/1413 702/3474/1553
f 1223/1243/590 1224/1242/589 989/3475/444 1226/3476/603
f 1867/3477/1150 1868/3478/1393 1767/3479/1042 1870/3480/1099
f 1090/1156/510 1078/3373/1288 1074/3372/1259 1081/1157/511
f 951/2868/1314 697/3481/1315 829/3482/1454 1443/2869/1374
f 815/3483/1538 816/3484/1555 790/2801/1455 789/2802/508
f 1056/2438/991 1066/2437/1286 1079/3485/1289 1073/3486/1258
f 1643/1483/698 1637/3487/1479 1636/3488/1556 1642/1480/776
f 1514/945/313 1513/948/316 1517/2356/1301 1519/2355/715
f 900/3385/931 1385/3384/945 1432/1110/471 932/1109/470
f 1379/1926/1065 1378/1925/1064 1386/3489/1552 1387/3490/1545
f 1125/1551/838 1506/1550/837 1520/1239/587 1135/1238/586
f 805/1247/390 1248/1246/593 1250/1826/1013 807/1825/391
f 1330/1023/388 1333/1022/387 1395/2286/1256 1334/2285/1255
f 1661/1702/373 1660/1701/481 1410/3228/484 1411/3229/374
f 1703/3421/1148 1699/3491/1147 1698/3492/612 1702/3422/611
f 691/3493/1463 692/3494/1161 732/2264/1163 731/2263/767
f 1913/2808/1456 1914/2807/874 1910/3470/877 1909/3469/1100
f 1822/2040/1126 1818/2852/317 1819/2855/699 1823/2041/702
f 1091/3307/927 1090/3306/510 1102/3066/513 1103/3065/928
f 939/3495/577 944/3496/479 950/2586/1204 949/2585/1392
f 1050/2421/1324 1152/1176/529 1144/1179/531 1049/2422/989
f 774/1871/1018 773/1872/1037 1077/2147/1180 1075/2146/1179
f 1042/2998/1497 699/2119/1167 700/2118/1166 1043/2999/1280
f 1329/3497/819 1336/3498/1260 1339/3499/1039 1338/3500/1485
f 1391/2512/1356 1387/3490/1545 1386/3489/1552 1390/2513/1357
f 814/3389/987 1257/3388/865 1255/2727/1428 812/2730/1440
f 1300/1740/968 1301/1739/967 1303/3501/1212 1302/3502/1008
f 1415/1122/483 1457/3503/1451 1419/3504/1528 1410/1123/484
f 1199/1869/627 1216/2874/629 1217/2877/499 1200/1870/498
f 1503/1369/690 1425/2278/998 1428/2277/1253 1508/1370/691
f 1626/2760/956 1835/2763/1116 1837/3505/1119 1630/3506/957
f 1651/2928/594 1650/2927/859 1429/3155/858 1430/3154/1515
f 1717/1303/644 1721/3161/1197 1718/3160/960 1714/1304/645
f 1502/3464/1079 1500/2152/1181 1499/2155/1183 1501/3463/1308
f 1578/1543/487 1589/2809/1457 1588/2810/1458 1577/1544/831
f 777/1774/729 776/1773/515 772/3507/1111 773/3508/1037
f 1298/3193/527 1664/3403/549 1665/3404/944 1299/3194/1209
f 969/1513/803 970/1512/802 1842/3092/596 1841/3091/1477
f 1089/2082/1144 1088/2081/1143 1098/2567/1306 1099/2570/1384
f 1360/3509/1097 1361/3510/1446 1359/2412/1319 1358/2411/1098
f 1189/3441/1430 1193/2859/1192 1192/2858/903 1188/3442/1483
f 1595/3190/1380 1713/3511/744 1594/3187/432
f 1681/2612/1400 1677/3279/1541 1676/3278/1534 1680/2613/1401
f 1080/1667/926 1073/3486/1258 1079/3485/1289 1091/1668/927
f 1185/2015/797 1182/2014/1114 1186/3512/736 962/3513/798
f 1720/3414/1198 1719/3413/961 1723/3329/1193 1724/3328/1539
f 1802/2770/658 1806/1881/1044 1809/1884/522 1805/2771/1107
f 1006/3038/863 1010/3437/862 1009/3438/360 1005/3039/571
f 885/1639/904 888/1642/907 880/2046/1131 877/2045/1130
f 697/2397/1315 698/2396/710 960/1855/563 959/1858/1030
f 678/3514/1549 677/3515/1557 715/1165/519 716/1164/518
f 1881/1439/740 1885/3456/1522 1884/3455/1550 1880/1440/741
f 1087/3411/1438 1093/2362/1058 1098/2361/1306 1088/3412/1143
f 1284/2240/780 1337/2773/1381 1320/2772/662 1283/2241/661
f 1684/3516/1402 1683/3517/1092 1155/3303/1095 1156/3302/1068
f 1634/2932/1480 1637/2931/1479 1643/1378/698 1640/1377/697
f 745/3410/1551 746/3409/312 1581/3153/311 1580/3152/1090
f 1361/3510/1446 1360/3509/1097 1366/3344/1102 1367/3343/1272
f 1773/3042/618 1771/3518/617 1459/3519/1518 1476/3043/1504
f 897/2336/1246 898/2335/1291 900/1681/931 899/1684/724
f 1456/3378/680 1459/3519/1518 1771/3518/617 1769/3379/1087
f 1885/3148/1522 1886/3147/1218 1815/2854/1217 1814/2853/320
f 1735/3102/1513 1434/3101/1203 1436/2644/1202 1743/2645/1415
f 1872/3471/1554 1876/2548/742 1875/2547/849 1871/3472/848
f 1495/1656/915 1497/2154/1135 1498/2153/1182 1496/1657/916
f 1569/2596/1146 1537/2912/1474 1536/2911/1298 1568/2597/408
f 1617/2739/1266 1483/3520/869 1621/3521/1063 1618/2740/1444
f 884/3369/1290 1369/3368/921 1383/3383/920 898/3382/1291
f 1830/3075/1509 1611/3114/1512 1610/3113/1055 1829/3076/1057
f 1854/2161/1186 1855/2160/436 1859/2533/1072 1858/2534/1371
f 1676/3235/1534 1675/3234/830 1679/3522/1558 1680/3523/1401
f 1139/2960/585 1138/2961/930 1134/3428/454 1135/3427/586
f 1832/3524/1379 1831/3525/431 1870/3526/1099
f 709/2820/652 941/2819/1033 1340/3271/1523 855/3270/651
f 1398/2511/1355 1397/2514/1358 1346/2477/1340 1347/2476/974
f 982/2918/953 980/1949/952 1480/1952/1077 1482/2919/795
f 940/2779/1012 1827/3527/1559 1830/3528/1509 948/2780/648
f 1137/1328/530 1121/3529/1075 1120/3530/719 1136/1329/664
f 1203/3240/384 1202/3239/1323 1094/3446/1333 1095/3445/381
f 1565/2350/1297 1571/1040/405 1568/1043/408 1536/2351/1298
f 1679/3531/1558 1678/3532/1531 1682/1982/1093 1683/1981/1092
f 1044/3533/1404 1053/3534/1472 1852/3400/1123 1849/3399/730
f 1113/1548/835 1107/3535/1171 1484/3536/1172 1490/1549/836
f 1641/1699/942 1635/3072/1508 1634/3071/1480 1640/1700/697
f 827/3537/1224 823/3538/1223 826/3539/1543 836/3540/1003
f 1117/3353/1074 1116/3352/1496 1120/3530/719 1121/3529/1075
f 1872/3541/1554 1873/3542/1342 1877/1438/739 1876/1441/742
f 1648/2842/1189 1560/2574/1188 1559/2573/1345 1647/2843/1346
f 867/1134/495 873/1985/994 1358/1988/1098 1352/1135/496
f 1766/2400/537 1764/3459/1503 1765/3460/1043 1767/2398/1042
f 1856/2472/435 1853/2471/1338 1857/1611/884 1860/1614/887
f 1725/3543/857 1843/3094/860 1844/3093/595 1726/3544/1514
f 1114/2075/459 1108/3545/458 1111/3546/1471 1123/2072/1140
f 820/2067/783 819/2066/705 821/997/364 822/999/366
f 1831/3525/431 1832/3524/1379 1834/3057/1378 1833/3056/1449
f 1564/2571/1222 1573/3177/1221 1572/3178/486 1563/2572/485
f 1753/3433/1318 1749/3218/1533 1748/3217/1416 1752/3434/777
f 674/3547/1165 702/3548/1553 832/2641/1413 700/2640/1166
f 1424/3549/1452 1412/1004/371 1411/1007/374 1420/3550/1527
f 1865/2796/1394 1866/2795/1151 1831/3551/431 1869/3552/430
f 760/3392/753 766/1101/462 765/1100/461 759/3393/1022
f 1541/3467/1227 1547/3468/656 1558/3262/1282 1557/3261/1459
f 774/3553/1018 1075/2947/1179 1076/2946/1432 771/3554/1019
f 1682/3203/1093 1685/3206/1403 1157/2822/1067 1154/2821/1094
f 1133/953/321 1119/3555/1495 1118/3556/1073 1132/954/322
f 1597/3189/1377 1596/3188/1448 1626/1728/956 1627/1731/959
f 1401/3345/751 1392/3324/1327 1391/3327/1356 1398/3346/1355
f 1725/3543/857 1726/3544/1514 1735/3305/1513 1734/3304/1052
f 744/3450/646 745/3449/1551 1580/1974/1090 1579/1973/337
f 1012/1360/362 772/3557/1111 1017/3558/1431 1011/1361/685
f 1038/2967/807 973/1691/806 1473/1694/939 1553/2968/896
f 1582/3559/1263 1589/3560/1457 1578/1126/487 1572/1125/486
f 816/3561/1555 1601/2970/1103 1602/2971/621 817/3562/376
f 1116/2987/1496 1119/2986/1495 1133/1410/321 1120/1409/719
f 1610/1907/1055 1628/3319/1516 1613/3318/963 1599/1908/962
f 1582/3559/1263 1590/3563/1142 1593/3564/1128 1589/3560/1457
f 1424/3549/1452 1420/3550/1527 1461/2496/1348 1462/2495/1347
f 1672/3565/1468 1670/1972/1089 1223/1971/590 1226/3566/603
f 907/1900/765 906/1899/468 902/3567/568 903/3568/766
f 696/3569/1487 693/3570/1490 743/941/309 746/944/312
f 1251/3571/732 1207/1211/561 1206/1210/560 1250/3572/1013
f 1910/1598/877 1911/1597/876 1873/3542/1342 1872/3541/1554
f 1552/3274/1540 1534/2620/1405 1533/2623/1407 1537/3275/1474
f 1303/3501/1212 1305/3573/1211 1304/3574/1370 1302/3502/1008
f 1864/1939/886 1868/3478/1393 1867/3477/1150 1863/1940/1071
f 1512/3165/692 1508/2844/691 1507/2847/1466 1511/3166/1521
f 1800/1281/623 1804/2832/1108 1803/2835/657 1799/1282/624
f 1679/3531/1558 1675/1541/830 1674/1540/829 1678/3532/1531
f 816/3484/1555 815/3483/1538 1600/1996/1104 1601/1995/1103
f 1882/3146/1500 1881/3145/740 1877/2480/739 1878/2479/850
f 1104/2568/1307 1698/3492/612 1699/3491/1147 1105/2569/1383
f 1857/2648/884 1858/2647/1371 1862/2794/1149 1861/2793/885
f 1911/3575/876 1912/3576/1101 1874/2482/847 1873/2481/1342
f 1423/2580/1252 1422/2579/1387 1427/2846/1465 1428/2845/1253
f 1380/3443/1517 1379/3444/1065 1387/3326/1545 1388/3325/1326
f 1427/2886/1465 1422/3084/1387 1421/3083/996 1426/2887/995
f 1906/2702/1426 1655/1903/925 1654/1906/909 1905/2703/908
f 1183/2680/1425 1184/2679/796 1187/3577/799 1106/3578/867
f 1357/1036/401 1356/1039/404 1364/3416/368 1365/3415/1418
f 1306/3053/1367 1304/3574/1370 1305/3573/1211 1307/3050/1284
f 1912/3576/1101 1911/3575/876 1915/3466/875 1916/3465/1470
f 985/1704/943 1487/1703/793 1485/3140/792 983/3139/954
f 1827/3527/1559 1598/3087/965 1611/3088/1512 1830/3528/1509
f 1511/3137/1521 1507/2889/1466 1505/2888/1300 1510/3138/314
f 1680/3523/1401 1679/3522/1558 1683/3517/1092 1684/3516/1402
f 895/2693/1313 903/3568/766 902/3567/568 894/2694/567
f 773/2978/1037 1018/2977/1447 891/3579/1269 1077/3580/1180
f 1249/3109/733 1251/3571/732 1250/3572/1013 1248/3110/593
f 1015/1808/704 1016/1807/951 1026/3581/480 1025/3582/576
f 693/3583/1490 694/3584/1489 744/1306/646 743/1305/309
f 826/3585/1543 825/3586/1295 835/1810/1004 836/1809/1003
f 1167/3376/1170 1163/3253/1169 1162/3252/1473 1166/3377/1396
f 1013/994/361 773/3587/1037 772/3588/1111 1012/995/362
f 1828/3589/1056 1599/1734/962 1598/1737/965 1827/3590/1559
f 1481/3141/1467 1243/1632/901 800/1631/900 981/3142/955
f 906/1107/468 905/1106/467 901/1220/569 902/1219/568
f 1332/3173/1337 1331/3176/1526 1335/3591/1532 1394/3592/1442
f 1447/3308/1410 1449/3244/1502 1450/3245/1041 1448/3309/1491
f 1470/1167/521 1469/1166/520 1118/3556/1073 1119/3555/1495
f 1875/1565/849 1879/3029/1376 1882/3028/1500 1878/1566/850
f 1346/3593/1340 1349/3594/402 1357/2655/401 1354/2654/1341
f 1548/2229/1226 1029/2232/1229 1031/2966/1492 1550/2969/895
f 1074/2290/1259 1073/2289/1258 1080/3289/926 1081/3288/511
f 1570/3423/1145 1571/3426/405 1565/3595/1297 1552/3596/1540
f 1204/1018/383 1262/2159/433 1259/2158/1185 1203/1019/384
f 1884/3401/1550 1813/3597/319 1812/3598/1216 1883/3402/1215
f 1034/2274/1136 1033/2273/1251 1586/3136/1520 1587/3135/1137
f 1369/3599/921 1899/2337/880 1898/2340/1293 1368/3600/918
f 815/3264/1538 818/3265/377 1603/2148/620 1600/2151/1104
f 1303/2207/1212 1301/2311/967 1777/2314/1273 1779/2208/1213
f 1026/3581/480 944/3496/479 939/3495/577 1025/3582/576
f 1130/1896/1051 1126/2074/804 1129/2073/1141 1147/1893/1048
f 1604/2150/1105 1607/2149/619 1615/3296/671 1608/3297/1264
f 1500/3601/1181 1502/1954/1079 1793/1953/1078 1791/3602/1159
f 1111/3603/1471 1108/3604/458 1575/2595/684 1574/2598/407
f 677/3605/1557 676/3606/1560 712/3607/1547 715/3608/519
f 1615/1339/671 1614/1340/672 1618/3609/1444 1619/3610/1423
f 1044/2617/1404 1849/1423/730 1850/1426/731 1045/2618/999
f 947/3005/649 1829/1910/1057 1828/1909/1056 943/3006/1011
f 1903/2338/879 1907/2683/1240 1906/2684/1426 1902/2339/1292
f 850/1965/820 853/2385/1312 854/2384/1040 851/1966/1084
f 1623/2243/1234 1635/3611/1508 1636/3612/1556 1624/2244/1235
f 926/2507/1353 1000/2666/1421 999/2667/1422 925/2508/1354
f 1597/2553/1377 1627/3613/959 1836/3614/1117 1834/2554/1378
f 1281/3394/1486 1338/3500/1485 1339/3499/1039 1282/3395/1038
f 988/2071/602 1308/2197/1207 1672/3615/1468 1226/3616/603
f 999/3219/1422 1002/3220/1274 928/2990/1277 925/2989/1354
f 1182/3406/1114 1183/3405/1425 1106/3617/867 1186/3618/736
f 891/2308/1269 1018/3619/1447 890/2309/1270
f 1659/1904/924 1689/3063/600 1688/3062/810 1658/1905/1054
f 1101/2363/333 1697/1265/336 1698/1268/612 1104/2364/1307
f 1227/2934/365 1745/2935/1482 1244/3620/1537 801/3621/899
f 1063/3017/1050 1064/3016/823 1131/3622/822 1130/3623/1051
f 1791/3602/1159 1789/2883/840 1498/2882/1182 1500/3601/1181
f 967/1857/1029 968/1856/566 1673/3624/828
f 1089/2713/1144 1099/3625/1384 1092/3626/1059 1086/2714/1435
f 801/3621/899 1244/3620/1537 1246/1245/592 803/1244/591
f 1017/3558/1431 772/3557/1111 771/3627/1019
f 1552/3596/1540 1565/3595/1297 1535/3628/1296 1534/3629/1405
f 959/2233/1030 1451/2236/1231 829/3482/1454 697/3481/1315
f 840/3230/1248 858/2965/354 865/2964/539 843/3231/1005
f 1027/2743/1228 1046/3001/1460 1047/3000/1283 1028/2744/655
f 791/3337/375 790/3336/1455 816/3561/1555 817/3562/376
f 678/3630/1549 675/3631/1548 676/3632/1560 677/3633/1557
f 1618/3609/1444 1621/3634/1063 1291/3635/609 1619/3610/1423
f 1394/3592/1442 1335/3591/1532 1399/3636/693 1400/3637/1294
f 1335/3211/1532 1334/3214/1255 1396/1374/694 1399/1373/693
f 845/1196/547 844/1195/546 809/3024/760 810/3025/1439
f 1227/3638/365 1228/2992/1366 1231/2995/1493 822/3639/366
f 1198/1690/936 1201/1689/606 1211/2879/605 1210/2878/1469
f 715/3608/519 712/3607/1547 1468/2732/1441 1469/2731/520
f 1567/1542/488 1566/1545/832 1561/2415/1187 1562/2414/1321
f 858/987/354 840/2270/1248 839/2269/1247 857/988/355
f 1029/2746/1229 1030/2745/654 1032/3361/1138 1031/3360/1492
f 1400/3637/1294 1399/3636/693 824/3640/696 825/3641/1295
f 1751/2922/778 1747/3357/1417 1746/3356/1546 1750/2923/1317
f 1405/1832/1017 1409/1831/1016 1417/2594/1385 1413/2593/1395
f 676/3642/1560 675/3643/1548 708/3371/1544 712/3370/1547
f 1259/3241/1185 1854/2646/1186 1853/2649/1338 1258/3238/1322
f 1131/3622/822 1127/1515/805 1126/1514/804 1130/3623/1051
f 1808/2833/525 1277/3644/524 1276/3645/902 1807/2834/1241
f 752/2650/541 788/1152/507 763/1155/509 749/2651/352
f 1627/3613/959 1631/2435/958 1838/2434/1118 1836/3614/1117
f 1637/3487/1479 1625/3106/1478 1624/3105/1235 1636/3488/1556
f 1629/3111/1363 1645/3124/1362 1644/3123/1501 1628/3112/1516
f 1463/3646/1450 1466/3333/1507 1464/3332/1434 1460/3647/1433
f 1797/2600/1334 1796/2599/626 1694/3323/598 1695/3322/812
f 1516/3168/1244 1515/3167/1330 1521/3648/714 1526/3649/1542
f 836/3540/1003 852/2461/1006 839/2460/1247 827/3537/1224
f 1526/3649/1542 1521/3648/714 1110/2860/716 1531/2863/949
f 1823/1382/702 1820/1381/701 1824/2189/855 1826/2188/1127
f 1727/3269/1524 1721/2178/1197 1720/2181/1198 1724/3266/1539
f 1812/3598/1216 1813/3597/319 1817/1714/318 1816/1713/700
f 1100/3650/334 1092/3626/1059 1099/3625/1384 1105/3651/1383
f 1168/2122/640 1167/2125/1170 1319/3175/1525 1324/3174/1115
f 1630/3506/957 1837/3505/1119 1839/2409/1085 1638/2408/678
f 1333/2467/387 1332/2468/1337 1394/2734/1442 1395/2733/1256
f 1455/1349/679 1458/3126/1062 1459/3125/1518 1456/1350/680
f 1457/3503/1451 1463/3646/1450 1460/3647/1433 1419/3504/1528
f 943/1822/1011 1828/3589/1056 1827/3590/1559 940/1823/1012
f 1730/3267/1406 1534/3629/1405 1535/3628/1296 1731/3268/1536
f 1738/2719/1436 1741/3129/1519 1742/3132/940 1739/2720/1437
f 1346/3593/1340 1397/3011/1358 1402/3010/750 1349/3594/402
f 1636/3612/1556 1635/3611/1508 1641/2019/942 1642/2018/776
f 1531/3652/949 1375/3653/948 1374/3654/683 1530/3655/682
f 1128/3656/1511 1146/2406/821 1147/2405/1048 1129/3657/1141
f 679/3658/1464 717/989/356 718/992/359 680/3659/1162
f 747/3019/774 1923/2896/935 1924/2895/1304 748/3020/1303
f 1300/1820/968 1776/1819/1010 1366/1994/1102 881/1993/969
f 833/2950/447 1281/2949/1486 1285/1141/500 837/1140/448
f 1595/2556/1380 1832/2555/1379 1870/1990/1099 1713/1989/744
f 847/1079/424 1326/1078/442 1345/1209/559 860/1208/558
f 1036/1622/892 1646/2926/1476 1649/2929/597 1037/1623/893
f 1864/1613/886 1861/1612/885 1865/2590/1394 1868/2589/1393
f 1100/3650/334 1105/3651/1383 1699/2092/1147 1696/2095/335
f 1142/2266/379 1145/2265/1245 1149/957/325 1148/960/328
f 1522/1352/681 1292/2429/574 1293/2430/1329 1523/1353/584
f 1372/1000/367 1371/1003/370 1375/1716/948 1376/1715/947
f 1822/2938/1126 1593/3660/1128 1825/3661/856 1821/2939/946
f 1204/2205/383 1205/2204/1210 1263/1069/434 1262/1068/433
f 1847/2033/535 1716/2180/534 1717/2179/644 1848/2030/643
f 1036/3180/892 969/3179/803 1841/2917/1477 1646/2916/1476
f 1368/3662/918 1898/3249/1293 1897/3248/746 1896/3663/1506
f 1517/3281/1301 1526/3280/1542 1531/3652/949 1530/3655/682
f 1123/2901/1140 1122/2900/992 1128/3656/1511 1129/3657/1141
f 1478/3374/1505 1476/3128/1504 1475/3127/1061 1477/3375/1351
f 1707/2813/1461 1711/2445/890 1708/2448/1331 1704/2814/882
f 1737/3077/1391 1890/3080/1156 1888/3338/1155 1733/3339/1388
f 740/3664/580 1053/3534/1472 1044/3533/1404 737/3665/581
f 1256/1583/864 1254/2690/762 1255/2689/1428 1257/1584/865
f 1738/2766/1436 1891/2765/720 1893/3224/723 1741/3223/1519
f 1327/1652/818 1328/1651/441 1336/3498/1260 1329/3497/819
f 1386/3436/1552 1389/3435/1325 1393/3009/1328 1390/3008/1357
f 720/3666/475 721/3667/474 1054/2238/1233 1041/2237/1232
f 735/3668/891 736/3669/894 714/3670/801 713/3671/800
f 1723/2170/1193 1719/1733/961 1718/1732/960 1722/2171/1194
f 1632/2520/1361 1647/2490/1346 1653/2489/1320 1645/2521/1362
f 1593/3672/1128 1590/3673/1142 1825/3674/856
f 1488/2069/1139 986/2068/1034 984/2921/1035 1486/2920/794
f 1925/3675/1561 1931/3676/1562 1936/3677/1563 1930/3678/1564
f 1926/3679/1565 1932/3680/1566 1931/3676/1562 1925/3675/1561
f 1927/3681/1567 1933/3682/1568 1932/3680/1566 1926/3679/1565
f 1928/3683/1569 1934/3684/1570 1933/3682/1568 1927/3681/1567
f 1929/3685/1571 1935/3686/1572 1934/3684/1570 1928/3683/1569
f 1930/3678/1564 1936/3677/1563 1935/3687/1572 1929/3688/1571
f 1931/3689/1562 1937/3690/1573 1942/3691/1574 1936/3692/1563
f 1932/3693/1566 1938/3694/1575 1937/3690/1573 1931/3689/1562
f 1933/3695/1568 1939/3696/1576 1938/3694/1575 1932/3693/1566
f 1934/3697/1570 1940/3698/1577 1939/3696/1576 1933/3695/1568
f 1935/3699/1572 1941/3700/1578 1940/3698/1577 1934/3697/1570
f 1936/3692/1563 1942/3691/1574 1941/3701/1578 1935/3702/1572
f 1937/3703/1573 1943/3704/1579 1948/3705/1580 1942/3706/1574
f 1938/3707/1575 1944/3708/1581 1943/3704/1579 1937/3703/1573
f 1939/3709/1576 1945/3710/1582 1944/3708/1581 1938/3707/1575
f 1940/3711/1577 1946/3712/1583 1945/3710/1582 1939/3709/1576
f 1941/3713/1578 1947/3714/1584 1946/3712/1583 1940/3711/1577
f 1942/3706/1574 1948/3705/1580 1947/3715/1584 1941/3716/1578
f 1943/3704/1579 1949/3717/1585 1954/3718/1586 1948/3705/1580
f 1944/3708/1581 1950/3719/1587 1949/3717/1585 1943/3704/1579
f 1945/3710/1582 1951/3720/1588 1950/3719/1587 1944/3708/1581
f 1946/3712/1583 1952/3721/1589 1951/3720/1588 1945/3710/1582
f 1947/3714/1584 1953/3722/1590 1952/3721/1589 1946/3712/1583
f 1948/3705/1580 1954/3718/1586 1953/3723/1590 1947/3715/1584
f 1949/3717/1585 1955/3724/1591 1960/3725/1592 1954/3718/1586
f 1950/3719/1587 1956/3726/1593 1955/3724/1591 1949/3717/1585
f 1951/3720/1588 1957/3727/1594 1956/3726/1593 1950/3719/1587
f 1952/3721/1589 1958/3728/1595 1957/3727/1594 1951/3720/1588
f 1953/3722/1590 1959/3729/1596 1958/3728/1595 1952/3721/1589
f 1954/3718/1586 1960/3725/1592 1959/3730/1596 1953/3723/1590
f 1955/3724/1591 1961/3731/1597 1966/3732/1598 1960/3725/1592
f 1956/3726/1593 1962/3733/1599 1961/3731/1597 1955/3724/1591
f 1957/3727/1594 1963/3734/1600 1962/3733/1599 1956/3726/1593
f 1958/3728/1595 1964/3735/1601 1963/3734/1600 1957/3727/1594
f 1959/3729/1596 1965/3736/1602 1964/3735/1601 1958/3728/1595
f 1960/3725/1592 1966/3732/1598 1965/3737/1602 1959/3730/1596
f 1961/3731/1597 1967/3738/1603 1972/3739/1604 1966/3732/1598
f 1962/3733/1599 1968/3740/1605 1967/3738/1603 1961/3731/1597
f 1963/3734/1600 1969/3741/1606 1968/3740/1605 1962/3733/1599
f 1964/3735/1601 1970/3742/1607 1969/3741/1606 1963/3734/1600
f 1965/3736/1602 1971/3743/1608 1970/3742/1607 1964/3735/1601
f 1966/3732/1598 1972/3739/1604 1971/3744/1608 1965/3737/1602
f 1967/3738/1603 1973/3745/1609 1978/3746/1610 1972/3739/1604
f 1968/3740/1605 1974/3747/1611 1973/3745/1609 1967/3738/1603
f 1969/3741/1606 1975/3748/1612 1974/3747/1611 1968/3740/1605
f 1970/3742/1607 1976/3749/1613 1975/3748/1612 1969/3741/1606
f 1971/3743/1608 1977/3750/1614 1976/3749/1613 1970/3742/1607
f 1972/3739/1604 1978/3746/1610 1977/3751/1614 1971/3744/1608
f 1973/3752/1609 1979/3753/1615 1984/3754/1616 1978/3755/1610
f 1974/3756/1611 1980/3757/1617 1979/3753/1615 1973/3752/1609
f 1975/3758/1612 1981/3759/1618 1980/3757/1617 1974/3756/1611
f 1976/3760/1613 1982/3761/1619 1981/3759/1618 1975/3758/1612
f 1977/3762/1614 1983/3763/1620 1982/3761/1619 1976/3760/1613
f 1978/3755/1610 1984/3754/1616 1983/3764/1620 1977/3765/1614
f 1979/3753/1615 1985/3766/1621 1990/3767/1622 1984/3754/1616
f 1980/3757/1617 1986/3768/1623 1985/3766/1621 1979/3753/1615
f 1981/3759/1618 1987/3769/1624 1986/3768/1623 1980/3757/1617
f 1982/3761/1619 1988/3770/1625 1987/3769/1624 1981/3759/1618
f 1983/3763/1620 1989/3771/1626 1988/3770/1625 1982/3761/1619
f 1984/3754/1616 1990/3767/1622 1989/3772/1626 1983/3764/1620
f 1985/3766/1621 1991/3773/1627 1996/3774/1628 1990/3767/1622
f 1986/3768/1623 1992/3775/1629 1991/3773/1627 1985/3766/1621
f 1987/3769/1624 1993/3776/1630 1992/3775/1629 1986/3768/1623
f 1988/3770/1625 1994/3777/1631 1993/3776/1630 1987/3769/1624
f 1989/3771/1626 1995/3778/1632 1994/3777/1631 1988/3770/1625
f 1990/3767/1622 1996/3774/1628 1995/3779/1632 1989/3772/1626
f 1991/3773/1627 1997/3780/1633 2002/3781/1634 1996/3774/1628
f 1992/3775/1629 1998/3782/1635 1997/3780/1633 1991/3773/1627
f 1993/3776/1630 1999/3783/1636 1998/3782/1635 1992/3775/1629
f 1994/3777/1631 2000/3784/1637 1999/3783/1636 1993/3776/1630
f 1995/3778/1632 2001/3785/1638 2000/3784/1637 1994/3777/1631
f 1996/3774/1628 2002/3781/1634 2001/3786/1638 1995/3779/1632
f 1997/3780/1633 2003/3787/1639 2008/3788/1640 2002/3781/1634
f 1998/3782/1635 2004/3789/1641 2003/3787/1639 1997/3780/1633
f 1999/3783/1636 2005/3790/1642 2004/3789/1641 1998/3782/1635
f 2000/3784/1637 2006/3791/1643 2005/3790/1642 1999/3783/1636
f 2001/3785/1638 2007/3792/1644 2006/3791/1643 2000/3784/1637
f 2002/3781/1634 2008/3788/1640 2007/3793/1644 2001/3786/1638
f 2003/3787/1639 2009/3794/1645 2014/3795/1646 2008/3788/1640
f 2004/3789/1641 2010/3796/1647 2009/3794/1645 2003/3787/1639
f 2005/3790/1642 2011/3797/1648 2010/3796/1647 2004/3789/1641
f 2006/3791/1643 2012/3798/1649 2011/3797/1648 2005/3790/1642
f 2007/3792/1644 2013/3799/1650 2012/3798/1649 2006/3791/1643
f 2008/3788/1640 2014/3795/1646 2013/3800/1650 2007/3793/1644
f 2009/3794/1645 2015/3801/1651 2020/3802/1652 2014/3795/1646
f 2010/3796/1647 2016/3803/1653 2015/3801/1651 2009/3794/1645
f 2011/3797/1648 2017/3804/1654 2016/3803/1653 2010/3796/1647
f 2012/3798/1649 2018/3805/1655 2017/3804/1654 2011/3797/1648
f 2013/3799/1650 2019/3806/1656 2018/3805/1655 2012/3798/1649
f 2014/3795/1646 2020/3802/1652 2019/3807/1656 2013/3800/1650
f 2015/3801/1651 2021/3808/1657 2026/3809/1658 2020/3802/1652
f 2016/3803/1653 2022/3810/1659 2021/3808/1657 2015/3801/1651
f 2017/3804/1654 2023/3811/1660 2022/3810/1659 2016/3803/1653
f 2018/3805/1655 2024/3812/1661 2023/3811/1660 2017/3804/1654
f 2019/3806/1656 2025/3813/1662 2024/3812/1661 2018/3805/1655
f 2020/3802/1652 2026/3809/1658 2025/3814/1662 2019/3807/1656
f 2021/3808/1657 2027/3815/1663 2032/3816/1664 2026/3809/1658
f 2022/3810/1659 2028/3817/1665 2027/3815/1663 2021/3808/1657
f 2023/3811/1660 2029/3818/1666 2028/3817/1665 2022/3810/1659
f 2024/3812/1661 2030/3819/1667 2029/3818/1666 2023/3811/1660
f 2025/3813/1662 2031/3820/1668 2030/3819/1667 2024/3812/1661
f 2026/3809/1658 2032/3816/1664 2031/3821/1668 2025/3814/1662
f 2027/3815/1663 2033/3822/1623 2038/3823/1624 2032/3816/1664
f 2028/3817/1665 2034/3824/1621 2033/3822/1623 2027/3815/1663
f 2029/3818/1666 2035/3825/1622 2034/3824/1621 2028/3817/1665
f 2030/3819/1667 2036/3826/1626 2035/3825/1622 2029/3818/1666
f 2031/3820/1668 2037/3827/1625 2036/3826/1626 2030/3819/1667
f 2032/3816/1664 2038/3823/1624 2037/3828/1625 2031/3821/1668
f 2033/3822/1623 2039/3829/1617 2044/3830/1618 2038/3823/1624
f 2034/3824/1621 2040/3831/1615 2039/3829/1617 2033/3822/1623
f 2035/3825/1622 2041/3832/1616 2040/3831/1615 2034/3824/1621
f 2036/3826/1626 2042/3833/1669 2041/3832/1616 2035/3825/1622
f 2037/3827/1625 2043/3834/1670 2042/3833/1669 2036/3826/1626
f 2038/3823/1624 2044/3830/1618 2043/3835/1670 2037/3828/1625
f 2039/3829/1617 2045/3836/1671 2050/3837/1612 2044/3830/1618
f 2040/3831/1615 2046/3838/1609 2045/3836/1671 2039/3829/1617
f 2041/3832/1616 2047/3839/1610 2046/3838/1609 2040/3831/1615
f 2042/3833/1669 2048/3840/1614 2047/3839/1610 2041/3832/1616
f 2043/3834/1670 2049/3841/1613 2048/3840/1614 2042/3833/1669
f 2044/3830/1618 2050/3837/1612 2049/3842/1613 2043/3835/1670
f 2045/3843/1671 2051/3844/1672 2056/3845/1673 2050/3846/1612
f 2046/3847/1609 2052/3848/1674 2051/3844/1672 2045/3843/1671
f 2047/3849/1610 2053/3850/1675 2052/3848/1674 2046/3847/1609
f 2048/3851/1614 2054/3852/1676 2053/3850/1675 2047/3849/1610
f 2049/3853/1613 2055/3854/1677 2054/3852/1676 2048/3851/1614
f 2050/3846/1612 2056/3845/1673 2055/3855/1677 2049/3856/1613
f 2051/3844/1672 2057/3857/1678 2062/3858/1679 2056/3845/1673
f 2052/3848/1674 2058/3859/1680 2057/3857/1678 2051/3844/1672
f 2053/3850/1675 2059/3860/1681 2058/3859/1680 2052/3848/1674
f 2054/3852/1676 2060/3861/1682 2059/3860/1681 2053/3850/1675
f 2055/3854/1677 2061/3862/1683 2060/3861/1682 2054/3852/1676
f 2056/3845/1673 2062/3858/1679 2061/3863/1683 2055/3855/1677
f 2057/3857/1678 2063/3864/1684 2068/3865/1685 2062/3858/1679
f 2058/3859/1680 2064/3866/1686 2063/3864/1684 2057/3857/1678
f 2059/3860/1681 2065/3867/1687 2064/3866/1686 2058/3859/1680
f 2060/3861/1682 2066/3868/1688 2065/3867/1687 2059/3860/1681
f 2061/3862/1683 2067/3869/1689 2066/3868/1688 2060/3861/1682
f 2062/3858/1679 2068/3865/1685 2067/3870/1689 2061/3863/1683
f 2063/3864/1684 2069/3871/1690 2074/3872/1691 2068/3865/1685
f 2064/3866/1686 2070/3873/1692 2069/3871/1690 2063/3864/1684
f 2065/3867/1687 2071/3874/1693 2070/3873/1692 2064/3866/1686
f 2066/3868/1688 2072/3875/1694 2071/3874/1693 2065/3867/1687
f 2067/3869/1689 2073/3876/1695 2072/3875/1694 2066/3868/1688
f 2068/3865/1685 2074/3872/1691 2073/3877/1695 2067/3870/1689
f 2069/3871/1690 1925/3675/1561 1930/3678/1564 2074/3872/1691
f 2070/3873/1692 1926/3679/1565 1925/3675/1561 2069/3871/1690
f 2071/3874/1693 1927/3681/1567 1926/3679/1565 2070/3873/1692
f 2072/3875/1694 1928/3683/1569 1927/3681/1567 2071/3874/1693
f 2073/3876/1695 1929/3685/1571 1928/3683/1569 2072/3875/1694
f 2074/3872/1691 1930/3678/1564 1929/3688/1571 2073/3877/1695
f 2075/3878/1696 2081/3879/1697 2086/3880/1698 2080/3881/1699
f 2076/3882/1700 2082/3883/1701 2081/3879/1697 2075/3878/1696
f 2077/3884/1702 2083/3885/1703 2082/3883/1701 2076/3882/1700
f 2078/3886/1704 2084/3887/1705 2083/3885/1703 2077/3884/1702
f 2079/3888/1706 2085/3889/1707 2084/3887/1705 2078/3886/1704
f 2080/3881/1699 2086/3880/1698 2085/3890/1707 2079/3891/1706
f 2081/3892/1697 2087/3893/1708 2092/3894/1709 2086/3895/1698
f 2082/3896/1701 2088/3897/1710 2087/3893/1708 2081/3892/1697
f 2083/3898/1703 2089/3899/1711 2088/3897/1710 2082/3896/1701
f 2084/3900/1705 2090/3901/1712 2089/3899/1711 2083/3898/1703
f 2085/3902/1707 2091/3903/1713 2090/3901/1712 2084/3900/1705
f 2086/3895/1698 2092/3894/1709 2091/3904/1713 2085/3905/1707
f 2087/3906/1708 2093/3907/1714 2098/3908/1715 2092/3909/1709
f 2088/3910/1710 2094/3911/1716 2093/3907/1714 2087/3906/1708
f 2089/3912/1711 2095/3913/1717 2094/3911/1716 2088/3910/1710
f 2090/3914/1712 2096/3915/1718 2095/3913/1717 2089/3912/1711
f 2091/3916/1713 2097/3917/1719 2096/3915/1718 2090/3914/1712
f 2092/3909/1709 2098/3908/1715 2097/3918/1719 2091/3919/1713
f 2093/3907/1714 2099/3920/1720 2104/3921/1721 2098/3908/1715
f 2094/3911/1716 2100/3922/1722 2099/3920/1720 2093/3907/1714
f 2095/3913/1717 2101/3923/1723 2100/3922/1722 2094/3911/1716
f 2096/3915/1718 2102/3924/1724 2101/3923/1723 2095/3913/1717
f 2097/3917/1719 2103/3925/1725 2102/3924/1724 2096/3915/1718
f 2098/3908/1715 2104/3921/1721 2103/3926/1725 2097/3918/1719
f 2099/3920/1720 2105/3927/1726 2110/3928/1727 2104/3921/1721
f 2100/3922/1722 2106/3929/1728 2105/3927/1726 2099/3920/1720
f 2101/3923/1723 2107/3930/1729 2106/3929/1728 2100/3922/1722
f 2102/3924/1724 2108/3931/1730 2107/3930/1729 2101/3923/1723
f 2103/3925/1725 2109/3932/1731 2108/3931/1730 2102/3924/1724
f 2104/3921/1721 2110/3928/1727 2109/3933/1731 2103/3926/1725
f 2105/3927/1726 2111/3934/1732 2116/3935/1733 2110/3928/1727
f 2106/3929/1728 2112/3936/1734 2111/3934/1732 2105/3927/1726
f 2107/3930/1729 2113/3937/1735 2112/3936/1734 2106/3929/1728
f 2108/3931/1730 2114/3938/1736 2113/3937/1735 2107/3930/1729
f 2109/3932/1731 2115/3939/1737 2114/3938/1736 2108/3931/1730
f 2110/3928/1727 2116/3935/1733 2115/3940/1737 2109/3933/1731
f 2111/3934/1732 2117/3941/1738 2122/3942/1739 2116/3935/1733
f 2112/3936/1734 2118/3943/1740 2117/3941/1738 2111/3934/1732
f 2113/3937/1735 2119/3944/1741 2118/3943/1740 2112/3936/1734
f 2114/3938/1736 2120/3945/1742 2119/3944/1741 2113/3937/1735
f 2115/3939/1737 2121/3946/1743 2120/3945/1742 2114/3938/1736
f 2116/3935/1733 2122/3942/1739 2121/3947/1743 2115/3940/1737
f 2117/3941/1738 2123/3948/1744 2128/3949/1745 2122/3942/1739
f 2118/3943/1740 2124/3950/1746 2123/3948/1744 2117/3941/1738
f 2119/3944/1741 2125/3951/1747 2124/3950/1746 2118/3943/1740
f 2120/3945/1742 2126/3952/1748 2125/3951/1747 2119/3944/1741
f 2121/3946/1743 2127/3953/1749 2126/3952/1748 2120/3945/1742
f 2122/3942/1739 2128/3949/1745 2127/3954/1749 2121/3947/1743
f 2123/3955/1744 2129/3956/1750 2134/3957/1751 2128/3958/1745
f 2124/3959/1746 2130/3960/1752 2129/3956/1750 2123/3955/1744
f 2125/3961/1747 2131/3962/1753 2130/3960/1752 2124/3959/1746
f 2126/3963/1748 2132/3964/1754 2131/3962/1753 2125/3961/1747
f 2127/3965/1749 2133/3966/1755 2132/3964/1754 2126/3963/1748
f 2128/3958/1745 2134/3957/1751 2133/3967/1755 2127/3968/1749
f 2129/3956/1750 2135/3969/1756 2140/3970/1757 2134/3957/1751
f 2130/3960/1752 2136/3971/1758 2135/3969/1756 2129/3956/1750
f 2131/3962/1753 2137/3972/1759 2136/3971/1758 2130/3960/1752
f 2132/3964/1754 2138/3973/1760 2137/3972/1759 2131/3962/1753
f 2133/3966/1755 2139/3974/1761 2138/3973/1760 2132/3964/1754
f 2134/3957/1751 2140/3970/1757 2139/3975/1761 2133/3967/1755
f 2135/3969/1756 2141/3976/1762 2146/3977/1763 2140/3970/1757
f 2136/3971/1758 2142/3978/1764 2141/3976/1762 2135/3969/1756
f 2137/3972/1759 2143/3979/1765 2142/3978/1764 2136/3971/1758
f 2138/3973/1760 2144/3980/1766 2143/3979/1765 2137/3972/1759
f 2139/3974/1761 2145/3981/1767 2144/3980/1766 2138/3973/1760
f 2140/3970/1757 2146/3977/1763 2145/3982/1767 2139/3975/1761
f 2141/3976/1762 2147/3983/1768 2152/3984/1769 2146/3977/1763
f 2142/3978/1764 2148/3985/1770 2147/3983/1768 2141/3976/1762
f 2143/3979/1765 2149/3986/1771 2148/3985/1770 2142/3978/1764
f 2144/3980/1766 2150/3987/1772 2149/3986/1771 2143/3979/1765
f 2145/3981/1767 2151/3988/1773 2150/3987/1772 2144/3980/1766
f 2146/3977/1763 2152/3984/1769 2151/3989/1773 2145/3982/1767
f 2147/3983/1768 2153/3990/1774 2158/3991/1775 2152/3984/1769
f 2148/3985/1770 2154/3992/1776 2153/3990/1774 2147/3983/1768
f 2149/3986/1771 2155/3993/1777 2154/3992/1776 2148/3985/1770
f 2150/3987/1772 2156/3994/1778 2155/3993/1777 2149/3986/1771
f 2151/3988/1773 2157/3995/1779 2156/3994/1778 2150/3987/1772
f 2152/3984/1769 2158/3991/1775 2157/3996/1779 2151/3989/1773
f 2153/3990/1774 2159/3997/1780 2164/3998/1781 2158/3991/1775
f 2154/3992/1776 2160/3999/1782 2159/3997/1780 2153/3990/1774
f 2155/3993/1777 2161/4000/1783 2160/3999/1782 2154/3992/1776
f 2156/3994/1778 2162/4001/1784 2161/4000/1783 2155/3993/1777
f 2157/3995/1779 2163/4002/1785 2162/4001/1784 2156/3994/1778
f 2158/3991/1775 2164/3998/1781 2163/4003/1785 2157/3996/1779
f 2159/3997/1780 2165/4004/1786 2170/4005/1787 2164/3998/1781
f 2160/3999/1782 2166/4006/1788 2165/4004/1786 2159/3997/1780
f 2161/4000/1783 2167/4007/1789 2166/4006/1788 2160/3999/1782
f 2162/4001/1784 2168/4008/1790 2167/4007/1789 2161/4000/1783
f 2163/4002/1785 2169/4009/1791 2168/4008/1790 2162/4001/1784
f 2164/3998/1781 2170/4005/1787 2169/4010/1791 2163/4003/1785
f 2165/4004/1786 2171/4011/1792 2176/4012/1793 2170/4005/1787
f 2166/4006/1788 2172/4013/1794 2171/4011/1792 2165/4004/1786
f 2167/4007/1789 2173/4014/1795 2172/4013/1794 2166/4006/1788
f 2168/4008/1790 2174/4015/1796 2173/4014/1795 2167/4007/1789
f 2169/4009/1791 2175/4016/1797 2174/4015/1796 2168/4008/1790
f 2170/4005/1787 2176/4012/1793 2175/4017/1797 2169/4010/1791
f 2171/4011/1792 2177/4018/1798 2182/4019/1799 2176/4012/1793
f 2172/4013/1794 2178/4020/1800 2177/4018/1798 2171/4011/1792
f 2173/4014/1795 2179/4021/1801 2178/4020/1800 2172/4013/1794
f 2174/4015/1796 2180/4022/1802 2179/4021/1801 2173/4014/1795
f 2175/4016/1797 2181/4023/1803 2180/4022/1802 2174/4015/1796
f 2176/4012/1793 2182/4019/1799 2181/4024/1803 2175/4017/1797
f 2177/4018/1798 2183/4025/1758 2188/4026/1759 2182/4019/1799
f 2178/4020/1800 2184/4027/1756 2183/4025/1758 2177/4018/1798
f 2179/4021/1801 2185/4028/1757 2184/4027/1756 2178/4020/1800
f 2180/4022/1802 2186/4029/1761 2185/4028/1757 2179/4021/1801
f 2181/4023/1803 2187/4030/1760 2186/4029/1761 2180/4022/1802
f 2182/4019/1799 2188/4026/1759 2187/4031/1760 2181/4024/1803
f 2183/4025/1758 2189/4032/1804 2194/4033/1753 2188/4026/1759
f 2184/4027/1756 2190/4034/1750 2189/4032/1804 2183/4025/1758
f 2185/4028/1757 2191/4035/1805 2190/4034/1750 2184/4027/1756
f 2186/4029/1761 2192/4036/1755 2191/4035/1805 2185/4028/1757
f 2187/4030/1760 2193/4037/1754 2192/4036/1755 2186/4029/1761
f 2188/4026/1759 2194/4033/1753 2193/4038/1754 2187/4031/1760
f 2189/4032/1804 2195/4039/1746 2200/4040/1747 2194/4033/1753
f 2190/4034/1750 2196/4041/1744 2195/4039/1746 2189/4032/1804
f 2191/4035/1805 2197/4042/1745 2196/4041/1744 2190/4034/1750
f 2192/4036/1755 2198/4043/1749 2197/4042/1745 2191/4035/1805
f 2193/4037/1754 2199/4044/1806 2198/4043/1749 2192/4036/1755
f 2194/4033/1753 2200/4040/1747 2199/4045/1806 2193/4038/1754
f 2195/4046/1746 2201/4047/1807 2206/4048/1808 2200/4049/1747
f 2196/4050/1744 2202/4051/1809 2201/4047/1807 2195/4046/1746
f 2197/4052/1745 2203/4053/1810 2202/4051/1809 2196/4050/1744
f 2198/4054/1749 2204/4055/1811 2203/4053/1810 2197/4052/1745
f 2199/4056/1806 2205/4057/1812 2204/4055/1811 2198/4054/1749
f 2200/4049/1747 2206/4048/1808 2205/4058/1812 2199/4059/1806
f 2201/4047/1807 2207/4060/1813 2212/4061/1814 2206/4048/1808
f 2202/4051/1809 2208/4062/1815 2207/4060/1813 2201/4047/1807
f 2203/4053/1810 2209/4063/1816 2208/4062/1815 2202/4051/1809
f 2204/4055/1811 2210/4064/1817 2209/4063/1816 2203/4053/1810
f 2205/4057/1812 2211/4065/1818 2210/4064/1817 2204/4055/1811
f 2206/4048/1808 2212/4061/1814 2211/4066/1818 2205/4058/1812
f 2207/4060/1813 2213/4067/1819 2218/4068/1820 2212/4061/1814
f 2208/4062/1815 2214/4069/1821 2213/4067/1819 2207/4060/1813
f 2209/4063/1816 2215/4070/1822 2214/4069/1821 2208/4062/1815
f 2210/4064/1817 2216/4071/1823 2215/4070/1822 2209/4063/1816
f 2211/4065/1818 2217/4072/1824 2216/4071/1823 2210/4064/1817
f 2212/4061/1814 2218/4068/1820 2217/4073/1824 2211/4066/1818
f 2213/4067/1819 2219/4074/1825 2224/4075/1826 2218/4068/1820
f 2214/4069/1821 2220/4076/1827 2219/4074/1825 2213/4067/1819
f 2215/4070/1822 2221/4077/1828 2220/4076/1827 2214/4069/1821
f 2216/4071/1823 2222/4078/1829 2221/4077/1828 2215/4070/1822
f 2217/4072/1824 2223/4079/1830 2222/4078/1829 2216/4071/1823
f 2218/4068/1820 2224/4075/1826 2223/4080/1830 2217/4073/1824
f 2219/4074/1825 2075/3878/1696 2080/3881/1699 2224/4075/1826
f 2220/4076/1827 2076/3882/1700 2075/3878/1696 2219/4074/1825
f 2221/4077/1828 2077/3884/1702 2076/3882/1700 2220/4076/1827
f 2222/4078/1829 2078/3886/1704 2077/3884/1702 2221/4077/1828
f 2223/4079/1830 2079/3888/1706 2078/3886/1704 2222/4078/1829
f 2224/4075/1826 2080/3881/1699 2079/3891/1706 2223/4080/1830
f 2225/4081/1831 2231/4082/1832 2236/4083/1833 2230/4084/1834
f 2226/4085/1835 2232/4086/1836 2231/4082/1832 2225/4081/1831
f 2227/4087/1837 2233/4088/1838 2232/4086/1836 2226/4085/1835
f 2228/4089/1839 2234/4090/1840 2233/4088/1838 2227/4087/1837
f 2229/4091/1841 2235/4092/1842 2234/4090/1840 2228/4089/1839
f 2230/4084/1834 2236/4083/1833 2235/4093/1842 2229/4094/1841
f 2231/4095/1832 2237/4096/1843 2242/4097/1844 2236/4098/1833
f 2232/4099/1836 2238/4100/1845 2237/4096/1843 2231/4095/1832
f 2233/4101/1838 2239/4102/1846 2238/4100/1845 2232/4099/1836
f 2234/4103/1840 2240/4104/1847 2239/4102/1846 2233/4101/1838
f 2235/4105/1842 2241/4106/1848 2240/4104/1847 2234/4103/1840
f 2236/4098/1833 2242/4097/1844 2241/4107/1848 2235/4108/1842
f 2237/4109/1843 2243/4110/1849 2248/4111/1850 2242/4112/1844
f 2238/4113/1845 2244/4114/1851 2243/4110/1849 2237/4109/1843
f 2239/4115/1846 2245/4116/1852 2244/4114/1851 2238/4113/1845
f 2240/4117/1847 2246/4118/1853 2245/4116/1852 2239/4115/1846
f 2241/4119/1848 2247/4120/1854 2246/4118/1853 2240/4117/1847
f 2242/4112/1844 2248/4111/1850 2247/4121/1854 2241/4122/1848
f 2243/4110/1849 2249/4123/1855 2254/4124/1856 2248/4111/1850
f 2244/4114/1851 2250/4125/1857 2249/4123/1855 2243/4110/1849
f 2245/4116/1852 2251/4126/1858 2250/4125/1857 2244/4114/1851
f 2246/4118/1853 2252/4127/1859 2251/4126/1858 2245/4116/1852
f 2247/4120/1854 2253/4128/1860 2252/4127/1859 2246/4118/1853
f 2248/4111/1850 2254/4124/1856 2253/4129/1860 2247/4121/1854
f 2249/4123/1855 2255/4130/1861 2260/4131/1862 2254/4124/1856
f 2250/4125/1857 2256/4132/1863 2255/4130/1861 2249/4123/1855
f 2251/4126/1858 2257/4133/1864 2256/4132/1863 2250/4125/1857
f 2252/4127/1859 2258/4134/1865 2257/4133/1864 2251/4126/1858
f 2253/4128/1860 2259/4135/1866 2258/4134/1865 2252/4127/1859
f 2254/4124/1856 2260/4131/1862 2259/4136/1866 2253/4129/1860
f 2255/4130/1861 2261/4137/1867 2266/4138/1868 2260/4131/1862
f 2256/4132/1863 2262/4139/1869 2261/4137/1867 2255/4130/1861
f 2257/4133/1864 2263/4140/1870 2262/4139/1869 2256/4132/1863
f 2258/4134/1865 2264/4141/1871 2263/4140/1870 2257/4133/1864
f 2259/4135/1866 2265/4142/1872 2264/4141/1871 2258/4134/1865
f 2260/4131/1862 2266/4138/1868 2265/4143/1872 2259/4136/1866
f 2261/4137/1867 2267/4144/1873 2272/4145/1874 2266/4138/1868
f 2262/4139/1869 2268/4146/1875 2267/4144/1873 2261/4137/1867
f 2263/4140/1870 2269/4147/1876 2268/4146/1875 2262/4139/1869
f 2264/4141/1871 2270/4148/1877 2269/4147/1876 2263/4140/1870
f 2265/4142/1872 2271/4149/1878 2270/4148/1877 2264/4141/1871
f 2266/4138/1868 2272/4145/1874 2271/4150/1878 2265/4143/1872
f 2267/4144/1873 2273/4151/1879 2278/4152/1880 2272/4145/1874
f 2268/4146/1875 2274/4153/1881 2273/4151/1879 2267/4144/1873
f 2269/4147/1876 2275/4154/1882 2274/4153/1881 2268/4146/1875
f 2270/4148/1877 2276/4155/1883 2275/4154/1882 2269/4147/1876
f 2271/4149/1878 2277/4156/1884 2276/4155/1883 2270/4148/1877
f 2272/4145/1874 2278/4152/1880 2277/4157/1884 2271/4150/1878
f 2273/4158/1879 2279/4159/1885 2284/4160/1886 2278/4161/1880
f 2274/4162/1881 2280/4163/1887 2279/4159/1885 2273/4158/1879
f 2275/4164/1882 2281/4165/1888 2280/4163/1887 2274/4162/1881
f 2276/4166/1883 2282/4167/1889 2281/4165/1888 2275/4164/1882
f 2277/4168/1884 2283/4169/1890 2282/4167/1889 2276/4166/1883
f 2278/4161/1880 2284/4160/1886 2283/4170/1890 2277/4171/1884
f 2279/4159/1885 2285/4172/1891 2290/4173/1892 2284/4160/1886
f 2280/4163/1887 2286/4174/1893 2285/4172/1891 2279/4159/1885
f 2281/4165/1888 2287/4175/1894 2286/4174/1893 2280/4163/1887
f 2282/4167/1889 2288/4176/1895 2287/4175/1894 2281/4165/1888
f 2283/4169/1890 2289/4177/1896 2288/4176/1895 2282/4167/1889
f 2284/4160/1886 2290/4173/1892 2289/4178/1896 2283/4170/1890
f 2285/4172/1891 2291/4179/1897 2296/4180/1898 2290/4173/1892
f 2286/4174/1893 2292/4181/1899 2291/4179/1897 2285/4172/1891
f 2287/4175/1894 2293/4182/1900 2292/4181/1899 2286/4174/1893
f 2288/4176/1895 2294/4183/1901 2293/4182/1900 2287/4175/1894
f 2289/4177/1896 2295/4184/1902 2294/4183/1901 2288/4176/1895
f 2290/4173/1892 2296/4180/1898 2295/4185/1902 2289/4178/1896
f 2291/4179/1897 2297/4186/1903 2302/4187/1904 2296/4180/1898
f 2292/4181/1899 2298/4188/1905 2297/4186/1903 2291/4179/1897
f 2293/4182/1900 2299/4189/1906 2298/4188/1905 2292/4181/1899
f 2294/4183/1901 2300/4190/1907 2299/4189/1906 2293/4182/1900
f 2295/4184/1902 2301/4191/1908 2300/4190/1907 2294/4183/1901
f 2296/4180/1898 2302/4187/1904 2301/4192/1908 2295/4185/1902
f 2297/4186/1903 2303/4193/1909 2308/4194/1910 2302/4187/1904
f 2298/4188/1905 2304/4195/1911 2303/4193/1909 2297/4186/1903
f 2299/4189/1906 2305/4196/1912 2304/4195/1911 2298/4188/1905
f 2300/4190/1907 2306/4197/1913 2305/4196/1912 2299/4189/1906
f 2301/4191/1908 2307/4198/1914 2306/4197/1913 2300/4190/1907
f 2302/4187/1904 2308/4194/1910 2307/4199/1914 2301/4192/1908
f 2303/4193/1909 2309/4200/1915 2314/4201/1916 2308/4194/1910
f 2304/4195/1911 2310/4202/1917 2309/4200/1915 2303/4193/1909
f 2305/4196/1912 2311/4203/1918 2310/4202/1917 2304/4195/1911
f 2306/4197/1913 2312/4204/1919 2311/4203/1918 2305/4196/1912
f 2307/4198/1914 2313/4205/1920 2312/4204/1919 2306/4197/1913
f 2308/4194/1910 2314/4201/1916 2313/4206/1920 2307/4199/1914
f 2309/4200/1915 2315/4207/1921 2320/4208/1922 2314/4201/1916
f 2310/4202/1917 2316/4209/1923 2315/4207/1921 2309/4200/1915
f 2311/4203/1918 2317/4210/1924 2316/4209/1923 2310/4202/1917
f 2312/4204/1919 2318/4211/1925 2317/4210/1924 2311/4203/1918
f 2313/4205/1920 2319/4212/1926 2318/4211/1925 2312/4204/1919
f 2314/4201/1916 2320/4208/1922 2319/4213/1926 2313/4206/1920
f 2315/4207/1921 2321/4214/1927 2326/4215/1928 2320/4208/1922
f 2316/4209/1923 2322/4216/1929 2321/4214/1927 2315/4207/1921
f 2317/4210/1924 2323/4217/1930 2322/4216/1929 2316/4209/1923
f 2318/4211/1925 2324/4218/1931 2323/4217/1930 2317/4210/1924
f 2319/4212/1926 2325/4219/1932 2324/4218/1931 2318/4211/1925
f 2320/4208/1922 2326/4215/1928 2325/4220/1932 2319/4213/1926
f 2321/4214/1927 2327/4221/1933 2332/4222/1934 2326/4215/1928
f 2322/4216/1929 2328/4223/1935 2327/4221/1933 2321/4214/1927
f 2323/4217/1930 2329/4224/1936 2328/4223/1935 2322/4216/1929
f 2324/4218/1931 2330/4225/1937 2329/4224/1936 2323/4217/1930
f 2325/4219/1932 2331/4226/1938 2330/4225/1937 2324/4218/1931
f 2326/4215/1928 2332/4222/1934 2331/4227/1938 2325/4220/1932
f 2327/4221/1933 2333/4228/1893 2338/4229/1894 2332/4222/1934
f 2328/4223/1935 2334/4230/1891 2333/4228/1893 2327/4221/1933
f 2329/4224/1936 2335/4231/1892 2334/4230/1891 2328/4223/1935
f 2330/4225/1937 2336/4232/1896 2335/4231/1892 2329/4224/1936
f 2331/4226/1938 2337/4233/1895 2336/4232/1896 2330/4225/1937
f 2332/4222/1934 2338/4229/1894 2337/4234/1895 2331/4227/1938
f 2333/4228/1893 2339/4235/1887 2344/4236/1888 2338/4229/1894
f 2334/4230/1891 2340/4237/1939 2339/4235/1887 2333/4228/1893
f 2335/4231/1892 2341/4238/1886 2340/4237/1939 2334/4230/1891
f 2336/4232/1896 2342/4239/1890 2341/4238/1886 2335/4231/1892
f 2337/4233/1895 2343/4240/1889 2342/4239/1890 2336/4232/1896
f 2338/4229/1894 2344/4236/1888 2343/4241/1889 2337/4234/1895
f 2339/4235/1887 2345/4242/1881 2350/4243/1940 2344/4236/1888
f 2340/4237/1939 2346/4244/1879 2345/4242/1881 2339/4235/1887
f 2341/4238/1886 2347/4245/1880 2346/4244/1879 2340/4237/1939
f 2342/4239/1890 2348/4246/1884 2347/4245/1880 2341/4238/1886
f 2343/4240/1889 2349/4247/1883 2348/4246/1884 2342/4239/1890
f 2344/4236/1888 2350/4243/1940 2349/4248/1883 2343/4241/1889
f 2345/4249/1881 2351/4250/1941 2356/4251/1942 2350/4252/1940
f 2346/4253/1879 2352/4254/1943 2351/4250/1941 2345/4249/1881
f 2347/4255/1880 2353/4256/1944 2352/4254/1943 2346/4253/1879
f 2348/4257/1884 2354/4258/1945 2353/4256/1944 2347/4255/1880
f 2349/4259/1883 2355/4260/1946 2354/4258/1945 2348/4257/1884
f 2350/4252/1940 2356/4251/1942 2355/4261/1946 2349/4262/1883
f 2351/4250/1941 2357/4263/1947 2362/4264/1948 2356/4251/1942
f 2352/4254/1943 2358/4265/1949 2357/4263/1947 2351/4250/1941
f 2353/4256/1944 2359/4266/1950 2358/4265/1949 2352/4254/1943
f 2354/4258/1945 2360/4267/1951 2359/4266/1950 2353/4256/1944
f 2355/4260/1946 2361/4268/1952 2360/4267/1951 2354/4258/1945
f 2356/4251/1942 2362/4264/1948 2361/4269/1952 2355/4261/1946
f 2357/4263/1947 2363/4270/1953 2368/4271/1954 2362/4264/1948
f 2358/4265/1949 2364/4272/1955 2363/4270/1953 2357/4263/1947
f 2359/4266/1950 2365/4273/1956 2364/4272/1955 2358/4265/1949
f 2360/4267/1951 2366/4274/1957 2365/4273/1956 2359/4266/1950
f 2361/4268/1952 2367/4275/1958 2366/4274/1957 2360/4267/1951
f 2362/4264/1948 2368/4271/1954 2367/4276/1958 2361/4269/1952
f 2363/4270/1953 2369/4277/1959 2374/4278/1960 2368/4271/1954
f 2364/4272/1955 2370/4279/1961 2369/4277/1959 2363/4270/1953
f 2365/4273/1956 2371/4280/1962 2370/4279/1961 2364/4272/1955
f 2366/4274/1957 2372/4281/1963 2371/4280/1962 2365/4273/1956
f 2367/4275/1958 2373/4282/1964 2372/4281/1963 2366/4274/1957
f 2368/4271/1954 2374/4278/1960 2373/4283/1964 2367/4276/1958
f 2369/4277/1959 2225/4081/1831 2230/4084/1834 2374/4278/1960
f 2370/4279/1961 2226/4085/1835 2225/4081/1831 2369/4277/1959
f 2371/4280/1962 2227/4087/1837 2226/4085/1835 2370/4279/1961
f 2372/4281/1963 2228/4089/1839 2227/4087/1837 2371/4280/1962
f 2373/4282/1964 2229/4091/1841 2228/4089/1839 2372/4281/1963
f 2374/4278/1960 2230/4084/1834 2229/4094/1841 2373/4283/1964
f 2375/4284/1965 2381/4285/1966 2386/4286/1967 2380/4287/1968
f 2376/4288/1969 2382/4289/1970 2381/4285/1966 2375/4284/1965
f 2377/4290/1971 2383/4291/1972 2382/4289/1970 2376/4288/1969
f 2378/4292/1973 2384/4293/1974 2383/4291/1972 2377/4290/1971
f 2379/4294/1975 2385/4295/1976 2384/4293/1974 2378/4292/1973
f 2380/4287/1968 2386/4286/1967 2385/4296/1976 2379/4297/1975
f 2381/4298/1966 2387/4299/1977 2392/4300/1978 2386/4301/1967
f 2382/4302/1970 2388/4303/1979 2387/4299/1977 2381/4298/1966
f 2383/4304/1972 2389/4305/1980 2388/4303/1979 2382/4302/1970
f 2384/4306/1974 2390/4307/1981 2389/4305/1980 2383/4304/1972
f 2385/4308/1976 2391/4309/1982 2390/4307/1981 2384/4306/1974
f 2386/4301/1967 2392/4300/1978 2391/4310/1982 2385/4311/1976
f 2387/4312/1977 2393/4313/1983 2398/4314/1984 2392/4315/1978
f 2388/4316/1979 2394/4317/1985 2393/4313/1983 2387/4312/1977
f 2389/4318/1980 2395/4319/1986 2394/4317/1985 2388/4316/1979
f 2390/4320/1981 2396/4321/1987 2395/4319/1986 2389/4318/1980
f 2391/4322/1982 2397/4323/1988 2396/4321/1987 2390/4320/1981
f 2392/4315/1978 2398/4314/1984 2397/4324/1988 2391/4325/1982
f 2393/4313/1983 2399/4326/1989 2404/4327/1990 2398/4314/1984
f 2394/4317/1985 2400/4328/1991 2399/4326/1989 2393/4313/1983
f 2395/4319/1986 2401/4329/1992 2400/4328/1991 2394/4317/1985
f 2396/4321/1987 2402/4330/1993 2401/4329/1992 2395/4319/1986
f 2397/4323/1988 2403/4331/1994 2402/4330/1993 2396/4321/1987
f 2398/4314/1984 2404/4327/1990 2403/4332/1994 2397/4324/1988
f 2399/4326/1989 2405/4333/1995 2410/4334/1996 2404/4327/1990
f 2400/4328/1991 2406/4335/1997 2405/4333/1995 2399/4326/1989
f 2401/4329/1992 2407/4336/1998 2406/4335/1997 2400/4328/1991
f 2402/4330/1993 2408/4337/1999 2407/4336/1998 2401/4329/1992
f 2403/4331/1994 2409/4338/2000 2408/4337/1999 2402/4330/1993
f 2404/4327/1990 2410/4334/1996 2409/4339/2000 2403/4332/1994
f 2405/4333/1995 2411/4340/2001 2416/4341/2002 2410/4334/1996
f 2406/4335/1997 2412/4342/2003 2411/4340/2001 2405/4333/1995
f 2407/4336/1998 2413/4343/2004 2412/4342/2003 2406/4335/1997
f 2408/4337/1999 2414/4344/2005 2413/4343/2004 2407/4336/1998
f 2409/4338/2000 2415/4345/2006 2414/4344/2005 2408/4337/1999
f 2410/4334/1996 2416/4341/2002 2415/4346/2006 2409/4339/2000
f 2411/4340/2001 2417/4347/2007 2422/4348/2008 2416/4341/2002
f 2412/4342/2003 2418/4349/2009 2417/4347/2007 2411/4340/2001
f 2413/4343/2004 2419/4350/2010 2418/4349/2009 2412/4342/2003
f 2414/4344/2005 2420/4351/2011 2419/4350/2010 2413/4343/2004
f 2415/4345/2006 2421/4352/2012 2420/4351/2011 2414/4344/2005
f 2416/4341/2002 2422/4348/2008 2421/4353/2012 2415/4346/2006
f 2417/4347/2007 2423/4354/2013 2428/4355/2014 2422/4348/2008
f 2418/4349/2009 2424/4356/2015 2423/4354/2013 2417/4347/2007
f 2419/4350/2010 2425/4357/2016 2424/4356/2015 2418/4349/2009
f 2420/4351/2011 2426/4358/2017 2425/4357/2016 2419/4350/2010
f 2421/4352/2012 2427/4359/2018 2426/4358/2017 2420/4351/2011
f 2422/4348/2008 2428/4355/2014 2427/4360/2018 2421/4353/2012
f 2423/4361/2013 2429/4362/2019 2434/4363/2020 2428/4364/2014
f 2424/4365/2015 2430/4366/2021 2429/4362/2019 2423/4361/2013
f 2425/4367/2016 2431/4368/2022 2430/4366/2021 2424/4365/2015
f 2426/4369/2017 2432/4370/2023 2431/4368/2022 2425/4367/2016
f 2427/4371/2018 2433/4372/2024 2432/4370/2023 2426/4369/2017
f 2428/4364/2014 2434/4363/2020 2433/4373/2024 2427/4374/2018
f 2429/4362/2019 2435/4375/2025 2440/4376/2026 2434/4363/2020
f 2430/4366/2021 2436/4377/2027 2435/4375/2025 2429/4362/2019
f 2431/4368/2022 2437/4378/2028 2436/4377/2027 2430/4366/2021
f 2432/4370/2023 2438/4379/2029 2437/4378/2028 2431/4368/2022
f 2433/4372/2024 2439/4380/2030 2438/4379/2029 2432/4370/2023
f 2434/4363/2020 2440/4376/2026 2439/4381/2030 2433/4373/2024
f 2435/4375/2025 2441/4382/2031 2446/4383/2032 2440/4376/2026
f 2436/4377/2027 2442/4384/2033 2441/4382/2031 2435/4375/2025
f 2437/4378/2028 2443/4385/2034 2442/4384/2033 2436/4377/2027
f 2438/4379/2029 2444/4386/2035 2443/4385/2034 2437/4378/2028
f 2439/4380/2030 2445/4387/2036 2444/4386/2035 2438/4379/2029
f 2440/4376/2026 2446/4383/2032 2445/4388/2036 2439/4381/2030
f 2441/4382/2031 2447/4389/2037 2452/4390/2038 2446/4383/2032
f 2442/4384/2033 2448/4391/2039 2447/4389/2037 2441/4382/2031
f 2443/4385/2034 2449/4392/2040 2448/4391/2039 2442/4384/2033
f 2444/4386/2035 2450/4393/2041 2449/4392/2040 2443/4385/2034
f 2445/4387/2036 2451/4394/2042 2450/4393/2041 2444/4386/2035
f 2446/4383/2032 2452/4390/2038 2451/4395/2042 2445/4388/2036
f 2447/4389/2037 2453/4396/2043 2458/4397/2044 2452/4390/2038
f 2448/4391/2039 2454/4398/2045 2453/4396/2043 2447/4389/2037
f 2449/4392/2040 2455/4399/2046 2454/4398/2045 2448/4391/2039
f 2450/4393/2041 2456/4400/2047 2455/4399/2046 2449/4392/2040
f 2451/4394/2042 2457/4401/2048 2456/4400/2047 2450/4393/2041
f 2452/4390/2038 2458/4397/2044 2457/4402/2048 2451/4395/2042
f 2453/4396/2043 2459/4403/2049 2464/4404/2050 2458/4397/2044
f 2454/4398/2045 2460/4405/2051 2459/4403/2049 2453/4396/2043
f 2455/4399/2046 2461/4406/2052 2460/4405/2051 2454/4398/2045
f 2456/4400/2047 2462/4407/2053 2461/4406/2052 2455/4399/2046
f 2457/4401/2048 2463/4408/2054 2462/4407/2053 2456/4400/2047
f 2458/4397/2044 2464/4404/2050 2463/4409/2054 2457/4402/2048
f 2459/4403/2049 2465/4410/2055 2470/4411/2056 2464/4404/2050
f 2460/4405/2051 2466/4412/2057 2465/4410/2055 2459/4403/2049
f 2461/4406/2052 2467/4413/2058 2466/4412/2057 2460/4405/2051
f 2462/4407/2053 2468/4414/2059 2467/4413/2058 2461/4406/2052
f 2463/4408/2054 2469/4415/2060 2468/4414/2059 2462/4407/2053
f 2464/4404/2050 2470/4411/2056 2469/4416/2060 2463/4409/2054
f 2465/4410/2055 2471/4417/2061 2476/4418/2062 2470/4411/2056
f 2466/4412/2057 2472/4419/2063 2471/4417/2061 2465/4410/2055
f 2467/4413/2058 2473/4420/2064 2472/4419/2063 2466/4412/2057
f 2468/4414/2059 2474/4421/2065 2473/4420/2064 2467/4413/2058
f 2469/4415/2060 2475/4422/2066 2474/4421/2065 2468/4414/2059
f 2470/4411/2056 2476/4418/2062 2475/4423/2066 2469/4416/2060
f 2471/4417/2061 2477/4424/2067 2482/4425/2068 2476/4418/2062
f 2472/4419/2063 2478/4426/2069 2477/4424/2067 2471/4417/2061
f 2473/4420/2064 2479/4427/2070 2478/4426/2069 2472/4419/2063
f 2474/4421/2065 2480/4428/2071 2479/4427/2070 2473/4420/2064
f 2475/4422/2066 2481/4429/2072 2480/4428/2071 2474/4421/2065
f 2476/4418/2062 2482/4425/2068 2481/4430/2072 2475/4423/2066
f 2477/4424/2067 2483/4431/2027 2488/4432/2028 2482/4425/2068
f 2478/4426/2069 2484/4433/2025 2483/4431/2027 2477/4424/2067
f 2479/4427/2070 2485/4434/2026 2484/4433/2025 2478/4426/2069
f 2480/4428/2071 2486/4435/2073 2485/4434/2026 2479/4427/2070
f 2481/4429/2072 2487/4436/2029 2486/4435/2073 2480/4428/2071
f 2482/4425/2068 2488/4432/2028 2487/4437/2029 2481/4430/2072
f 2483/4431/2027 2489/4438/2074 2494/4439/2022 2488/4432/2028
f 2484/4433/2025 2490/4440/2019 2489/4438/2074 2483/4431/2027
f 2485/4434/2026 2491/4441/2020 2490/4440/2019 2484/4433/2025
f 2486/4435/2073 2492/4442/2024 2491/4441/2020 2485/4434/2026
f 2487/4436/2029 2493/4443/2023 2492/4442/2024 2486/4435/2073
f 2488/4432/2028 2494/4439/2022 2493/4444/2023 2487/4437/2029
f 2489/4438/2074 2495/4445/2015 2500/4446/2016 2494/4439/2022
f 2490/4440/2019 2496/4447/2013 2495/4445/2015 2489/4438/2074
f 2491/4441/2020 2497/4448/2014 2496/4447/2013 2490/4440/2019
f 2492/4442/2024 2498/4449/2018 2497/4448/2014 2491/4441/2020
f 2493/4443/2023 2499/4450/2075 2498/4449/2018 2492/4442/2024
f 2494/4439/2022 2500/4446/2016 2499/4451/2075 2493/4444/2023
f 2495/4452/2015 2501/4453/2076 2506/4454/2077 2500/4455/2016
f 2496/4456/2013 2502/4457/2078 2501/4453/2076 2495/4452/2015
f 2497/4458/2014 2503/4459/2079 2502/4457/2078 2496/4456/2013
f 2498/4460/2018 2504/4461/2080 2503/4459/2079 2497/4458/2014
f 2499/4462/2075 2505/4463/2081 2504/4461/2080 2498/4460/2018
f 2500/4455/2016 2506/4454/2077 2505/4464/2081 2499/4465/2075
f 2501/4453/2076 2507/4466/2082 2512/4467/2083 2506/4454/2077
f 2502/4457/2078 2508/4468/2084 2507/4466/2082 2501/4453/2076
f 2503/4459/2079 2509/4469/2085 2508/4468/2084 2502/4457/2078
f 2504/4461/2080 2510/4470/2086 2509/4469/2085 2503/4459/2079
f 2505/4463/2081 2511/4471/2087 2510/4470/2086 2504/4461/2080
f 2506/4454/2077 2512/4467/2083 2511/4472/2087 2505/4464/2081
f 2507/4466/2082 2513/4473/2088 2518/4474/2089 2512/4467/2083
f 2508/4468/2084 2514/4475/2090 2513/4473/2088 2507/4466/2082
f 2509/4469/2085 2515/4476/2091 2514/4475/2090 2508/4468/2084
f 2510/4470/2086 2516/4477/2092 2515/4476/2091 2509/4469/2085
f 2511/4471/2087 2517/4478/2093 2516/4477/2092 2510/4470/2086
f 2512/4467/2083 2518/4474/2089 2517/4479/2093 2511/4472/2087
f 2513/4473/2088 2519/4480/2094 2524/4481/2095 2518/4474/2089
f 2514/4475/2090 2520/4482/2096 2519/4480/2094 2513/4473/2088
f 2515/4476/2091 2521/4483/2097 2520/4482/2096 2514/4475/2090
f 2516/4477/2092 2522/4484/2098 2521/4483/2097 2515/4476/2091
f 2517/4478/2093 2523/4485/2099 2522/4484/2098 2516/4477/2092
f 2518/4474/2089 2524/4481/2095 2523/4486/2099 2517/4479/2093
f 2519/4480/2094 2375/4284/1965 2380/4287/1968 2524/4481/2095
f 2520/4482/2096 2376/4288/1969 2375/4284/1965 2519/4480/2094
f 2521/4483/2097 2377/4290/1971 2376/4288/1969 2520/4482/2096
f 2522/4484/2098 2378/4292/1973 2377/4290/1971 2521/4483/2097
f 2523/4485/2099 2379/4294/1975 2378/4292/1973 2522/4484/2098
f 2524/4481/2095 2380/4287/1968 2379/4297/1975 2523/4486/2099
f 2589/4487/2100 2583/4488/2101 2580/4489/2102 2586/4490/2103
f 2529/4491/2104 2537/4492/2105 2531/4493/2106 2525/4494/2107
f 2533/4495/2108 2536/4496/2109 2538/4497/2110 2537/4492/2105
f 2529/4498/2104 2526/4499/2111 2532/4500/2112
f 2532/4501/2112 2533/4495/2108 2537/4492/2105 2529/4491/2104
f 2535/4502/2113 2530/4503/2114 2538/4497/2110 2536/4496/2109
f 2569/4504/2115 2570/4505/2116 2575/4506/2117 2576/4507/2118
f 2530/4503/2114 2527/4508/2119 2534/4509/2120 2538/4497/2110
f 2532/4501/2112 2541/4510/2121 2542/4511/2122 2533/4495/2108
f 2526/4499/2111 2539/4512/2123 2541/4513/2121 2532/4500/2112
f 2539/4512/2123 2545/4514/2124 2547/4515/2125 2541/4513/2121
f 2528/4516/2126 2535/4517/2113 2543/4518/2127 2540/4519/2128
f 2540/4519/2128 2543/4518/2127 2549/4520/2129 2546/4521/2130
f 2545/4514/2124 2551/4522/2131 2553/4523/2132 2547/4515/2125
f 2547/4524/2125 2553/4525/2132 2554/4526/2133 2548/4527/2134
f 2541/4510/2121 2547/4524/2125 2548/4527/2134 2542/4511/2122
f 2549/4528/2129 2550/4529/2135 2556/4530/2136 2555/4531/2137
f 2543/4532/2127 2544/4533/2138 2550/4529/2135 2549/4528/2129
f 2553/4525/2132 2559/4534/2139 2560/4535/2140 2554/4526/2133
f 2589/4487/2100 2586/4490/2103 2592/4536/2141 2595/4537/2142
f 2551/4522/2131 2557/4538/2143 2559/4539/2139 2553/4523/2132
f 2552/4540/2144 2555/4541/2137 2561/4542/2145 2558/4543/2146
f 2567/4544/2147 2573/4545/2148 2564/4546/2149
f 2567/4544/2147 2563/4547/2150 2569/4504/2115 2576/4507/2118
f 2537/4492/2105 2538/4497/2110 2534/4509/2120 2531/4493/2106
f 2568/4548/2151 2575/4506/2117 2570/4505/2116 2565/4549/2152
f 2534/4550/2153 2527/4551/2154 2565/4552/2154 2570/4553/2153
f 2590/4554/2155 2593/4555/2156 2599/4556/2157 2596/4557/2158
f 2583/4488/2101 2574/4558/2159 2572/4559/2160 2580/4489/2102
f 2587/4560/2161 2589/4487/2100 2595/4537/2142 2593/4555/2156
f 2593/4555/2156 2595/4537/2142 2600/4561/2162 2599/4556/2157
f 2546/4562/2163 2552/4563/2164 2588/4564/2164 2582/4565/2163
f 2525/4566/2165 2563/4567/2165 2567/4568/2166 2529/4569/2167
f 2561/4570/2168 2562/4571/2169 2598/4572/2170 2597/4573/2171
f 2554/4526/2133 2560/4535/2140 2562/4574/2172 2556/4530/2136
f 2531/4575/2173 2569/4576/2173 2563/4577/2174 2525/4578/2174
f 2576/4507/2118 2575/4506/2117 2572/4559/2160 2574/4558/2159
f 2552/4563/2164 2558/4579/2175 2594/4580/2175 2588/4564/2164
f 2545/4581/2163 2584/4582/2163 2590/4583/2164 2551/4584/2164
f 2559/4585/2176 2599/4586/2177 2600/4587/2178 2560/4588/2179
f 2539/4589/2180 2578/4590/2180 2584/4582/2163 2545/4581/2163
f 2571/4591/2181 2579/4592/2182 2580/4489/2102 2572/4559/2160
f 2530/4593/2183 2528/4594/2184 2566/4595/2184 2568/4596/2185
f 2531/4575/2173 2534/4550/2153 2570/4553/2153 2569/4576/2173
f 2551/4584/2164 2590/4583/2164 2596/4597/2186 2557/4598/2186
f 2558/4599/2187 2561/4570/2168 2597/4573/2171 2594/4600/2187
f 2542/4511/2122 2544/4533/2138 2536/4496/2109 2533/4495/2108
f 2542/4511/2122 2548/4527/2134 2550/4529/2135 2544/4533/2138
f 2577/4601/2188 2582/4602/2189 2585/4603/2190 2579/4592/2182
f 2564/4546/2149 2573/4545/2148 2581/4604/2191 2578/4605/2192
f 2588/4606/2193 2594/4607/2194 2597/4608/2195 2591/4609/2196
f 2591/4609/2196 2597/4608/2195 2598/4610/2197 2592/4536/2141
f 2573/4545/2148 2574/4558/2159 2583/4488/2101 2581/4604/2191
f 2573/4545/2148 2567/4544/2147 2576/4507/2118 2574/4558/2159
f 2529/4569/2167 2567/4568/2166 2564/4611/2184 2526/4612/2184
f 2540/4613/2180 2546/4562/2163 2582/4565/2163 2577/4614/2180
f 2526/4612/2184 2564/4611/2184 2578/4590/2180 2539/4589/2180
f 2571/4591/2181 2572/4559/2160 2575/4506/2117 2568/4548/2151
f 2557/4615/2198 2596/4616/2198 2599/4586/2177 2559/4585/2176
f 2600/4587/2178 2598/4572/2170 2562/4571/2169 2560/4588/2179
f 2548/4527/2134 2554/4526/2133 2556/4530/2136 2550/4529/2135
f 2584/4617/2199 2587/4560/2161 2593/4555/2156 2590/4554/2155
f 2581/4604/2191 2583/4488/2101 2589/4487/2100 2587/4560/2161
f 2578/4605/2192 2581/4604/2191 2587/4560/2161 2584/4617/2199
f 2579/4592/2182 2585/4603/2190 2586/4490/2103 2580/4489/2102
f 2528/4594/2184 2540/4613/2180 2577/4614/2180 2566/4595/2184
f 2566/4618/2200 2577/4601/2188 2579/4592/2182 2571/4591/2181
f 2527/4619/2201 2530/4593/2183 2568/4596/2185 2565/4620/2201
f 2585/4603/2190 2591/4609/2196 2592/4536/2141 2586/4490/2103
f 2530/4621/2114 2535/4517/2113 2528/4516/2126
f 2582/4602/2189 2588/4606/2193 2591/4609/2196 2585/4603/2190
f 2568/4548/2151 2566/4618/2200 2571/4591/2181
f 2555/4531/2137 2556/4530/2136 2562/4574/2172 2561/4622/2145
f 2535/4502/2113 2536/4496/2109 2544/4533/2138 2543/4532/2127
f 2546/4521/2130 2549/4520/2129 2555/4541/2137 2552/4540/2144
f 2592/4536/2141 2598/4610/2197 2600/4561/2162 2595/4537/2142
f 2665/4623/2202 2659/4624/2203 2656/4625/2204 2662/4626/2205
f 2605/4627/2206 2613/4628/2207 2607/4629/2208 2601/4630/2209
f 2609/4631/2210 2612/4632/2211 2614/4633/2212 2613/4628/2207
f 2605/4634/2206 2602/4635/2213 2608/4636/2214
f 2608/4637/2214 2609/4631/2210 2613/4628/2207 2605/4627/2206
f 2611/4638/2215 2606/4639/2216 2614/4633/2212 2612/4632/2211
f 2645/4640/2217 2646/4641/2218 2651/4642/2219 2652/4643/2220
f 2606/4639/2216 2603/4644/2221 2610/4645/2222 2614/4633/2212
f 2608/4637/2214 2617/4646/2223 2618/4647/2224 2609/4631/2210
f 2602/4635/2213 2615/4648/2225 2617/4649/2223 2608/4636/2214
f 2615/4648/2225 2621/4650/2226 2623/4651/2227 2617/4649/2223
f 2604/4652/2228 2611/4653/2215 2619/4654/2229 2616/4655/2230
f 2616/4655/2230 2619/4654/2229 2625/4656/2231 2622/4657/2232
f 2621/4650/2226 2627/4658/2233 2629/4659/2234 2623/4651/2227
f 2623/4660/2227 2629/4661/2234 2630/4662/2235 2624/4663/2236
f 2617/4646/2223 2623/4660/2227 2624/4663/2236 2618/4647/2224
f 2625/4664/2231 2626/4665/2237 2632/4666/2238 2631/4667/2239
f 2619/4668/2229 2620/4669/2240 2626/4665/2237 2625/4664/2231
f 2629/4661/2234 2635/4670/2241 2636/4671/2242 2630/4662/2235
f 2665/4623/2202 2662/4626/2205 2668/4672/2243 2671/4673/2244
f 2627/4658/2233 2633/4674/2245 2635/4675/2241 2629/4659/2234
f 2628/4676/2246 2631/4677/2239 2637/4678/2247 2634/4679/2248
f 2643/4680/2249 2649/4681/2250 2640/4682/2251
f 2643/4680/2249 2639/4683/2252 2645/4640/2217 2652/4643/2220
f 2613/4628/2207 2614/4633/2212 2610/4645/2222 2607/4629/2208
f 2644/4684/2253 2651/4642/2219 2646/4641/2218 2641/4685/2254
f 2610/4686/2255 2603/4687/2256 2641/4688/2256 2646/4689/2255
f 2666/4690/2257 2669/4691/2258 2675/4692/2259 2672/4693/2260
f 2659/4624/2203 2650/4694/2261 2648/4695/2262 2656/4625/2204
f 2663/4696/2263 2665/4623/2202 2671/4673/2244 2669/4691/2258
f 2669/4691/2258 2671/4673/2244 2676/4697/2264 2675/4692/2259
f 2622/4698/2265 2628/4699/2266 2664/4700/2266 2658/4701/2265
f 2601/4702/2267 2639/4703/2267 2643/4704/2268 2605/4705/2269
f 2637/4706/2270 2638/4707/2271 2674/4708/2272 2673/4709/2273
f 2630/4662/2235 2636/4671/2242 2638/4710/2274 2632/4666/2238
f 2607/4711/2275 2645/4712/2275 2639/4713/2276 2601/4714/2276
f 2652/4643/2220 2651/4642/2219 2648/4695/2262 2650/4694/2261
f 2628/4699/2266 2634/4715/2277 2670/4716/2277 2664/4700/2266
f 2621/4717/2278 2660/4718/2278 2666/4719/2279 2627/4720/2279
f 2635/4721/2280 2675/4722/2281 2676/4723/2282 2636/4724/2283
f 2615/4725/2284 2654/4726/2284 2660/4718/2278 2621/4717/2278
f 2647/4727/2285 2655/4728/2286 2656/4625/2204 2648/4695/2262
f 2606/4729/2287 2604/4730/2288 2642/4731/2288 2644/4732/2289
f 2607/4711/2275 2610/4686/2255 2646/4689/2255 2645/4712/2275
f 2627/4720/2279 2666/4719/2279 2672/4733/2290 2633/4734/2290
f 2634/4735/2291 2637/4706/2270 2673/4709/2273 2670/4736/2291
f 2618/4647/2224 2620/4669/2240 2612/4632/2211 2609/4631/2210
f 2618/4647/2224 2624/4663/2236 2626/4665/2237 2620/4669/2240
f 2653/4737/2292 2658/4738/2293 2661/4739/2294 2655/4728/2286
f 2640/4682/2251 2649/4681/2250 2657/4740/2295 2654/4741/2296
f 2664/4742/2297 2670/4743/2298 2673/4744/2299 2667/4745/2300
f 2667/4745/2300 2673/4744/2299 2674/4746/2301 2668/4672/2243
f 2649/4681/2250 2650/4694/2261 2659/4624/2203 2657/4740/2295
f 2649/4681/2250 2643/4680/2249 2652/4643/2220 2650/4694/2261
f 2605/4705/2269 2643/4704/2268 2640/4747/2288 2602/4748/2302
f 2616/4749/2303 2622/4698/2265 2658/4701/2265 2653/4750/2284
f 2602/4748/2302 2640/4747/2288 2654/4726/2284 2615/4725/2284
f 2647/4727/2285 2648/4695/2262 2651/4642/2219 2644/4684/2253
f 2633/4751/2304 2672/4752/2304 2675/4722/2281 2635/4721/2280
f 2676/4723/2282 2674/4708/2272 2638/4707/2271 2636/4724/2283
f 2624/4663/2236 2630/4662/2235 2632/4666/2238 2626/4665/2237
f 2660/4753/2305 2663/4696/2263 2669/4691/2258 2666/4690/2257
f 2657/4740/2295 2659/4624/2203 2665/4623/2202 2663/4696/2263
f 2654/4741/2296 2657/4740/2295 2663/4696/2263 2660/4753/2305
f 2655/4728/2286 2661/4739/2294 2662/4626/2205 2656/4625/2204
f 2604/4730/2288 2616/4749/2303 2653/4750/2284 2642/4731/2288
f 2642/4754/2306 2653/4737/2292 2655/4728/2286 2647/4727/2285
f 2603/4755/2307 2606/4729/2287 2644/4732/2289 2641/4756/2307
f 2661/4739/2294 2667/4745/2300 2668/4672/2243 2662/4626/2205
f 2606/4757/2216 2611/4653/2215 2604/4652/2228
f 2658/4738/2293 2664/4742/2297 2667/4745/2300 2661/4739/2294
f 2644/4684/2253 2642/4754/2306 2647/4727/2285
f 2631/4667/2239 2632/4666/2238 2638/4710/2274 2637/4758/2247
f 2611/4638/2215 2612/4632/2211 2620/4669/2240 2619/4668/2229
f 2622/4657/2232 2625/4656/2231 2631/4677/2239 2628/4676/2246
f 2668/4672/2243 2674/4746/2301 2676/4697/2264 2671/4673/2244
f 2741/4759/2308 2735/4760/2309 2732/4761/2310 2738/4762/2311
f 2681/4763/2312 2689/4764/2313 2683/4765/2314 2677/4766/2315
f 2685/4767/2316 2688/4768/2317 2690/4769/2318 2689/4764/2313
f 2681/4770/2312 2678/4771/2319 2684/4772/2320
f 2684/4773/2320 2685/4767/2316 2689/4764/2313 2681/4763/2312
f 2687/4774/2321 2682/4775/2322 2690/4769/2318 2688/4768/2317
f 2721/4776/2323 2722/4777/2324 2727/4778/2325 2728/4779/2326
f 2682/4775/2322 2679/4780/2327 2686/4781/2328 2690/4769/2318
f 2684/4773/2320 2693/4782/2329 2694/4783/2330 2685/4767/2316
f 2678/4771/2319 2691/4784/2331 2693/4785/2329 2684/4772/2320
f 2691/4784/2331 2697/4786/2332 2699/4787/2333 2693/4785/2329
f 2680/4788/2334 2687/4789/2321 2695/4790/2335 2692/4791/2336
f 2692/4791/2336 2695/4790/2335 2701/4792/2337 2698/4793/2338
f 2697/4786/2332 2703/4794/2339 2705/4795/2340 2699/4787/2333
f 2699/4796/2333 2705/4797/2340 2706/4798/2341 2700/4799/2342
f 2693/4782/2329 2699/4796/2333 2700/4799/2342 2694/4783/2330
f 2701/4800/2337 2702/4801/2343 2708/4802/2344 2707/4803/2345
f 2695/4804/2335 2696/4805/2346 2702/4801/2343 2701/4800/2337
f 2705/4797/2340 2711/4806/2347 2712/4807/2348 2706/4798/2341
f 2741/4759/2308 2738/4762/2311 2744/4808/2349 2747/4809/2350
f 2703/4794/2339 2709/4810/2351 2711/4811/2347 2705/4795/2340
f 2704/4812/2352 2707/4813/2345 2713/4814/2353 2710/4815/2354
f 2719/4816/2355 2725/4817/2356 2716/4818/2357
f 2719/4816/2355 2715/4819/2358 2721/4776/2323 2728/4779/2326
f 2689/4764/2313 2690/4769/2318 2686/4781/2328 2683/4765/2314
f 2720/4820/2359 2727/4778/2325 2722/4777/2324 2717/4821/2360
f 2686/4822/2361 2679/4823/2362 2717/4824/2362 2722/4825/2361
f 2742/4826/2363 2745/4827/2364 2751/4828/2365 2748/4829/2366
f 2735/4760/2309 2726/4830/2367 2724/4831/2368 2732/4761/2310
f 2739/4832/2369 2741/4759/2308 2747/4809/2350 2745/4827/2364
f 2745/4827/2364 2747/4809/2350 2752/4833/2370 2751/4828/2365
f 2698/4834/2371 2704/4835/2372 2740/4836/2372 2734/4837/2371
f 2677/4838/2373 2715/4839/2373 2719/4840/2374 2681/4841/2375
f 2713/4842/2376 2714/4843/2377 2750/4844/2378 2749/4845/2379
f 2706/4798/2341 2712/4807/2348 2714/4846/2380 2708/4802/2344
f 2683/4847/2381 2721/4848/2381 2715/4849/2382 2677/4850/2382
f 2728/4779/2326 2727/4778/2325 2724/4831/2368 2726/4830/2367
f 2704/4835/2372 2710/4851/2383 2746/4852/2383 2740/4836/2372
f 2697/4853/2371 2736/4854/2371 2742/4855/2372 2703/4856/2372
f 2711/4857/2384 2751/4858/2384 2752/4859/2385 2712/4860/2385
f 2691/4861/2386 2730/4862/2386 2736/4854/2371 2697/4853/2371
f 2723/4863/2387 2731/4864/2388 2732/4761/2310 2724/4831/2368
f 2682/4865/2389 2680/4866/2390 2718/4867/2390 2720/4868/2391
f 2683/4847/2381 2686/4822/2361 2722/4825/2361 2721/4848/2381
f 2703/4856/2372 2742/4855/2372 2748/4869/2383 2709/4870/2383
f 2710/4871/2392 2713/4842/2376 2749/4845/2379 2746/4872/2392
f 2694/4783/2330 2696/4805/2346 2688/4768/2317 2685/4767/2316
f 2694/4783/2330 2700/4799/2342 2702/4801/2343 2696/4805/2346
f 2729/4873/2393 2734/4874/2394 2737/4875/2395 2731/4864/2388
f 2716/4818/2357 2725/4817/2356 2733/4876/2396 2730/4877/2397
f 2740/4878/2398 2746/4879/2399 2749/4880/2400 2743/4881/2401
f 2743/4881/2401 2749/4880/2400 2750/4882/2402 2744/4808/2349
f 2725/4817/2356 2726/4830/2367 2735/4760/2309 2733/4876/2396
f 2725/4817/2356 2719/4816/2355 2728/4779/2326 2726/4830/2367
f 2681/4841/2375 2719/4840/2374 2716/4883/2390 2678/4884/2390
f 2692/4885/2386 2698/4834/2371 2734/4837/2371 2729/4886/2403
f 2678/4884/2390 2716/4883/2390 2730/4862/2386 2691/4861/2386
f 2723/4863/2387 2724/4831/2368 2727/4778/2325 2720/4820/2359
f 2709/4887/2404 2748/4888/2404 2751/4858/2384 2711/4857/2384
f 2752/4859/2385 2750/4844/2378 2714/4843/2377 2712/4860/2385
f 2700/4799/2342 2706/4798/2341 2708/4802/2344 2702/4801/2343
f 2736/4889/2405 2739/4832/2369 2745/4827/2364 2742/4826/2363
f 2733/4876/2396 2735/4760/2309 2741/4759/2308 2739/4832/2369
f 2730/4877/2397 2733/4876/2396 2739/4832/2369 2736/4889/2405
f 2731/4864/2388 2737/4875/2395 2738/4762/2311 2732/4761/2310
f 2680/4866/2390 2692/4885/2386 2729/4886/2403 2718/4867/2390
f 2718/4890/2406 2729/4873/2393 2731/4864/2388 2723/4863/2387
f 2679/4891/2407 2682/4865/2389 2720/4868/2391 2717/4892/2407
f 2737/4875/2395 2743/4881/2401 2744/4808/2349 2738/4762/2311
f 2682/4893/2322 2687/4789/2321 2680/4788/2334
f 2734/4874/2394 2740/4878/2398 2743/4881/2401 2737/4875/2395
f 2720/4820/2359 2718/4890/2406 2723/4863/2387
f 2707/4803/2345 2708/4802/2344 2714/4846/2380 2713/4894/2353
f 2687/4774/2321 2688/4768/2317 2696/4805/2346 2695/4804/2335
f 2698/4793/2338 2701/4792/2337 2707/4813/2345 2704/4812/2352
f 2744/4808/2349 2750/4882/2402 2752/4833/2370 2747/4809/2350
f 2817/4895/2408 2811/4896/2409 2808/4897/2410 2814/4898/2411
f 2757/4899/2412 2765/4900/2413 2759/4901/2414 2753/4902/2415
f 2761/4903/2416 2764/4904/2417 2766/4905/2418 2765/4900/2413
f 2757/4906/2412 2754/4907/2419 2760/4908/2420
f 2760/4909/2420 2761/4903/2416 2765/4900/2413 2757/4899/2412
f 2763/4910/2421 2758/4911/2422 2766/4905/2418 2764/4904/2417
f 2797/4912/2423 2798/4913/2424 2803/4914/2425 2804/4915/2426
f 2758/4911/2422 2755/4916/2427 2762/4917/2428 2766/4905/2418
f 2760/4909/2420 2769/4918/2429 2770/4919/2430 2761/4903/2416
f 2754/4907/2419 2767/4920/2431 2769/4921/2429 2760/4908/2420
f 2767/4920/2431 2773/4922/2432 2775/4923/2433 2769/4921/2429
f 2756/4924/2434 2763/4925/2421 2771/4926/2435 2768/4927/2436
f 2768/4927/2436 2771/4926/2435 2777/4928/2437 2774/4929/2438
f 2773/4922/2432 2779/4930/2439 2781/4931/2440 2775/4923/2433
f 2775/4932/2433 2781/4933/2440 2782/4934/2441 2776/4935/2442
f 2769/4918/2429 2775/4932/2433 2776/4935/2442 2770/4919/2430
f 2777/4936/2437 2778/4937/2443 2784/4938/2444 2783/4939/2445
f 2771/4940/2435 2772/4941/2446 2778/4937/2443 2777/4936/2437
f 2781/4933/2440 2787/4942/2447 2788/4943/2448 2782/4934/2441
f 2817/4895/2408 2814/4898/2411 2820/4944/2449 2823/4945/2450
f 2779/4930/2439 2785/4946/2451 2787/4947/2447 2781/4931/2440
f 2780/4948/2452 2783/4949/2445 2789/4950/2453 2786/4951/2454
f 2795/4952/2455 2801/4953/2456 2792/4954/2457
f 2795/4952/2455 2791/4955/2458 2797/4912/2423 2804/4915/2426
f 2765/4900/2413 2766/4905/2418 2762/4917/2428 2759/4901/2414
f 2796/4956/2459 2803/4914/2425 2798/4913/2424 2793/4957/2460
f 2762/4958/2461 2755/4959/2462 2793/4960/2462 2798/4961/2461
f 2818/4962/2463 2821/4963/2464 2827/4964/2465 2824/4965/2466
f 2811/4896/2409 2802/4966/2467 2800/4967/2468 2808/4897/2410
f 2815/4968/2469 2817/4895/2408 2823/4945/2450 2821/4963/2464
f 2821/4963/2464 2823/4945/2450 2828/4969/2470 2827/4964/2465
f 2774/4970/2471 2780/4971/2472 2816/4972/2472 2810/4973/2471
f 2753/4974/2473 2791/4975/2473 2795/4976/2474 2757/4977/2475
f 2789/4978/2476 2790/4979/2477 2826/4980/2478 2825/4981/2479
f 2782/4934/2441 2788/4943/2448 2790/4982/2480 2784/4938/2444
f 2759/4983/2481 2797/4984/2481 2791/4985/2482 2753/4986/2482
f 2804/4915/2426 2803/4914/2425 2800/4967/2468 2802/4966/2467
f 2780/4971/2472 2786/4987/2483 2822/4988/2483 2816/4972/2472
f 2773/4989/2484 2812/4990/2484 2818/4991/2472 2779/4992/2472
f 2787/4993/2485 2827/4994/2485 2828/4995/2486 2788/4996/2487
f 2767/4997/2488 2806/4998/2488 2812/4990/2484 2773/4989/2484
f 2799/4999/2489 2807/5000/2490 2808/4897/2410 2800/4967/2468
f 2758/5001/2491 2756/5002/2492 2794/5003/2492 2796/5004/2493
f 2759/4983/2481 2762/4958/2461 2798/4961/2461 2797/4984/2481
f 2779/4992/2472 2818/4991/2472 2824/5005/2483 2785/5006/2483
f 2786/5007/2494 2789/4978/2476 2825/4981/2479 2822/5008/2494
f 2770/4919/2430 2772/4941/2446 2764/4904/2417 2761/4903/2416
f 2770/4919/2430 2776/4935/2442 2778/4937/2443 2772/4941/2446
f 2805/5009/2495 2810/5010/2496 2813/5011/2497 2807/5000/2490
f 2792/4954/2457 2801/4953/2456 2809/5012/2498 2806/5013/2499
f 2816/5014/2500 2822/5015/2501 2825/5016/2502 2819/5017/2503
f 2819/5017/2503 2825/5016/2502 2826/5018/2504 2820/4944/2449
f 2801/4953/2456 2802/4966/2467 2811/4896/2409 2809/5012/2498
f 2801/4953/2456 2795/4952/2455 2804/4915/2426 2802/4966/2467
f 2757/4977/2475 2795/4976/2474 2792/5019/2492 2754/5020/2492
f 2768/5021/2505 2774/4970/2471 2810/4973/2471 2805/5022/2505
f 2754/5020/2492 2792/5019/2492 2806/4998/2488 2767/4997/2488
f 2799/4999/2489 2800/4967/2468 2803/4914/2425 2796/4956/2459
f 2785/5023/2506 2824/5024/2506 2827/4994/2485 2787/4993/2485
f 2828/4995/2486 2826/4980/2478 2790/4979/2477 2788/4996/2487
f 2776/4935/2442 2782/4934/2441 2784/4938/2444 2778/4937/2443
f 2812/5025/2507 2815/4968/2469 2821/4963/2464 2818/4962/2463
f 2809/5012/2498 2811/4896/2409 2817/4895/2408 2815/4968/2469
f 2806/5013/2499 2809/5012/2498 2815/4968/2469 2812/5025/2507
f 2807/5000/2490 2813/5011/2497 2814/4898/2411 2808/4897/2410
f 2756/5002/2492 2768/5021/2505 2805/5022/2505 2794/5003/2492
f 2794/5026/2508 2805/5009/2495 2807/5000/2490 2799/4999/2489
f 2755/5027/2509 2758/5001/2491 2796/5004/2493 2793/5028/2509
f 2813/5011/2497 2819/5017/2503 2820/4944/2449 2814/4898/2411
f 2758/5029/2422 2763/4925/2421 2756/4924/2434
f 2810/5010/2496 2816/5014/2500 2819/5017/2503 2813/5011/2497
f 2796/4956/2459 2794/5026/2508 2799/4999/2489
f 2783/4939/2445 2784/4938/2444 2790/4982/2480 2789/5030/2453
f 2763/4910/2421 2764/4904/2417 2772/4941/2446 2771/4940/2435
f 2774/4929/2438 2777/4928/2437 2783/4949/2445 2780/4948/2452
f 2820/4944/2449 2826/5018/2504 2828/4969/2470 2823/4945/2450
f 2834/5031/2510 2836/5032/2510 2832/5033/2511 2830/5034/2511
f 2836/5032/2510 2834/5031/2510 2835/5035/2512 2838/5036/2512
f 2838/5036/2512 2835/5035/2512 2833/5037/2513 2837/5038/2513
f 2829/5039/2514 2831/5040/2514 2837/5038/2513 2833/5037/2513
f 2844/5041/2515 2840/5042/2516 2842/5043/2516 2846/5044/2515
f 2846/5044/2515 2848/5045/2517 2845/5046/2517 2844/5041/2515
f 2848/5045/2517 2847/5047/2518 2843/5048/2518 2845/5046/2517
f 2839/5049/2519 2843/5048/2518 2847/5047/2518 2841/5050/2519
f 2831/5051/2520 2829/5052/2520 2839/5053/2520 2841/5054/2520
f 2830/5055/2521 2832/5056/2521 2842/5057/2521 2840/5058/2521
f 2836/5059/9 2838/5060/9 2848/5061/9 2846/5062/9
f 2835/5063/18 2834/5064/18 2844/5065/18 2845/5066/18
f 2838/5060/9 2837/5067/9 2847/5068/9 2848/5061/9
f 2833/5069/18 2835/5063/18 2845/5066/18 2843/5070/18
f 2829/5071/18 2833/5069/18 2843/5070/18 2839/5072/18
f 2837/5067/9 2831/5073/9 2841/5074/9 2847/5068/9
f 2834/5064/18 2830/5075/18 2840/5076/18 2844/5065/18
f 2832/5077/9 2836/5059/9 2846/5062/9 2842/5078/9
f 2865/5079/2522 2870/5080/2523 2928/5081/2523 2924/5082/2522
f 2874/5083/10 2877/5084/10 2904/5085/10 2900/5086/10
f 2878/5087/2524 2918/5088/2524 2925/5089/2525 2869/5090/2525
f 2862/5091/2522 2857/5092/2523 2932/5093/2523 2936/5094/2522
f 2916/5095/2526 2920/5096/2527 2877/5097/2527 2874/5098/2526
f 2873/5099/2528 2913/5100/2528 2914/5101/2529 2875/5102/2529
f 2875/5102/2529 2914/5101/2529 2915/5103/2530 2876/5104/2530
f 2876/5104/2530 2915/5103/2530 2916/5095/2526 2874/5098/2526
f 2918/5088/2524 2878/5087/2524 2880/5105/2531 2917/5106/2531
f 2917/5106/2531 2880/5105/2531 2879/5107/2532 2919/5108/2532
f 2919/5109/2532 2879/5110/2532 2877/5097/2527 2920/5096/2527
f 2922/5111/2533 2866/5112/2533 2868/5113/2534 2921/5114/2534
f 2921/5114/2534 2868/5113/2534 2867/5115/2535 2923/5116/2535
f 2923/5116/2535 2867/5115/2535 2865/5079/2522 2924/5082/2522
f 2869/5090/2525 2925/5089/2525 2926/5117/2536 2871/5118/2536
f 2871/5118/2536 2926/5117/2536 2927/5119/2537 2872/5120/2537
f 2872/5120/2537 2927/5119/2537 2928/5081/2523 2870/5080/2523
f 2913/5100/2528 2873/5099/2528 2866/5121/2533 2922/5122/2533
f 2878/5123/10 2869/5124/10 2910/5125/10 2901/5126/10
f 2870/5127/10 2865/5128/10 2908/5129/10 2912/5130/10
f 2877/5084/10 2879/5131/10 2903/5132/10 2904/5085/10
f 2875/5133/10 2876/5134/10 2899/5135/10 2897/5136/10
f 2869/5124/10 2871/5137/10 2909/5138/10 2910/5125/10
f 2879/5131/10 2880/5139/10 2902/5140/10 2903/5132/10
f 2865/5128/10 2867/5141/10 2907/5142/10 2908/5129/10
f 2866/5143/10 2873/5144/10 2898/5145/10 2905/5146/10
f 2873/5144/10 2875/5147/10 2897/5148/10 2898/5145/10
f 2901/5149/2538 2910/5150/2539 2960/5151/2539 2957/5152/2538
f 2900/5153/2540 2904/5154/2541 2953/5155/2541 2959/5156/2540
f 2907/5157/2542 2906/5158/2543 2951/5159/2543 2948/5160/2542
f 2904/5154/2541 2903/5161/2544 2952/5162/2544 2953/5155/2541
f 2897/5163/2545 2899/5164/2546 2958/5165/2546 2955/5166/2545
f 2905/5167/2547 2898/5168/2548 2956/5169/2548 2950/5170/2547
f 2909/5171/2549 2911/5172/2550 2946/5173/2550 2947/5174/2549
f 2902/5175/2551 2901/5149/2538 2957/5152/2538 2954/5176/2551
f 2908/5177/2552 2907/5157/2542 2948/5160/2542 2949/5178/2552
f 2899/5164/2546 2900/5153/2540 2959/5156/2540 2958/5165/2546
f 2906/5158/2543 2905/5179/2547 2950/5180/2547 2951/5159/2543
f 2898/5168/2548 2897/5163/2545 2955/5166/2545 2956/5169/2548
f 2911/5172/2550 2912/5181/2553 2945/5182/2553 2946/5173/2550
f 2903/5161/2544 2902/5183/2551 2954/5184/2551 2952/5162/2544
f 2910/5150/2539 2909/5171/2549 2947/5174/2549 2960/5151/2539
f 2912/5181/2553 2908/5177/2552 2949/5178/2552 2945/5182/2553
f 2876/5134/10 2874/5083/10 2900/5086/10 2899/5135/10
f 2871/5185/10 2872/5186/10 2911/5187/10 2909/5188/10
f 2868/5189/10 2866/5143/10 2905/5146/10 2906/5190/10
f 2872/5186/10 2870/5127/10 2912/5130/10 2911/5187/10
f 2867/5191/10 2868/5189/10 2906/5190/10 2907/5192/10
f 2880/5193/10 2878/5123/10 2901/5126/10 2902/5194/10
f 2858/5195/10 2860/5196/10 2914/5197/10 2913/5198/10
f 2860/5199/10 2859/5200/10 2915/5201/10 2914/5202/10
f 2859/5200/10 2857/5203/10 2916/5204/10 2915/5201/10
f 2863/5205/10 2861/5206/10 2918/5207/10 2917/5208/10
f 2864/5209/10 2863/5205/10 2917/5208/10 2919/5210/10
f 2862/5211/10 2864/5209/10 2919/5210/10 2920/5212/10
f 2851/5213/10 2849/5214/10 2922/5215/10 2921/5216/10
f 2852/5217/10 2851/5213/10 2921/5216/10 2923/5218/10
f 2850/5219/10 2852/5217/10 2923/5218/10 2924/5220/10
f 2854/5221/10 2856/5222/10 2926/5223/10 2925/5224/10
f 2856/5222/10 2855/5225/10 2927/5226/10 2926/5223/10
f 2855/5225/10 2853/5227/10 2928/5228/10 2927/5226/10
f 2849/5229/10 2858/5195/10 2913/5198/10 2922/5230/10
f 2853/5227/10 2850/5219/10 2924/5220/10 2928/5228/10
f 2861/5231/10 2854/5232/10 2925/5233/10 2918/5234/10
f 2857/5203/10 2862/5211/10 2920/5212/10 2916/5204/10
f 2852/5235/2532 2850/5236/2527 2940/5237/2527 2939/5238/2532
f 2859/5239/2537 2860/5240/2536 2930/5241/2536 2931/5242/2537
f 2856/5243/2529 2854/5244/2528 2941/5245/2528 2942/5246/2529
f 2857/5092/2523 2859/5247/2537 2931/5248/2537 2932/5093/2523
f 2855/5249/2530 2856/5250/2529 2942/5251/2529 2943/5252/2530
f 2861/5253/2533 2863/5254/2534 2933/5255/2534 2934/5256/2533
f 2853/5257/2526 2855/5249/2530 2943/5252/2530 2944/5258/2526
f 2863/5254/2534 2864/5259/2535 2935/5260/2535 2933/5255/2534
f 2858/5261/2525 2849/5262/2524 2938/5263/2524 2929/5264/2525
f 2864/5259/2535 2862/5091/2522 2936/5094/2522 2935/5260/2535
f 2850/5236/2527 2853/5257/2526 2944/5258/2526 2940/5237/2527
f 2849/5262/2524 2851/5265/2531 2937/5266/2531 2938/5263/2524
f 2854/5244/2528 2861/5253/2533 2934/5256/2533 2941/5245/2528
f 2851/5265/2531 2852/5235/2532 2939/5238/2532 2937/5266/2531
f 2860/5240/2536 2858/5261/2525 2929/5264/2525 2930/5241/2536
f 2881/5267/44 2882/5268/44 2946/5269/44 2945/5270/44
f 2882/5268/44 2883/5271/44 2947/5272/44 2946/5269/44
f 2884/5273/44 2885/5274/44 2949/5275/44 2948/5276/44
f 2886/5277/44 2887/5278/44 2951/5279/44 2950/5280/44
f 2888/5281/44 2889/5282/44 2953/5283/44 2952/5284/44
f 2890/5285/44 2888/5281/44 2952/5284/44 2954/5286/44
f 2891/5287/44 2892/5288/44 2956/5289/44 2955/5290/44
f 2893/5291/44 2890/5285/44 2954/5286/44 2957/5292/44
f 2894/5293/44 2891/5287/44 2955/5290/44 2958/5294/44
f 2895/5295/44 2894/5293/44 2958/5294/44 2959/5296/44
f 2883/5271/44 2896/5297/44 2960/5298/44 2947/5272/44
f 2887/5278/44 2884/5273/44 2948/5276/44 2951/5279/44
f 2892/5288/44 2886/5277/44 2950/5280/44 2956/5289/44
f 2885/5274/44 2881/5267/44 2945/5270/44 2949/5275/44
f 2896/5297/44 2893/5291/44 2957/5292/44 2960/5298/44
f 2889/5282/44 2895/5295/44 2959/5296/44 2953/5283/44
f 2893/5291/2554 2961/5299/2555 2888/5281/2556 2890/5285/2557
f 2961/5299/2555 2964/5300/2558 2889/5282/2559 2888/5281/2556
f 2964/5300/2558 2967/5301/2560 2895/5295/2561 2889/5282/2559
f 2967/5301/2560 2891/5287/2562 2894/5293/2563 2895/5295/2561
f 2896/5297/2564 2962/5302/2565 2961/5299/2555 2893/5291/2554
f 2962/5302/2565 2965/5303/44 2964/5300/2558 2961/5299/2555
f 2965/5303/44 2968/5304/2566 2967/5301/2560 2964/5300/2558
f 2968/5304/2566 2892/5288/2567 2891/5287/2562 2967/5301/2560
f 2883/5271/2568 2963/5305/2569 2962/5302/2565 2896/5297/2564
f 2963/5305/2569 2966/5306/2570 2965/5303/44 2962/5302/2565
f 2966/5306/2570 2969/5307/2571 2968/5304/2566 2965/5303/44
f 2969/5307/2571 2886/5277/2572 2892/5288/2567 2968/5304/2566
f 2882/5268/2573 2881/5267/2574 2963/5305/2569 2883/5271/2568
f 2881/5267/2574 2885/5274/2575 2966/5306/2570 2963/5305/2569
f 2885/5274/2575 2884/5273/2576 2969/5307/2571 2966/5306/2570
f 2884/5273/2576 2887/5278/2577 2886/5277/2572 2969/5307/2571
f 2929/5308/10 2938/5309/10 2940/5310/10
f 2938/5309/10 2937/5311/10 2940/5310/10
f 2937/5311/10 2939/5312/10 2940/5310/10
f 2940/5310/10 2944/5313/10 2941/5314/10
f 2944/5313/10 2943/5315/10 2941/5314/10
f 2943/5315/10 2942/5316/10 2941/5314/10
f 2941/5314/10 2934/5317/10 2936/5318/10
f 2934/5317/10 2933/5319/10 2936/5318/10
f 2933/5319/10 2935/5320/10 2936/5318/10
f 2936/5318/10 2932/5321/10 2929/5308/10
f 2932/5321/10 2931/5322/10 2929/5308/10
f 2931/5322/10 2930/5323/10 2929/5308/10
f 2941/5314/10 2936/5318/10 2929/5308/10 2940/5310/10
f 2992/5324/10 2995/5325/10 2973/5326/10 2972/5327/10
f 2974/5328/2578 2978/5329/2578 2971/5330/17 2970/5331/17
f 2972/5332/41 2973/5333/41 2988/5334/2579 2982/5335/2579
f 2987/5336/44 2983/5337/44 2986/5338/2580 2989/5339/2580
f 2989/5339/2580 2986/5338/2580 2985/5340/38 2990/5341/38
f 2990/5341/38 2985/5340/38 2984/5342/2581 2991/5343/2581
f 2991/5343/2581 2984/5342/2581 2982/5335/2579 2988/5334/2579
f 2978/5329/2578 2974/5328/2578 2977/5344/2582 2979/5345/2582
f 2979/5345/2582 2977/5344/2582 2976/5346/34 2980/5347/34
f 2980/5347/34 2976/5346/34 2975/5348/2583 2981/5349/2583
f 2981/5349/2583 2975/5348/2583 2983/5337/44 2987/5336/44
f 2984/5350/18 2986/5351/18 2975/5352/18
f 2980/5353/9 2981/5354/9 2989/5355/9
f 2993/5356/41 2994/5357/41 3000/5358/2584 3002/5359/2584
f 2970/5360/10 2971/5361/10 2994/5357/10 2993/5356/10
f 3003/5362/2585 2999/5363/2585 2997/5364/2586 3005/5365/2586
f 2999/5363/2585 3003/5362/2585 3004/5366/49 3001/5367/49
f 3001/5367/49 3004/5366/49 3002/5359/2584 3000/5358/2584
f 2996/5368/2587 3006/5369/2587 3007/5370/13 2998/5371/13
f 2998/5371/13 3007/5370/13 3005/5365/2586 2997/5364/2586
f 2995/5325/17 2992/5324/17 3006/5369/2587 2996/5368/2587
f 3030/5372/10 3010/5373/10 3011/5374/10 3033/5375/10
f 3012/5376/2578 3008/5377/17 3009/5378/17 3016/5379/2578
f 3035/5380/18 3036/5381/18 3026/5382/18
f 3010/5383/41 3020/5384/2579 3026/5385/2579 3011/5386/41
f 3025/5387/44 3027/5388/2580 3024/5389/2580 3021/5390/44
f 3027/5388/2580 3028/5391/38 3023/5392/38 3024/5389/2580
f 3028/5391/38 3029/5393/2581 3022/5394/2581 3023/5392/38
f 3029/5393/2581 3026/5385/2579 3020/5384/2579 3022/5394/2581
f 3016/5379/2578 3017/5395/2582 3015/5396/2582 3012/5376/2578
f 3017/5395/2582 3018/5397/34 3014/5398/34 3015/5396/2582
f 3018/5397/34 3019/5399/2583 3013/5400/2583 3014/5398/34
f 3019/5399/2583 3025/5387/44 3021/5390/44 3013/5400/2583
f 3012/5401/9 3014/5402/9 3021/5403/9
f 3028/5404/18 3027/5405/18 3019/5406/18
f 3041/5407/9 3042/5408/9 3012/5401/9
f 3031/5409/41 3040/5410/2584 3038/5411/2588 3032/5412/41
f 3008/5413/10 3031/5409/10 3032/5412/10 3009/5414/10
f 3041/5415/2585 3043/5416/2586 3035/5417/2586 3037/5418/2585
f 3037/5418/2585 3039/5419/15 3042/5420/49 3041/5415/2585
f 3039/5419/15 3038/5411/2588 3040/5410/2584 3042/5420/49
f 3034/5421/2587 3036/5422/13 3045/5423/13 3044/5424/2587
f 3036/5422/13 3035/5417/2586 3043/5416/2586 3045/5423/13
f 3033/5375/17 3034/5421/2587 3044/5424/2587 3030/5372/17
f 2971/5425/9 2978/5426/9 3001/5427/9
f 3037/5428/18 3035/5380/18 3026/5382/18 3016/5429/18
f 3001/5427/9 2978/5426/9 2999/5430/2589
f 2988/5431/9 2973/5432/9 2998/5433/9
f 2973/5432/9 2995/5434/9 2996/5435/9
f 2973/5432/9 2996/5435/9 2998/5433/9
f 3000/5436/302 2994/5437/9 2971/5425/9
f 3001/5427/9 3000/5436/302 2971/5425/9
f 2988/5431/9 2998/5433/9 2997/5438/9
f 2988/5431/9 2997/5438/9 2999/5430/2589 2978/5426/9
f 2984/5350/18 2985/5439/18 2986/5351/18
f 2986/5351/18 2983/5440/18 2975/5352/18
f 2975/5352/18 2976/5441/18 2984/5350/18
f 2976/5441/18 2977/5442/18 2984/5350/18
f 2981/5354/9 2987/5443/9 2989/5355/9
f 2989/5355/9 2990/5444/302 2991/5445/9
f 2991/5445/9 2988/5431/9 2989/5355/9
f 3026/5382/18 3029/5446/18 3019/5406/18 3016/5429/18
f 2979/5447/9 2980/5353/9 2989/5355/9
f 2972/5448/18 2982/5449/18 3007/5450/18
f 3043/5451/9 3041/5407/9 3012/5401/9 3020/5452/9
f 3007/5450/18 2982/5449/18 3005/5453/18
f 2974/5454/18 2970/5455/18 3004/5456/18
f 2970/5455/18 2993/5457/18 3002/5458/18
f 2970/5455/18 3002/5458/18 3004/5456/18
f 3006/5459/2590 2992/5460/18 2972/5448/18
f 3007/5450/18 3006/5459/2590 2972/5448/18
f 2974/5454/18 3004/5456/18 3003/5461/18
f 2974/5454/18 3003/5461/18 3005/5453/18 2982/5449/18
f 3016/5429/18 3009/5462/18 3039/5463/18
f 3009/5462/18 3032/5464/18 3038/5465/2591
f 3009/5462/18 3038/5465/2591 3039/5463/18
f 3033/5466/18 3011/5467/18 3034/5468/18
f 3011/5467/18 3026/5382/18 3036/5381/18
f 3034/5468/18 3011/5467/18 3036/5381/18
f 3016/5429/18 3039/5463/18 3037/5428/18
f 3022/5469/9 3020/5452/9 3012/5401/9
f 3012/5401/9 3015/5470/302 3014/5402/9
f 3014/5402/9 3013/5471/9 3021/5403/9
f 3021/5403/9 3024/5472/2592 3023/5473/9
f 3023/5473/9 3022/5469/9 3021/5403/9
f 3022/5469/9 3012/5401/9 3021/5403/9
f 3027/5405/18 3025/5474/18 3019/5406/18
f 3019/5406/18 3018/5475/2593 3017/5476/18
f 3017/5476/18 3016/5429/18 3019/5406/18
f 3029/5446/18 3028/5404/18 3019/5406/18
f 2978/5426/9 2979/5447/9 2989/5355/9 2988/5431/9
f 3020/5452/9 3010/5477/9 3045/5478/9
f 3010/5477/9 3030/5479/9 3044/5480/302
f 3010/5477/9 3044/5480/302 3045/5478/9
f 3031/5481/9 3008/5482/9 3040/5483/305
f 3008/5482/9 3012/5401/9 3042/5408/9
f 3040/5483/305 3008/5482/9 3042/5408/9
f 3020/5452/9 3045/5478/9 3043/5451/9
f 2977/5442/18 2974/5454/18 2982/5449/18 2984/5350/18
f 3068/5484/10 3071/5485/10 3049/5486/10 3048/5487/10
f 3050/5488/2594 3054/5489/2594 3047/5490/18 3046/5491/18
f 3048/5492/9 3049/5493/9 3064/5494/2595 3058/5495/2595
f 3063/5496/44 3059/5497/44 3062/5498/2596 3065/5499/2596
f 3065/5499/2596 3062/5498/2596 3061/5500/2597 3066/5501/2597
f 3066/5501/2597 3061/5500/2597 3060/5502/2598 3067/5503/2598
f 3067/5503/2598 3060/5502/2598 3058/5495/2595 3064/5494/2595
f 3054/5489/2594 3050/5488/2594 3053/5504/2599 3055/5505/2599
f 3055/5505/2599 3053/5504/2599 3052/5506/2600 3056/5507/2600
f 3056/5507/2600 3052/5506/2600 3051/5508/2601 3057/5509/2601
f 3057/5509/2601 3051/5508/2601 3059/5497/44 3063/5496/44
f 3060/5510/41 3062/5511/41 3051/5512/41
f 3056/5513/17 3057/5514/17 3065/5515/17
f 3069/5516/9 3070/5517/9 3076/5518/2602 3078/5519/2602
f 3046/5520/10 3047/5521/10 3070/5517/10 3069/5516/10
f 3079/5522/2603 3075/5523/2603 3073/5524/2604 3081/5525/2604
f 3075/5523/2603 3079/5522/2603 3080/5526/2605 3077/5527/2605
f 3077/5527/2605 3080/5526/2605 3078/5519/2602 3076/5518/2602
f 3072/5528/2606 3082/5529/2606 3083/5530/2607 3074/5531/2607
f 3074/5531/2607 3083/5530/2607 3081/5525/2604 3073/5524/2604
f 3071/5485/18 3068/5484/18 3082/5529/2606 3072/5528/2606
f 3106/5532/10 3086/5533/10 3087/5534/10 3109/5535/10
f 3088/5536/2594 3084/5537/18 3085/5538/18 3092/5539/2594
f 3111/5540/41 3112/5541/41 3102/5542/41
f 3086/5543/9 3096/5544/2595 3102/5545/2595 3087/5546/9
f 3101/5547/44 3103/5548/2596 3100/5549/2596 3097/5550/44
f 3103/5548/2596 3104/5551/2597 3099/5552/2597 3100/5549/2596
f 3104/5551/2597 3105/5553/2598 3098/5554/2598 3099/5552/2597
f 3105/5553/2598 3102/5545/2595 3096/5544/2595 3098/5554/2598
f 3092/5539/2594 3093/5555/2599 3091/5556/2599 3088/5536/2594
f 3093/5555/2599 3094/5557/2600 3090/5558/2600 3091/5556/2599
f 3094/5557/2600 3095/5559/2601 3089/5560/2601 3090/5558/2600
f 3095/5559/2601 3101/5547/44 3097/5550/44 3089/5560/2601
f 3098/5561/17 3088/5562/17 3097/5563/17
f 3117/5564/17 3118/5565/17 3088/5562/17
f 3107/5566/9 3116/5567/2602 3114/5568/2602 3108/5569/9
f 3084/5570/10 3107/5566/10 3108/5569/10 3085/5571/10
f 3117/5572/2603 3119/5573/2604 3111/5574/2604 3113/5575/2603
f 3113/5575/2603 3115/5576/2605 3118/5577/2605 3117/5572/2603
f 3115/5576/2605 3114/5568/2602 3116/5567/2602 3118/5577/2605
f 3110/5578/2606 3112/5579/2607 3121/5580/2607 3120/5581/2606
f 3112/5579/2607 3111/5574/2604 3119/5573/2604 3121/5580/2607
f 3109/5535/18 3110/5578/2606 3120/5581/2606 3106/5532/18
f 3047/5582/17 3054/5583/17 3077/5584/17
f 3050/5585/41 3079/5586/41 3081/5587/41 3058/5588/41
f 3077/5584/17 3054/5583/17 3075/5589/17
f 3064/5590/17 3049/5591/17 3074/5592/17
f 3049/5591/17 3071/5593/17 3072/5594/17
f 3049/5591/17 3072/5594/17 3074/5592/17
f 3076/5595/17 3070/5596/17 3047/5582/17
f 3077/5584/17 3076/5595/17 3047/5582/17
f 3064/5590/17 3074/5592/17 3073/5597/17
f 3064/5590/17 3073/5597/17 3075/5589/17 3054/5583/17
f 3060/5510/41 3061/5598/41 3062/5511/41
f 3062/5511/41 3059/5599/41 3051/5512/41
f 3051/5512/41 3052/5600/41 3060/5510/41
f 3052/5600/41 3053/5601/41 3060/5510/41
f 3057/5514/17 3063/5602/17 3065/5515/17
f 3065/5515/17 3066/5603/17 3067/5604/17
f 3067/5604/17 3064/5590/17 3065/5515/17
f 3095/5605/41 3093/5606/41 3102/5542/41 3105/5607/41
f 3055/5608/17 3056/5513/17 3065/5515/17
f 3048/5609/41 3058/5588/41 3083/5610/41
f 3113/5611/41 3111/5540/41 3102/5542/41 3092/5612/41
f 3083/5610/41 3058/5588/41 3081/5587/41
f 3050/5585/41 3046/5613/41 3080/5614/41
f 3046/5613/41 3069/5615/41 3078/5616/41
f 3046/5613/41 3078/5616/41 3080/5614/41
f 3082/5617/41 3068/5618/41 3048/5609/41
f 3083/5610/41 3082/5617/41 3048/5609/41
f 3050/5585/41 3080/5614/41 3079/5586/41
f 3119/5619/17 3117/5564/17 3088/5562/17 3096/5620/17
f 3092/5612/41 3085/5621/41 3115/5622/41
f 3085/5621/41 3108/5623/41 3114/5624/41
f 3085/5621/41 3114/5624/41 3115/5622/41
f 3109/5625/41 3087/5626/41 3110/5627/41
f 3087/5626/41 3102/5542/41 3112/5541/41
f 3110/5627/41 3087/5626/41 3112/5541/41
f 3092/5612/41 3115/5622/41 3113/5611/41
f 3098/5561/17 3096/5620/17 3088/5562/17
f 3088/5562/17 3091/5628/17 3090/5629/17
f 3090/5629/17 3089/5630/17 3088/5562/17
f 3089/5630/17 3097/5563/17 3088/5562/17
f 3097/5563/17 3100/5631/17 3099/5632/17
f 3099/5632/17 3098/5561/17 3097/5563/17
f 3103/5633/41 3101/5634/2608 3095/5605/41
f 3095/5605/41 3094/5635/41 3093/5606/41
f 3093/5606/41 3092/5612/41 3102/5542/41
f 3105/5607/41 3104/5636/41 3095/5605/41
f 3104/5636/41 3103/5633/41 3095/5605/41
f 3054/5583/17 3055/5608/17 3065/5515/17 3064/5590/17
f 3096/5620/17 3086/5637/17 3121/5638/17
f 3086/5637/17 3106/5639/17 3120/5640/17
f 3086/5637/17 3120/5640/17 3121/5638/17
f 3107/5641/17 3084/5642/17 3116/5643/17
f 3084/5642/17 3088/5562/17 3118/5565/17
f 3116/5643/17 3084/5642/17 3118/5565/17
f 3096/5620/17 3121/5638/17 3119/5619/17
f 3053/5601/41 3050/5585/41 3058/5588/41 3060/5510/41
f 3131/5644/2609 3133/5645/2610 3151/5646/2610 3149/5647/2609
f 3148/5648/2611 3165/5649/2611 3169/5650/2612 3150/5651/2612
f 3167/5652/2613 3166/5653/2614 3126/5654/2615 3128/5655/2615
f 3133/5645/2610 3123/5656/2616 3143/5657/2616 3151/5646/2610
f 3127/5658/18 3125/5659/18 3170/5660/18 3172/5661/18
f 3168/5662/2617 3167/5652/2617 3128/5655/2618 3130/5663/2618
f 3169/5650/2619 3168/5662/2619 3130/5663/2620 3132/5664/2620
f 3165/5649/2621 3164/5665/2621 3168/5662/2619 3169/5650/2619
f 3135/5666/44 3181/5667/2622 3192/5668/2622 3183/5669/44
f 3133/5670/9 3131/5671/9 3174/5672/9 3175/5673/9
f 3125/5659/2623 3123/5674/2623 3171/5675/2623 3170/5660/2623
f 3129/5676/2624 3127/5658/2624 3172/5661/2624 3173/5677/2624
f 3123/5674/2625 3133/5670/2625 3175/5673/2625 3171/5675/2625
f 3131/5671/2626 3129/5678/2626 3173/5679/2626 3174/5672/2626
f 3126/5654/2627 3143/5680/2627 3142/5681/2628 3124/5682/2628
f 3124/5682/2628 3142/5681/2628 3145/5683/2629 3154/5684/2629
f 3154/5684/2629 3145/5683/2629 3147/5685/2630 3158/5686/2630
f 3158/5687/2630 3147/5688/2630 3149/5689/2631 3162/5690/2631
f 3162/5690/2631 3149/5689/2631 3151/5691/2632 3166/5653/2632
f 3166/5653/2632 3151/5691/2632 3143/5680/2627 3126/5654/2627
f 3150/5651/2612 3169/5650/2612 3132/5664/2633 3140/5692/2633
f 3129/5693/2634 3131/5644/2609 3149/5647/2609 3147/5694/2634
f 3123/5656/2616 3125/5695/2635 3142/5696/2635 3143/5657/2616
f 3127/5697/2636 3129/5698/2634 3147/5699/2634 3145/5700/2636
f 3125/5695/2635 3127/5697/2636 3145/5700/2636 3142/5696/2635
f 3164/5665/2637 3163/5701/2637 3167/5652/2617 3168/5662/2617
f 3163/5701/2638 3162/5690/2638 3166/5653/2614 3167/5652/2613
f 3146/5702/2639 3161/5703/2639 3165/5649/2611 3148/5648/2611
f 3161/5703/2640 3160/5704/2640 3164/5665/2621 3165/5649/2621
f 3160/5704/2641 3159/5705/2641 3163/5701/2637 3164/5665/2637
f 3159/5705/2642 3158/5687/2642 3162/5690/2638 3163/5701/2638
f 3144/5706/2643 3157/5707/2643 3161/5708/2639 3146/5709/2639
f 3157/5707/2644 3156/5710/2644 3160/5711/2640 3161/5708/2640
f 3156/5710/2645 3155/5712/2645 3159/5713/2641 3160/5711/2641
f 3155/5712/2646 3154/5684/2646 3158/5686/2642 3159/5713/2642
f 3141/5714/2647 3153/5715/2648 3157/5707/2643 3144/5706/2643
f 3153/5715/2649 3152/5716/2649 3156/5710/2644 3157/5707/2644
f 3152/5716/2650 3122/5717/2650 3155/5712/2645 3156/5710/2645
f 3122/5717/2651 3124/5682/2652 3154/5684/2646 3155/5712/2646
f 3140/5692/2633 3132/5664/2633 3153/5715/2648 3141/5714/2647
f 3132/5664/2620 3130/5663/2620 3152/5716/2649 3153/5715/2649
f 3130/5663/2618 3128/5655/2618 3122/5717/2650 3152/5716/2650
f 3128/5655/2615 3126/5654/2615 3124/5682/2652 3122/5717/2651
f 3176/5718/41 3170/5719/41 3171/5720/41
f 3177/5721/41 3172/5722/41 3170/5719/41
f 3178/5723/41 3173/5724/41 3172/5722/41
f 3179/5725/41 3174/5726/41 3173/5724/41
f 3180/5727/41 3175/5728/41 3174/5726/41
f 3181/5729/41 3171/5720/41 3175/5728/41
f 3176/5730/2626 3135/5731/44 3183/5732/44 3182/5733/2626
f 3137/5734/10 3178/5735/2625 3186/5736/2625 3189/5737/10
f 3180/5738/18 3138/5739/2653 3191/5740/2653 3190/5741/18
f 3177/5742/9 3134/5743/2654 3185/5744/2654 3184/5745/9
f 3138/5739/2653 3179/5746/2655 3188/5747/2655 3191/5740/2653
f 3181/5667/2622 3139/5748/2656 3193/5749/2656 3192/5668/2622
f 3134/5743/2654 3176/5730/2626 3182/5733/2626 3185/5744/2654
f 3178/5735/2625 3136/5750/2657 3187/5751/2657 3186/5736/2625
f 3139/5748/2656 3180/5738/18 3190/5741/18 3193/5749/2656
f 3136/5750/2657 3177/5742/9 3184/5745/9 3187/5751/2657
f 3179/5746/2655 3137/5734/10 3189/5737/10 3188/5747/2655
f 3203/5752/2658 3221/5753/2658 3223/5754/2659 3205/5755/2659
f 3220/5756/2660 3222/5757/2661 3241/5758/2661 3237/5759/2662
f 3239/5760/2663 3200/5761/2618 3198/5762/2618 3238/5763/2663
f 3205/5755/2659 3223/5754/2659 3215/5764/2664 3195/5765/2664
f 3199/5766/18 3244/5767/18 3242/5768/18 3197/5769/18
f 3240/5770/2613 3202/5771/2615 3200/5761/2615 3239/5760/2613
f 3241/5758/2632 3204/5772/2665 3202/5771/2665 3240/5770/2632
f 3237/5759/2631 3241/5758/2632 3240/5770/2632 3236/5773/2631
f 3207/5774/44 3255/5775/44 3264/5776/2622 3253/5777/2622
f 3205/5778/2589 3247/5779/2589 3246/5780/2589 3203/5781/2589
f 3197/5782/2623 3242/5783/2623 3243/5784/2623 3195/5785/2623
f 3201/5786/2622 3245/5787/2622 3244/5767/2622 3199/5766/2622
f 3195/5785/2625 3243/5784/2625 3247/5788/2625 3205/5789/2625
f 3203/5781/2626 3246/5780/2626 3245/5790/2626 3201/5791/2626
f 3198/5762/2620 3196/5792/2649 3214/5793/2649 3215/5794/2620
f 3196/5792/2649 3226/5795/2666 3217/5796/2666 3214/5793/2649
f 3226/5795/2666 3230/5797/2640 3219/5798/2640 3217/5796/2666
f 3230/5799/2640 3234/5800/2621 3221/5801/2621 3219/5802/2640
f 3234/5800/2621 3238/5763/2619 3223/5803/2619 3221/5801/2621
f 3238/5763/2619 3198/5762/2620 3215/5794/2620 3223/5803/2619
f 3222/5757/2661 3212/5804/2667 3204/5772/2667 3241/5758/2661
f 3201/5805/2668 3219/5806/2668 3221/5753/2658 3203/5752/2658
f 3195/5765/2664 3215/5764/2664 3214/5807/2669 3197/5808/2669
f 3199/5809/2670 3217/5810/2670 3219/5811/2668 3201/5812/2668
f 3197/5808/2669 3214/5807/2669 3217/5810/2670 3199/5809/2670
f 3236/5773/2638 3240/5770/2613 3239/5760/2613 3235/5813/2638
f 3235/5813/2671 3239/5760/2663 3238/5763/2663 3234/5800/2637
f 3218/5814/2672 3220/5756/2660 3237/5759/2662 3233/5815/2672
f 3233/5815/2630 3237/5759/2631 3236/5773/2631 3232/5816/2630
f 3232/5816/2642 3236/5773/2638 3235/5813/2638 3231/5817/2642
f 3231/5817/2673 3235/5813/2671 3234/5800/2637 3230/5799/2673
f 3216/5818/2674 3218/5819/2672 3233/5820/2672 3229/5821/2674
f 3229/5821/2629 3233/5820/2630 3232/5822/2630 3228/5823/2629
f 3228/5823/2646 3232/5822/2642 3231/5824/2642 3227/5825/2646
f 3227/5825/2675 3231/5824/2673 3230/5797/2673 3226/5795/2675
f 3213/5826/2676 3216/5818/2674 3229/5821/2674 3225/5827/2676
f 3225/5827/2677 3229/5821/2629 3228/5823/2629 3224/5828/2677
f 3224/5828/2651 3228/5823/2646 3227/5825/2646 3194/5829/2651
f 3194/5829/2678 3227/5825/2675 3226/5795/2675 3196/5792/2678
f 3212/5804/2667 3213/5826/2676 3225/5827/2676 3204/5772/2667
f 3204/5772/2665 3225/5827/2677 3224/5828/2677 3202/5771/2665
f 3202/5771/2615 3224/5828/2651 3194/5829/2651 3200/5761/2615
f 3200/5761/2618 3194/5829/2678 3196/5792/2678 3198/5762/2618
f 3242/5830/17 3206/5831/17 3248/5832/17
f 3244/5833/17 3208/5834/17 3249/5835/17
f 3245/5836/17 3209/5837/17 3250/5838/17
f 3246/5839/17 3210/5840/17 3251/5841/17
f 3247/5842/17 3211/5843/17 3252/5844/17
f 3243/5845/17 3207/5846/17 3253/5847/17
f 3248/5848/2626 3254/5849/2626 3255/5850/44 3207/5851/44
f 3209/5852/10 3261/5853/10 3258/5854/2625 3250/5855/2625
f 3252/5856/18 3262/5857/18 3263/5858/2653 3210/5859/2653
f 3249/5860/9 3256/5861/9 3257/5862/2654 3206/5863/2654
f 3210/5859/2653 3263/5858/2653 3260/5864/2655 3251/5865/2655
f 3253/5777/2622 3264/5776/2622 3265/5866/2656 3211/5867/2656
f 3206/5863/2654 3257/5862/2654 3254/5849/2626 3248/5848/2626
f 3250/5855/2625 3258/5854/2625 3259/5868/2657 3208/5869/2657
f 3211/5867/2656 3265/5866/2656 3262/5857/18 3252/5856/18
f 3208/5869/2657 3259/5868/2657 3256/5861/9 3249/5860/9
f 3251/5865/2655 3260/5864/2655 3261/5853/10 3209/5852/10
f 3150/5870/17 3140/5871/17 3141/5872/17
f 3141/5872/17 3144/5873/17 3146/5874/17
f 3264/5875/17 3254/5876/17 3258/5877/17 3262/5878/17
f 3171/5720/41 3135/5879/41 3176/5718/41
f 3176/5718/41 3134/5880/41 3170/5719/41
f 3170/5719/41 3134/5880/41 3177/5721/41
f 3177/5721/41 3136/5881/41 3172/5722/41
f 3172/5722/41 3136/5881/41 3178/5723/41
f 3178/5723/41 3137/5882/41 3173/5724/41
f 3173/5724/41 3137/5882/41 3179/5725/41
f 3179/5725/41 3138/5883/41 3174/5726/41
f 3174/5726/41 3138/5883/41 3180/5727/41
f 3180/5727/41 3139/5884/41 3175/5728/41
f 3175/5728/41 3139/5884/41 3181/5729/41
f 3181/5729/41 3135/5879/41 3171/5720/41
f 3184/5885/41 3185/5886/41 3182/5887/41
f 3182/5887/41 3183/5888/41 3192/5889/41
f 3192/5889/41 3193/5890/41 3188/5891/41
f 3193/5890/41 3190/5892/41 3188/5891/41
f 3190/5892/41 3191/5893/41 3188/5891/41
f 3188/5891/41 3189/5894/41 3186/5895/41
f 3186/5895/41 3187/5896/41 3184/5885/41
f 3184/5885/41 3182/5887/41 3192/5889/41
f 3141/5872/17 3146/5874/17 3148/5897/17 3150/5870/17
f 3222/5898/41 3220/5899/41 3218/5900/41
f 3218/5900/41 3216/5901/41 3213/5902/41
f 3248/5832/17 3207/5846/17 3243/5845/17
f 3243/5845/17 3242/5830/17 3248/5832/17
f 3249/5835/17 3206/5831/17 3242/5830/17
f 3242/5830/17 3244/5833/17 3249/5835/17
f 3250/5838/17 3208/5834/17 3244/5833/17
f 3244/5833/17 3245/5836/17 3250/5838/17
f 3251/5841/17 3209/5837/17 3245/5836/17
f 3245/5836/17 3246/5839/17 3251/5841/17
f 3252/5844/17 3210/5840/17 3246/5839/17
f 3246/5839/17 3247/5842/17 3252/5844/17
f 3253/5847/17 3211/5843/17 3247/5842/17
f 3247/5842/17 3243/5845/17 3253/5847/17
f 3254/5876/17 3257/5903/17 3258/5877/17
f 3257/5903/17 3256/5904/17 3258/5877/17
f 3256/5904/17 3259/5905/17 3258/5877/17
f 3258/5877/17 3261/5906/17 3260/5907/17
f 3260/5907/17 3263/5908/17 3262/5878/17
f 3262/5878/17 3265/5909/17 3264/5875/17
f 3264/5875/17 3255/5910/17 3254/5876/17
f 3258/5877/17 3260/5907/17 3262/5878/17
f 3192/5889/41 3188/5891/41 3186/5895/41 3184/5885/41
f 3222/5898/41 3218/5900/41 3213/5902/41 3212/5911/41
f 3397/5912/2679 3354/5913/2680 3291/5914/2681 3324/5915/2682
f 3354/5913/2680 3358/5916/2683 3303/5917/2684 3291/5914/2681
f 3291/5914/2681 3303/5917/2684 3359/5918/2685 3355/5919/2686
f 3324/5915/2682 3291/5914/2681 3355/5919/2686 3398/5920/2687
f 3398/5920/2687 3355/5919/2686 3296/5921/2688 3328/5922/2689
f 3355/5919/2686 3359/5918/2685 3306/5923/2690 3296/5921/2688
f 3296/5924/2688 3306/5925/2690 3360/5926/2691 3356/5927/2692
f 3328/5928/2689 3296/5924/2688 3356/5927/2692 3399/5929/2693
f 3399/5929/2693 3356/5927/2692 3298/5930/2694 3308/5931/2695
f 3356/5927/2692 3360/5926/2691 3307/5932/2696 3298/5930/2694
f 3283/5933/2697 3284/5934/2698 3362/5935/2699 3358/5916/2683
f 3282/5936/2700 3283/5933/2697 3358/5916/2683 3354/5913/2680
f 3285/5937/2701 3370/5938/2702 3366/5939/2703 3315/5940/2704
f 3396/5941/2705 3400/5942/2706 3322/5943/2707 3295/5944/2708
f 3298/5930/2694 3307/5932/2696 3361/5945/2709 3357/5946/2710
f 3308/5931/2695 3298/5930/2694 3357/5946/2710 3400/5942/2706
f 3358/5916/2683 3362/5935/2699 3309/5947/2711 3303/5917/2684
f 3303/5917/2684 3309/5947/2711 3363/5948/2712 3359/5918/2685
f 3359/5918/2685 3363/5948/2712 3311/5949/2713 3306/5923/2690
f 3306/5925/2690 3311/5950/2713 3364/5951/2714 3360/5926/2691
f 3360/5926/2691 3364/5951/2714 3313/5952/2715 3307/5932/2696
f 3284/5934/2698 3315/5940/2704 3366/5939/2703 3362/5935/2699
f 3377/5953/2716 3384/5954/2717 3290/5955/2718 3341/5956/2719
f 3307/5932/2696 3313/5952/2715 3365/5957/2720 3361/5945/2709
f 3362/5935/2699 3366/5939/2703 3316/5958/2721 3309/5947/2711
f 3309/5947/2711 3316/5958/2721 3367/5959/2722 3363/5948/2712
f 3363/5948/2712 3367/5959/2722 3318/5960/2723 3311/5949/2713
f 3311/5950/2713 3318/5961/2723 3368/5962/2724 3364/5951/2714
f 3364/5951/2714 3368/5962/2724 3320/5963/2725 3313/5952/2715
f 3400/5942/2706 3357/5946/2710 3282/5964/2700 3322/5943/2707
f 3310/5965/2726 3317/5966/2727 3386/5967/2728 3382/5968/2729
f 3313/5952/2715 3320/5963/2725 3369/5969/2730 3365/5957/2720
f 3366/5939/2703 3370/5938/2702 3325/5970/2731 3316/5958/2721
f 3316/5958/2721 3325/5970/2731 3371/5971/2732 3367/5959/2722
f 3367/5959/2722 3371/5971/2732 3329/5972/2733 3318/5960/2723
f 3318/5961/2723 3329/5973/2733 3372/5974/2734 3368/5962/2724
f 3368/5962/2724 3372/5974/2734 3300/5975/2735 3320/5963/2725
f 3285/5937/2701 3339/5976/2736 3376/5977/2737 3370/5938/2702
f 3388/5978/2738 3392/5979/2739 3294/5980/2740 3292/5981/2741
f 3300/5975/2735 3373/5982/2742 3369/5969/2730 3320/5963/2725
f 3370/5938/2702 3376/5977/2737 3340/5983/2743 3325/5970/2731
f 3325/5970/2731 3340/5983/2743 3378/5984/2744 3371/5971/2732
f 3371/5971/2732 3378/5984/2744 3345/5985/2745 3329/5972/2733
f 3329/5973/2733 3345/5986/2745 3379/5987/2746 3372/5974/2734
f 3372/5974/2734 3379/5987/2746 3338/5988/2747 3300/5975/2735
f 3290/5989/2718 3381/5990/2748 3374/5991/2749 3341/5992/2719
f 3361/5945/2709 3365/5957/2720 3284/5993/2698 3283/5994/2697
f 3300/5975/2735 3338/5988/2747 3402/5995/2750 3373/5982/2742
f 3269/5996/2751 3341/5997/2719 3374/5998/2749 3330/5999/2752
f 3374/5991/2749 3381/5990/2748 3310/5965/2726 3342/6000/2753
f 3310/5965/2726 3382/5968/2729 3380/6001/2754 3342/6000/2753
f 3330/5999/2752 3374/5998/2749 3342/6002/2753 3270/6003/2755
f 3272/6004/2756 3344/6005/2757 3375/6006/2758 3334/6007/2759
f 3375/6008/2758 3383/6009/2760 3314/6010/2761 3343/6011/2762
f 3290/5989/2718 3292/6012/2741 3385/6013/2763 3381/5990/2748
f 3334/6007/2759 3375/6006/2758 3343/6014/2762 3274/6015/2764
f 3272/6016/2756 3273/6017/2765 3333/6018/2766 3332/6019/2767
f 3339/6020/2736 3268/6021/2768 3331/6022/2769 3376/6023/2737
f 3376/6023/2737 3331/6022/2769 3271/6024/2770 3340/6025/2743
f 3274/6015/2764 3343/6014/2762 3377/6026/2716 3337/6027/2771
f 3384/5954/2717 3388/5978/2738 3292/5981/2741 3290/5955/2718
f 3314/6010/2761 3384/5954/2717 3377/5953/2716 3343/6011/2762
f 3337/6027/2771 3377/6026/2716 3341/6028/2719 3269/6029/2751
f 3340/6025/2743 3271/6024/2770 3333/6018/2766 3378/6030/2744
f 3378/6030/2744 3333/6018/2766 3273/6017/2765 3345/6031/2745
f 3345/6032/2745 3273/6033/2765 3335/6034/2772 3379/6035/2746
f 3379/6035/2746 3335/6034/2772 3275/6036/2773 3338/6037/2747
f 3270/6003/2755 3342/6002/2753 3380/6038/2754 3332/6019/2767
f 3380/6001/2754 3382/5968/2729 3312/6039/2774 3344/6040/2757
f 3312/6041/2774 3383/6009/2760 3375/6008/2758 3344/6042/2757
f 3332/6019/2767 3380/6038/2754 3344/6043/2757 3272/6016/2756
f 3381/5990/2748 3385/6013/2763 3317/5966/2727 3310/5965/2726
f 3312/6041/2774 3319/6044/2775 3387/6045/2776 3383/6009/2760
f 3382/5968/2729 3386/5967/2728 3319/6046/2775 3312/6039/2774
f 3369/5969/2730 3373/5982/2742 3285/6047/2701 3315/6048/2704
f 3383/6009/2760 3387/6045/2776 3321/6049/2777 3314/6010/2761
f 3292/6012/2741 3294/6050/2740 3389/6051/2778 3385/6013/2763
f 3392/5979/2739 3396/5941/2705 3295/5944/2708 3294/5980/2740
f 3314/6010/2761 3321/6049/2777 3388/5978/2738 3384/5954/2717
f 3385/6013/2763 3389/6051/2778 3327/6052/2779 3317/5966/2727
f 3319/6044/2775 3326/6053/2780 3391/6054/2781 3387/6045/2776
f 3386/5967/2728 3390/6055/2782 3326/6056/2780 3319/6046/2775
f 3387/6045/2776 3391/6054/2781 3305/6057/2783 3321/6049/2777
f 3294/6050/2740 3295/6058/2708 3393/6059/2784 3389/6051/2778
f 3317/5966/2727 3327/6052/2779 3390/6055/2782 3386/5967/2728
f 3305/6057/2783 3392/5979/2739 3388/5978/2738 3321/6049/2777
f 3389/6051/2778 3393/6059/2784 3323/6060/2785 3327/6052/2779
f 3323/6060/2785 3394/6061/2786 3390/6055/2782 3327/6052/2779
f 3390/6055/2782 3394/6061/2786 3297/6062/2787 3326/6056/2780
f 3297/6063/2787 3395/6064/2788 3391/6054/2781 3326/6053/2780
f 3391/6054/2781 3395/6064/2788 3301/6065/2789 3305/6057/2783
f 3295/6058/2708 3322/6066/2707 3397/5912/2679 3393/6059/2784
f 3365/5957/2720 3369/5969/2730 3315/6048/2704 3284/5993/2698
f 3301/6065/2789 3396/5941/2705 3392/5979/2739 3305/6057/2783
f 3393/6059/2784 3397/5912/2679 3324/5915/2682 3323/6060/2785
f 3323/6060/2785 3324/5915/2682 3398/5920/2687 3394/6061/2786
f 3394/6061/2786 3398/5920/2687 3328/5922/2689 3297/6062/2787
f 3357/5946/2710 3361/5945/2709 3283/5994/2697 3282/5964/2700
f 3395/6064/2788 3399/5929/2693 3308/5931/2695 3301/6065/2789
f 3373/5982/2742 3402/5995/2750 3339/6067/2736 3285/6047/2701
f 3297/6063/2787 3328/5928/2689 3399/5929/2693 3395/6064/2788
f 3301/6065/2789 3308/5931/2695 3400/5942/2706 3396/5941/2705
f 3269/5996/2751 3330/5999/2752 3401/6068/2790 3353/6069/2791
f 3270/6003/2755 3302/6070/2792 3401/6068/2790 3330/5999/2752
f 3267/6071/2793 3353/6069/2791 3401/6068/2790 3302/6070/2792
f 3274/6015/2764 3275/6036/2773 3335/6034/2772 3334/6007/2759
f 3332/6019/2767 3333/6018/2766 3271/6024/2770 3270/6003/2755
f 3274/6015/2764 3286/6072/2794 3287/6073/2795 3275/6036/2773
f 3334/6007/2759 3335/6034/2772 3273/6033/2765 3272/6004/2756
f 3338/6037/2747 3275/6036/2773 3336/6074/2796 3402/6075/2750
f 3402/6075/2750 3336/6074/2796 3268/6076/2768 3339/6077/2736
f 3346/6078/2797 3349/6079/2798 3267/6071/2793 3266/6080/2799
f 3276/6081/2800 3350/6082/2801 3351/6083/2802 3277/6084/2803
f 3268/6076/2768 3336/6074/2796 3403/6085/2804 3289/6086/2805
f 3275/6036/2773 3287/6073/2795 3403/6085/2804 3336/6074/2796
f 3277/6084/2803 3289/6086/2805 3403/6085/2804 3287/6073/2795
f 3287/6073/2795 3286/6072/2794 3276/6081/2800 3277/6084/2803
f 3270/6003/2755 3271/6024/2770 3288/6087/2806 3302/6070/2792
f 3302/6070/2792 3288/6087/2806 3266/6080/2799 3267/6071/2793
f 3404/6088/2807 3351/6083/2802 3279/6089/2808 3348/6090/2809
f 3346/6078/2797 3404/6091/2807 3348/6092/2809 3280/6093/2810
f 3349/6079/2798 3346/6078/2797 3280/6093/2810 3281/6094/2811
f 3278/6095/2812 3347/6096/2813 3348/6090/2809 3279/6089/2808
f 3299/6097/2814 3405/6098/2815 3350/6082/2801 3276/6081/2800
f 3348/6092/2809 3347/6099/2813 3281/6094/2811 3280/6093/2810
f 3405/6100/2815 3349/6079/2798 3281/6094/2811 3347/6099/2813
f 3350/6082/2801 3405/6098/2815 3347/6096/2813 3278/6095/2812
f 3351/6083/2802 3350/6082/2801 3278/6095/2812 3279/6089/2808
f 3277/6084/2803 3351/6083/2802 3404/6088/2807 3304/6101/2816
f 3274/6015/2764 3337/6027/2771 3406/6102/2817 3286/6072/2794
f 3269/6029/2751 3352/6103/2818 3406/6102/2817 3337/6027/2771
f 3276/6081/2800 3286/6072/2794 3406/6102/2817 3352/6103/2818
f 3271/6024/2770 3331/6022/2769 3407/6104/2819 3288/6087/2806
f 3268/6021/2768 3293/6105/2820 3407/6104/2819 3331/6022/2769
f 3266/6080/2799 3288/6087/2806 3407/6104/2819 3293/6105/2820
f 3276/6081/2800 3352/6103/2818 3408/6106/2821 3299/6097/2814
f 3269/6029/2751 3353/6107/2791 3408/6106/2821 3352/6103/2818
f 3267/6071/2793 3299/6108/2814 3408/6109/2821 3353/6069/2791
f 3268/6021/2768 3289/6110/2805 3409/6111/2822 3293/6105/2820
f 3277/6084/2803 3304/6101/2816 3409/6112/2822 3289/6086/2805
f 3266/6080/2799 3293/6105/2820 3409/6111/2822 3304/6113/2816
f 3322/6066/2707 3282/5936/2700 3354/5913/2680 3397/5912/2679
f 3304/6113/2816 3404/6091/2807 3346/6078/2797 3266/6080/2799
f 3410/6114/2823 3505/6115/2824 3503/6116/2825
f 3411/6117/2826 3505/6115/2824 3410/6114/2823
f 3411/6117/2826 3412/6118/2827 3505/6115/2824
f 3504/6119/2828 3412/6118/2827 3411/6117/2826
f 3418/6120/2829 3416/6121/2830 3413/6122/2831
f 3418/6120/2829 3417/6123/2832 3416/6121/2830
f 3415/6124/2833 3417/6123/2832 3418/6120/2829
f 3415/6124/2833 3414/6125/2834 3417/6123/2832
f 3413/6126/2831 3419/6127/2835 3424/6128/2836 3418/6129/2829
f 3416/6130/2830 3420/6131/2837 3419/6127/2835 3413/6126/2831
f 3417/6132/2832 3421/6133/2838 3420/6131/2837 3416/6130/2830
f 3414/6134/2834 3422/6135/2839 3421/6136/2838 3417/6137/2832
f 3415/6138/2833 3423/6139/2840 3422/6135/2839 3414/6134/2834
f 3418/6129/2829 3424/6128/2836 3423/6139/2840 3415/6138/2833
f 3419/6127/2835 3425/6140/2841 3430/6141/2842 3424/6128/2836
f 3420/6131/2837 3426/6142/2843 3425/6140/2841 3419/6127/2835
f 3421/6133/2838 3427/6143/2844 3426/6142/2843 3420/6131/2837
f 3422/6135/2839 3428/6144/2845 3427/6145/2844 3421/6136/2838
f 3423/6139/2840 3429/6146/2846 3428/6144/2845 3422/6135/2839
f 3424/6128/2836 3430/6141/2842 3429/6146/2846 3423/6139/2840
f 3425/6140/2841 3431/6147/2847 3436/6148/2654 3430/6141/2842
f 3426/6142/2843 3432/6149/2848 3431/6147/2847 3425/6140/2841
f 3427/6143/2844 3433/6150/2653 3432/6149/2848 3426/6142/2843
f 3428/6144/2845 3434/6151/2849 3433/6152/2653 3427/6145/2844
f 3429/6146/2846 3435/6153/2850 3434/6151/2849 3428/6144/2845
f 3430/6141/2842 3436/6148/2654 3435/6153/2850 3429/6146/2846
f 3431/6147/2847 3437/6154/2851 3442/6155/9 3436/6148/2654
f 3432/6149/2848 3438/6156/2852 3437/6154/2851 3431/6147/2847
f 3433/6150/2653 3439/6157/18 3438/6156/2852 3432/6149/2848
f 3434/6151/2849 3440/6158/2853 3439/6159/18 3433/6152/2653
f 3435/6153/2850 3441/6160/2854 3440/6158/2853 3434/6151/2849
f 3436/6148/2654 3442/6155/9 3441/6160/2854 3435/6153/2850
f 3437/6154/2851 3443/6161/2855 3448/6162/2657 3442/6155/9
f 3438/6156/2852 3444/6163/2856 3443/6161/2855 3437/6154/2851
f 3439/6157/18 3445/6164/2656 3444/6163/2856 3438/6156/2852
f 3440/6158/2853 3446/6165/2857 3445/6166/2656 3439/6159/18
f 3441/6160/2854 3447/6167/2858 3446/6165/2857 3440/6158/2853
f 3442/6155/9 3448/6162/2657 3447/6167/2858 3441/6160/2854
f 3443/6161/2855 3449/6168/2859 3454/6169/2860 3448/6162/2657
f 3444/6163/2856 3450/6170/2861 3449/6168/2859 3443/6161/2855
f 3445/6164/2656 3451/6171/2862 3450/6170/2861 3444/6163/2856
f 3446/6165/2857 3452/6172/2863 3451/6173/2862 3445/6166/2656
f 3447/6167/2858 3453/6174/2864 3452/6172/2863 3446/6165/2857
f 3448/6162/2657 3454/6169/2860 3453/6174/2864 3447/6167/2858
f 3449/6168/2859 3455/6175/2865 3460/6176/2866 3454/6169/2860
f 3450/6170/2861 3456/6177/2867 3455/6175/2865 3449/6168/2859
f 3451/6171/2862 3457/6178/2868 3456/6177/2867 3450/6170/2861
f 3452/6172/2863 3458/6179/2869 3457/6180/2868 3451/6173/2862
f 3453/6174/2864 3459/6181/2870 3458/6179/2869 3452/6172/2863
f 3454/6169/2860 3460/6176/2866 3459/6181/2870 3453/6174/2864
f 3455/6175/2865 3461/6182/2871 3466/6183/2872 3460/6176/2866
f 3456/6177/2867 3462/6184/2873 3461/6182/2871 3455/6175/2865
f 3457/6178/2868 3463/6185/2874 3462/6184/2873 3456/6177/2867
f 3458/6179/2869 3464/6186/2875 3463/6187/2874 3457/6180/2868
f 3459/6181/2870 3465/6188/2876 3464/6186/2875 3458/6179/2869
f 3460/6176/2866 3466/6183/2872 3465/6188/2876 3459/6181/2870
f 3461/6182/2871 3467/6189/2877 3472/6190/2878 3466/6183/2872
f 3462/6184/2873 3468/6191/2879 3467/6189/2877 3461/6182/2871
f 3463/6185/2874 3469/6192/2880 3468/6191/2879 3462/6184/2873
f 3464/6186/2875 3470/6193/2881 3469/6194/2880 3463/6187/2874
f 3465/6188/2876 3471/6195/2882 3470/6193/2881 3464/6186/2875
f 3466/6183/2872 3472/6190/2878 3471/6195/2882 3465/6188/2876
f 3467/6189/2877 3473/6196/2883 3478/6197/2653 3472/6190/2878
f 3468/6191/2879 3474/6198/2884 3473/6196/2883 3467/6189/2877
f 3469/6192/2880 3475/6199/2654 3474/6198/2884 3468/6191/2879
f 3470/6193/2881 3476/6200/2885 3475/6201/2654 3469/6194/2880
f 3471/6195/2882 3477/6202/2886 3476/6200/2885 3470/6193/2881
f 3472/6190/2878 3478/6197/2653 3477/6202/2886 3471/6195/2882
f 3473/6196/2883 3479/6203/2887 3484/6204/18 3478/6197/2653
f 3474/6198/2884 3480/6205/2888 3479/6203/2887 3473/6196/2883
f 3475/6199/2654 3481/6206/9 3480/6205/2888 3474/6198/2884
f 3476/6200/2885 3482/6207/2889 3481/6208/9 3475/6201/2654
f 3477/6202/2886 3483/6209/2890 3482/6207/2889 3476/6200/2885
f 3478/6197/2653 3484/6204/18 3483/6209/2890 3477/6202/2886
f 3479/6203/2887 3485/6210/2891 3490/6211/2656 3484/6204/18
f 3480/6205/2888 3486/6212/2892 3485/6210/2891 3479/6203/2887
f 3481/6206/9 3487/6213/2657 3486/6212/2892 3480/6205/2888
f 3482/6207/2889 3488/6214/2893 3487/6215/2657 3481/6208/9
f 3483/6209/2890 3489/6216/2894 3488/6214/2893 3482/6207/2889
f 3484/6204/18 3490/6211/2656 3489/6216/2894 3483/6209/2890
f 3485/6210/2891 3491/6217/2895 3496/6218/2896 3490/6211/2656
f 3486/6212/2892 3492/6219/2897 3491/6217/2895 3485/6210/2891
f 3487/6213/2657 3493/6220/2898 3492/6219/2897 3486/6212/2892
f 3488/6214/2893 3494/6221/2899 3493/6222/2898 3487/6215/2657
f 3489/6216/2894 3495/6223/2900 3494/6221/2899 3488/6214/2893
f 3490/6211/2656 3496/6218/2896 3495/6223/2900 3489/6216/2894
f 3491/6217/2895 3497/6224/2901 3502/6225/2902 3496/6218/2896
f 3492/6219/2897 3498/6226/2903 3497/6224/2901 3491/6217/2895
f 3493/6220/2898 3499/6227/2904 3498/6226/2903 3492/6219/2897
f 3494/6221/2899 3500/6228/2905 3499/6229/2904 3493/6222/2898
f 3495/6223/2900 3501/6230/2906 3500/6228/2905 3494/6221/2899
f 3496/6218/2896 3502/6225/2902 3501/6230/2906 3495/6223/2900
f 3497/6224/2901 3503/6231/2825 3505/6232/2824 3502/6225/2902
f 3498/6226/2903 3410/6233/2823 3503/6231/2825 3497/6224/2901
f 3499/6227/2904 3411/6234/2826 3410/6233/2823 3498/6226/2903
f 3500/6228/2905 3504/6235/2828 3411/6236/2826 3499/6229/2904
f 3501/6230/2906 3412/6237/2827 3504/6235/2828 3500/6228/2905
f 3502/6225/2902 3505/6232/2824 3412/6237/2827 3501/6230/2906
f 3560/6238/2907 3508/6239/2908 3507/6240/2909 3559/6241/2910
f 3559/6242/2910 3507/6243/2909 3506/6244/2911 3558/6245/2912
f 3561/6246/2913 3509/6247/2914 3508/6239/2908 3560/6238/2907
f 3509/6247/2914 3513/6248/2915 3512/6249/2916 3508/6239/2908
f 3507/6243/2909 3511/6250/2917 3510/6251/2918 3506/6244/2911
f 3508/6239/2908 3512/6249/2916 3511/6252/2917 3507/6240/2909
f 3510/6251/2918 3514/6253/2919 3517/6254/2531 3513/6248/2915
f 3513/6248/2915 3517/6254/2531 3516/6255/2920 3512/6249/2916
f 3511/6250/2917 3515/6256/2921 3514/6253/2919 3510/6251/2918
f 3512/6249/2916 3516/6255/2920 3515/6257/2921 3511/6252/2917
f 3514/6253/2919 3518/6258/2922 3521/6259/9 3517/6254/2531
f 3517/6254/2531 3521/6259/9 3520/6260/2923 3516/6255/2920
f 3515/6256/2921 3519/6261/18 3518/6258/2922 3514/6253/2919
f 3516/6255/2920 3520/6260/2923 3519/6262/18 3515/6257/2921
f 3521/6263/9 3525/6264/2536 3524/6265/2924 3520/6266/2923
f 3558/6245/2912 3506/6244/2911 3509/6247/2914 3561/6246/2913
f 3519/6267/18 3523/6268/2925 3522/6269/2926 3518/6270/2922
f 3520/6266/2923 3524/6265/2924 3523/6271/2925 3519/6272/18
f 3522/6269/2926 3526/6273/2927 3529/6274/2928 3525/6264/2536
f 3525/6264/2536 3529/6274/2928 3528/6275/2929 3524/6265/2924
f 3523/6268/2925 3527/6276/2930 3526/6273/2927 3522/6269/2926
f 3524/6265/2924 3528/6275/2929 3527/6277/2930 3523/6271/2925
f 3526/6273/2927 3530/6278/2931 3533/6279/2932 3529/6274/2928
f 3530/6278/2931 3534/6280/2933 3537/6281/2934 3533/6279/2932
f 3527/6276/2930 3531/6282/2935 3530/6278/2931 3526/6273/2927
f 3528/6275/2929 3532/6283/2936 3531/6284/2935 3527/6277/2930
f 3518/6270/2922 3522/6269/2926 3525/6264/2536 3521/6263/9
f 3533/6279/2932 3537/6281/2934 3536/6285/2937 3532/6283/2936
f 3531/6282/2935 3535/6286/2938 3534/6280/2933 3530/6278/2931
f 3532/6283/2936 3536/6285/2937 3535/6287/2938 3531/6284/2935
f 3534/6280/2933 3538/6288/2939 3541/6289/2940 3537/6281/2934
f 3537/6281/2934 3541/6289/2940 3540/6290/2941 3536/6285/2937
f 3535/6286/2938 3539/6291/2942 3538/6288/2939 3534/6280/2933
f 3536/6285/2937 3540/6290/2941 3539/6292/2942 3535/6287/2938
f 3538/6288/2939 3542/6293/2943 3545/6294/2534 3541/6289/2940
f 3541/6289/2940 3545/6294/2534 3544/6295/2944 3540/6290/2941
f 3539/6291/2942 3543/6296/2945 3542/6293/2943 3538/6288/2939
f 3540/6290/2941 3544/6295/2944 3543/6297/2945 3539/6292/2942
f 3542/6293/2943 3546/6298/2946 3549/6299/18 3545/6294/2534
f 3545/6294/2534 3549/6299/18 3548/6300/2947 3544/6295/2944
f 3543/6296/2945 3547/6301/9 3546/6298/2946 3542/6293/2943
f 3544/6295/2944 3548/6300/2947 3547/6302/9 3543/6297/2945
f 3546/6303/2946 3550/6304/2948 3553/6305/2529 3549/6306/18
f 3549/6306/18 3553/6305/2529 3552/6307/2949 3548/6308/2947
f 3547/6309/9 3551/6310/2950 3550/6304/2948 3546/6303/2946
f 3548/6308/2947 3552/6307/2949 3551/6311/2950 3547/6312/9
f 3550/6304/2948 3554/6313/2951 3557/6314/2952 3553/6305/2529
f 3553/6305/2529 3557/6314/2952 3556/6315/2953 3552/6307/2949
f 3551/6310/2950 3555/6316/2954 3554/6313/2951 3550/6304/2948
f 3552/6307/2949 3556/6315/2953 3555/6317/2954 3551/6311/2950
f 3554/6313/2951 3558/6245/2912 3561/6246/2913 3557/6314/2952
f 3557/6314/2952 3561/6246/2913 3560/6238/2907 3556/6315/2953
f 3555/6316/2954 3559/6242/2910 3558/6245/2912 3554/6313/2951
f 3556/6315/2953 3560/6238/2907 3559/6241/2910 3555/6317/2954
f 3529/6274/2928 3533/6279/2932 3532/6283/2936 3528/6275/2929
f 3506/6244/2911 3510/6251/2918 3513/6248/2915 3509/6247/2914
f 3616/6318/2907 3564/6319/2908 3563/6320/2909 3615/6321/2910
f 3615/6322/2910 3563/6323/2909 3562/6324/2911 3614/6325/2912
f 3617/6326/2913 3565/6327/2914 3564/6319/2908 3616/6318/2907
f 3565/6327/2914 3569/6328/2915 3568/6329/2916 3564/6319/2908
f 3563/6323/2909 3567/6330/2917 3566/6331/2918 3562/6324/2911
f 3564/6319/2908 3568/6329/2916 3567/6332/2917 3563/6320/2909
f 3566/6331/2918 3570/6333/2919 3573/6334/2531 3569/6328/2915
f 3569/6328/2915 3573/6334/2531 3572/6335/2920 3568/6329/2916
f 3567/6330/2917 3571/6336/2921 3570/6333/2919 3566/6331/2918
f 3568/6329/2916 3572/6335/2920 3571/6337/2921 3567/6332/2917
f 3570/6333/2919 3574/6338/2922 3577/6339/9 3573/6334/2531
f 3573/6334/2531 3577/6339/9 3576/6340/2923 3572/6335/2920
f 3571/6336/2921 3575/6341/18 3574/6338/2922 3570/6333/2919
f 3572/6335/2920 3576/6340/2923 3575/6342/18 3571/6337/2921
f 3577/6343/9 3581/6344/2536 3580/6345/2924 3576/6346/2923
f 3614/6325/2912 3562/6324/2911 3565/6327/2914 3617/6326/2913
f 3575/6347/18 3579/6348/2925 3578/6349/2926 3574/6350/2922
f 3576/6346/2923 3580/6345/2924 3579/6351/2925 3575/6352/18
f 3578/6349/2926 3582/6353/2927 3585/6354/2928 3581/6344/2536
f 3581/6344/2536 3585/6354/2928 3584/6355/2929 3580/6345/2924
f 3579/6348/2925 3583/6356/2930 3582/6353/2927 3578/6349/2926
f 3580/6345/2924 3584/6355/2929 3583/6357/2930 3579/6351/2925
f 3582/6353/2927 3586/6358/2931 3589/6359/2932 3585/6354/2928
f 3586/6358/2931 3590/6360/2933 3593/6361/2934 3589/6359/2932
f 3583/6356/2930 3587/6362/2935 3586/6358/2931 3582/6353/2927
f 3584/6355/2929 3588/6363/2936 3587/6364/2935 3583/6357/2930
f 3574/6350/2922 3578/6349/2926 3581/6344/2536 3577/6343/9
f 3589/6359/2932 3593/6361/2934 3592/6365/2937 3588/6363/2936
f 3587/6362/2935 3591/6366/2938 3590/6360/2933 3586/6358/2931
f 3588/6363/2936 3592/6365/2937 3591/6367/2938 3587/6364/2935
f 3590/6360/2933 3594/6368/2939 3597/6369/2940 3593/6361/2934
f 3593/6361/2934 3597/6369/2940 3596/6370/2941 3592/6365/2937
f 3591/6366/2938 3595/6371/2942 3594/6368/2939 3590/6360/2933
f 3592/6365/2937 3596/6370/2941 3595/6372/2942 3591/6367/2938
f 3594/6368/2939 3598/6373/2943 3601/6374/2534 3597/6369/2940
f 3597/6369/2940 3601/6374/2534 3600/6375/2944 3596/6370/2941
f 3595/6371/2942 3599/6376/2945 3598/6373/2943 3594/6368/2939
f 3596/6370/2941 3600/6375/2944 3599/6377/2945 3595/6372/2942
f 3598/6373/2943 3602/6378/2946 3605/6379/18 3601/6374/2534
f 3601/6374/2534 3605/6379/18 3604/6380/2947 3600/6375/2944
f 3599/6376/2945 3603/6381/9 3602/6378/2946 3598/6373/2943
f 3600/6375/2944 3604/6380/2947 3603/6382/9 3599/6377/2945
f 3602/6383/2946 3606/6384/2948 3609/6385/2529 3605/6386/18
f 3605/6386/18 3609/6385/2529 3608/6387/2949 3604/6388/2947
f 3603/6389/9 3607/6390/2950 3606/6384/2948 3602/6383/2946
f 3604/6388/2947 3608/6387/2949 3607/6391/2950 3603/6392/9
f 3606/6384/2948 3610/6393/2951 3613/6394/2952 3609/6385/2529
f 3609/6385/2529 3613/6394/2952 3612/6395/2953 3608/6387/2949
f 3607/6390/2950 3611/6396/2954 3610/6393/2951 3606/6384/2948
f 3608/6387/2949 3612/6395/2953 3611/6397/2954 3607/6391/2950
f 3610/6393/2951 3614/6325/2912 3617/6326/2913 3613/6394/2952
f 3613/6394/2952 3617/6326/2913 3616/6318/2907 3612/6395/2953
f 3611/6396/2954 3615/6322/2910 3614/6325/2912 3610/6393/2951
f 3612/6395/2953 3616/6318/2907 3615/6321/2910 3611/6397/2954
f 3585/6354/2928 3589/6359/2932 3588/6363/2936 3584/6355/2929
f 3562/6324/2911 3566/6331/2918 3569/6328/2915 3565/6327/2914
f 3672/6398/2907 3620/6399/2908 3619/6400/2909 3671/6401/2910
f 3671/6402/2910 3619/6403/2909 3618/6404/2911 3670/6405/2912
f 3673/6406/2913 3621/6407/2914 3620/6399/2908 3672/6398/2907
f 3621/6407/2914 3625/6408/2915 3624/6409/2916 3620/6399/2908
f 3619/6403/2909 3623/6410/2917 3622/6411/2918 3618/6404/2911
f 3620/6399/2908 3624/6409/2916 3623/6412/2917 3619/6400/2909
f 3622/6411/2918 3626/6413/2919 3629/6414/2531 3625/6408/2915
f 3625/6408/2915 3629/6414/2531 3628/6415/2920 3624/6409/2916
f 3623/6410/2917 3627/6416/2921 3626/6413/2919 3622/6411/2918
f 3624/6409/2916 3628/6415/2920 3627/6417/2921 3623/6412/2917
f 3626/6413/2919 3630/6418/2922 3633/6419/9 3629/6414/2531
f 3629/6414/2531 3633/6419/9 3632/6420/2923 3628/6415/2920
f 3627/6416/2921 3631/6421/18 3630/6418/2922 3626/6413/2919
f 3628/6415/2920 3632/6420/2923 3631/6422/18 3627/6417/2921
f 3633/6423/9 3637/6424/2536 3636/6425/2924 3632/6426/2923
f 3670/6405/2912 3618/6404/2911 3621/6407/2914 3673/6406/2913
f 3631/6427/18 3635/6428/2925 3634/6429/2955 3630/6430/2922
f 3632/6426/2923 3636/6425/2924 3635/6431/2925 3631/6432/18
f 3634/6429/2955 3638/6433/2927 3641/6434/2928 3637/6424/2536
f 3637/6424/2536 3641/6434/2928 3640/6435/2929 3636/6425/2924
f 3635/6428/2925 3639/6436/2930 3638/6433/2927 3634/6429/2955
f 3636/6425/2924 3640/6435/2929 3639/6437/2930 3635/6431/2925
f 3638/6433/2927 3642/6438/2931 3645/6439/2932 3641/6434/2928
f 3642/6438/2931 3646/6440/2933 3649/6441/2934 3645/6439/2932
f 3639/6436/2930 3643/6442/2935 3642/6438/2931 3638/6433/2927
f 3640/6435/2929 3644/6443/2936 3643/6444/2935 3639/6437/2930
f 3630/6430/2922 3634/6429/2955 3637/6424/2536 3633/6423/9
f 3645/6439/2932 3649/6441/2934 3648/6445/2937 3644/6443/2936
f 3643/6442/2935 3647/6446/2938 3646/6440/2933 3642/6438/2931
f 3644/6443/2936 3648/6445/2937 3647/6447/2938 3643/6444/2935
f 3646/6440/2933 3650/6448/2939 3653/6449/2940 3649/6441/2934
f 3649/6441/2934 3653/6449/2940 3652/6450/2941 3648/6445/2937
f 3647/6446/2938 3651/6451/2942 3650/6448/2939 3646/6440/2933
f 3648/6445/2937 3652/6450/2941 3651/6452/2942 3647/6447/2938
f 3650/6448/2939 3654/6453/2943 3657/6454/2534 3653/6449/2940
f 3653/6449/2940 3657/6454/2534 3656/6455/2944 3652/6450/2941
f 3651/6451/2942 3655/6456/2945 3654/6453/2943 3650/6448/2939
f 3652/6450/2941 3656/6455/2944 3655/6457/2945 3651/6452/2942
f 3654/6453/2943 3658/6458/2946 3661/6459/18 3657/6454/2534
f 3657/6454/2534 3661/6459/18 3660/6460/2947 3656/6455/2944
f 3655/6456/2945 3659/6461/9 3658/6458/2946 3654/6453/2943
f 3656/6455/2944 3660/6460/2947 3659/6462/9 3655/6457/2945
f 3658/6463/2946 3662/6464/2948 3665/6465/2529 3661/6466/18
f 3661/6466/18 3665/6465/2529 3664/6467/2956 3660/6468/2947
f 3659/6469/9 3663/6470/2950 3662/6464/2948 3658/6463/2946
f 3660/6468/2947 3664/6467/2956 3663/6471/2950 3659/6472/9
f 3662/6464/2948 3666/6473/2951 3669/6474/2952 3665/6465/2529
f 3665/6465/2529 3669/6474/2952 3668/6475/2953 3664/6467/2956
f 3663/6470/2950 3667/6476/2954 3666/6473/2951 3662/6464/2948
f 3664/6467/2956 3668/6475/2953 3667/6477/2954 3663/6471/2950
f 3666/6473/2951 3670/6405/2912 3673/6406/2913 3669/6474/2952
f 3669/6474/2952 3673/6406/2913 3672/6398/2907 3668/6475/2953
f 3667/6476/2954 3671/6402/2910 3670/6405/2912 3666/6473/2951
f 3668/6475/2953 3672/6398/2907 3671/6401/2910 3667/6477/2954
f 3641/6434/2928 3645/6439/2932 3644/6443/2936 3640/6435/2929
f 3618/6404/2911 3622/6411/2918 3625/6408/2915 3621/6407/2914
f 3728/6478/2907 3676/6479/2908 3675/6480/2909 3727/6481/2910
f 3727/6482/2910 3675/6483/2909 3674/6484/2911 3726/6485/2912
f 3729/6486/2913 3677/6487/2914 3676/6479/2908 3728/6478/2907
f 3677/6487/2914 3681/6488/2915 3680/6489/2916 3676/6479/2908
f 3675/6483/2909 3679/6490/2917 3678/6491/2918 3674/6484/2911
f 3676/6479/2908 3680/6489/2916 3679/6492/2917 3675/6480/2909
f 3678/6491/2918 3682/6493/2919 3685/6494/2531 3681/6488/2915
f 3681/6488/2915 3685/6494/2531 3684/6495/2957 3680/6489/2916
f 3679/6490/2917 3683/6496/2921 3682/6493/2919 3678/6491/2918
f 3680/6489/2916 3684/6495/2957 3683/6497/2921 3679/6492/2917
f 3682/6493/2919 3686/6498/2922 3689/6499/9 3685/6494/2531
f 3685/6494/2531 3689/6499/9 3688/6500/2923 3684/6495/2957
f 3683/6496/2921 3687/6501/18 3686/6498/2922 3682/6493/2919
f 3684/6495/2957 3688/6500/2923 3687/6502/18 3683/6497/2921
f 3689/6503/9 3693/6504/2536 3692/6505/2924 3688/6506/2923
f 3726/6485/2912 3674/6484/2911 3677/6487/2914 3729/6486/2913
f 3687/6507/18 3691/6508/2925 3690/6509/2955 3686/6510/2922
f 3688/6506/2923 3692/6505/2924 3691/6511/2925 3687/6512/18
f 3690/6509/2955 3694/6513/2927 3697/6514/2928 3693/6504/2536
f 3693/6504/2536 3697/6514/2928 3696/6515/2929 3692/6505/2924
f 3691/6508/2925 3695/6516/2930 3694/6513/2927 3690/6509/2955
f 3692/6505/2924 3696/6515/2929 3695/6517/2930 3691/6511/2925
f 3694/6513/2927 3698/6518/2931 3701/6519/2932 3697/6514/2928
f 3698/6518/2931 3702/6520/2933 3705/6521/2934 3701/6519/2932
f 3695/6516/2930 3699/6522/2935 3698/6518/2931 3694/6513/2927
f 3696/6515/2929 3700/6523/2936 3699/6524/2935 3695/6517/2930
f 3686/6510/2922 3690/6509/2955 3693/6504/2536 3689/6503/9
f 3701/6519/2932 3705/6521/2934 3704/6525/2937 3700/6523/2936
f 3699/6522/2935 3703/6526/2938 3702/6520/2933 3698/6518/2931
f 3700/6523/2936 3704/6525/2937 3703/6527/2938 3699/6524/2935
f 3702/6520/2933 3706/6528/2939 3709/6529/2940 3705/6521/2934
f 3705/6521/2934 3709/6529/2940 3708/6530/2941 3704/6525/2937
f 3703/6526/2938 3707/6531/2942 3706/6528/2939 3702/6520/2933
f 3704/6525/2937 3708/6530/2941 3707/6532/2942 3703/6527/2938
f 3706/6528/2939 3710/6533/2943 3713/6534/2534 3709/6529/2940
f 3709/6529/2940 3713/6534/2534 3712/6535/2944 3708/6530/2941
f 3707/6531/2942 3711/6536/2945 3710/6533/2943 3706/6528/2939
f 3708/6530/2941 3712/6535/2944 3711/6537/2945 3707/6532/2942
f 3710/6533/2943 3714/6538/2946 3717/6539/18 3713/6534/2534
f 3713/6534/2534 3717/6539/18 3716/6540/2947 3712/6535/2944
f 3711/6536/2945 3715/6541/9 3714/6538/2946 3710/6533/2943
f 3712/6535/2944 3716/6540/2947 3715/6542/9 3711/6537/2945
f 3714/6543/2946 3718/6544/2948 3721/6545/2529 3717/6546/18
f 3717/6546/18 3721/6545/2529 3720/6547/2956 3716/6548/2947
f 3715/6549/9 3719/6550/2950 3718/6544/2948 3714/6543/2946
f 3716/6548/2947 3720/6547/2956 3719/6551/2950 3715/6552/9
f 3718/6544/2948 3722/6553/2951 3725/6554/2952 3721/6545/2529
f 3721/6545/2529 3725/6554/2952 3724/6555/2953 3720/6547/2956
f 3719/6550/2950 3723/6556/2954 3722/6553/2951 3718/6544/2948
f 3720/6547/2956 3724/6555/2953 3723/6557/2954 3719/6551/2950
f 3722/6553/2951 3726/6485/2912 3729/6486/2913 3725/6554/2952
f 3725/6554/2952 3729/6486/2913 3728/6478/2907 3724/6555/2953
f 3723/6556/2954 3727/6482/2910 3726/6485/2912 3722/6553/2951
f 3724/6555/2953 3728/6478/2907 3727/6481/2910 3723/6557/2954
f 3697/6514/2928 3701/6519/2932 3700/6523/2936 3696/6515/2929
f 3674/6484/2911 3678/6491/2918 3681/6488/2915 3677/6487/2914
f 3784/6558/2907 3732/6559/2908 3731/6560/2909 3783/6561/2910
f 3783/6562/2910 3731/6563/2909 3730/6564/2911 3782/6565/2912
f 3785/6566/2913 3733/6567/2914 3732/6559/2908 3784/6558/2907
f 3733/6567/2914 3737/6568/2915 3736/6569/2916 3732/6559/2908
f 3731/6563/2909 3735/6570/2917 3734/6571/2918 3730/6564/2911
f 3732/6559/2908 3736/6569/2916 3735/6572/2917 3731/6560/2909
f 3734/6571/2918 3738/6573/2919 3741/6574/2531 3737/6568/2915
f 3737/6568/2915 3741/6574/2531 3740/6575/2920 3736/6569/2916
f 3735/6570/2917 3739/6576/2921 3738/6573/2919 3734/6571/2918
f 3736/6569/2916 3740/6575/2920 3739/6577/2921 3735/6572/2917
f 3738/6573/2919 3742/6578/2922 3745/6579/9 3741/6574/2531
f 3741/6574/2531 3745/6579/9 3744/6580/2923 3740/6575/2920
f 3739/6576/2921 3743/6581/18 3742/6578/2922 3738/6573/2919
f 3740/6575/2920 3744/6580/2923 3743/6582/18 3739/6577/2921
f 3745/6583/9 3749/6584/2536 3748/6585/2924 3744/6586/2923
f 3782/6565/2912 3730/6564/2911 3733/6567/2914 3785/6566/2913
f 3743/6587/18 3747/6588/2925 3746/6589/2926 3742/6590/2922
f 3744/6586/2923 3748/6585/2924 3747/6591/2925 3743/6592/18
f 3746/6589/2926 3750/6593/2927 3753/6594/2928 3749/6584/2536
f 3749/6584/2536 3753/6594/2928 3752/6595/2929 3748/6585/2924
f 3747/6588/2925 3751/6596/2930 3750/6593/2927 3746/6589/2926
f 3748/6585/2924 3752/6595/2929 3751/6597/2930 3747/6591/2925
f 3750/6593/2927 3754/6598/2931 3757/6599/2932 3753/6594/2928
f 3754/6598/2931 3758/6600/2933 3761/6601/2934 3757/6599/2932
f 3751/6596/2930 3755/6602/2935 3754/6598/2931 3750/6593/2927
f 3752/6595/2929 3756/6603/2936 3755/6604/2935 3751/6597/2930
f 3742/6590/2922 3746/6589/2926 3749/6584/2536 3745/6583/9
f 3757/6599/2932 3761/6601/2934 3760/6605/2937 3756/6603/2936
f 3755/6602/2935 3759/6606/2938 3758/6600/2933 3754/6598/2931
f 3756/6603/2936 3760/6605/2937 3759/6607/2938 3755/6604/2935
f 3758/6600/2933 3762/6608/2939 3765/6609/2940 3761/6601/2934
f 3761/6601/2934 3765/6609/2940 3764/6610/2941 3760/6605/2937
f 3759/6606/2938 3763/6611/2942 3762/6608/2939 3758/6600/2933
f 3760/6605/2937 3764/6610/2941 3763/6612/2942 3759/6607/2938
f 3762/6608/2939 3766/6613/2943 3769/6614/2534 3765/6609/2940
f 3765/6609/2940 3769/6614/2534 3768/6615/2944 3764/6610/2941
f 3763/6611/2942 3767/6616/2945 3766/6613/2943 3762/6608/2939
f 3764/6610/2941 3768/6615/2944 3767/6617/2945 3763/6612/2942
f 3766/6613/2943 3770/6618/2946 3773/6619/18 3769/6614/2534
f 3769/6614/2534 3773/6619/18 3772/6620/2947 3768/6615/2944
f 3767/6616/2945 3771/6621/9 3770/6618/2946 3766/6613/2943
f 3768/6615/2944 3772/6620/2947 3771/6622/9 3767/6617/2945
f 3770/6623/2946 3774/6624/2948 3777/6625/2529 3773/6626/18
f 3773/6626/18 3777/6625/2529 3776/6627/2956 3772/6628/2947
f 3771/6629/9 3775/6630/2950 3774/6624/2948 3770/6623/2946
f 3772/6628/2947 3776/6627/2956 3775/6631/2950 3771/6632/9
f 3774/6624/2948 3778/6633/2951 3781/6634/2952 3777/6625/2529
f 3777/6625/2529 3781/6634/2952 3780/6635/2953 3776/6627/2956
f 3775/6630/2950 3779/6636/2954 3778/6633/2951 3774/6624/2948
f 3776/6627/2956 3780/6635/2953 3779/6637/2954 3775/6631/2950
f 3778/6633/2951 3782/6565/2912 3785/6566/2913 3781/6634/2952
f 3781/6634/2952 3785/6566/2913 3784/6558/2907 3780/6635/2953
f 3779/6636/2954 3783/6562/2910 3782/6565/2912 3778/6633/2951
f 3780/6635/2953 3784/6558/2907 3783/6561/2910 3779/6637/2954
f 3753/6594/2928 3757/6599/2932 3756/6603/2936 3752/6595/2929
f 3730/6564/2911 3734/6571/2918 3737/6568/2915 3733/6567/2914
f 3840/6638/2958 3788/6639/2959 3787/6640/2960 3839/6641/2961
f 3839/6642/2961 3787/6643/2960 3786/6644/2962 3838/6645/2963
f 3841/6646/2964 3789/6647/2965 3788/6639/2959 3840/6638/2958
f 3789/6647/2965 3793/6648/2966 3792/6649/2967 3788/6639/2959
f 3787/6643/2960 3791/6650/2968 3790/6651/2969 3786/6644/2962
f 3788/6639/2959 3792/6649/2967 3791/6652/2968 3787/6640/2960
f 3790/6651/2969 3794/6653/2970 3797/6654/2657 3793/6648/2966
f 3793/6648/2966 3797/6654/2657 3796/6655/2971 3792/6649/2967
f 3791/6650/2968 3795/6656/2972 3794/6653/2970 3790/6651/2969
f 3792/6649/2967 3796/6655/2971 3795/6657/2972 3791/6652/2968
f 3794/6653/2970 3798/6658/2973 3801/6659/9 3797/6654/2657
f 3797/6654/2657 3801/6659/9 3800/6660/2974 3796/6655/2971
f 3795/6656/2972 3799/6661/18 3798/6658/2973 3794/6653/2970
f 3796/6655/2971 3800/6660/2974 3799/6662/18 3795/6657/2972
f 3801/6663/9 3805/6664/2654 3804/6665/2975 3800/6666/2974
f 3838/6645/2963 3786/6644/2962 3789/6647/2965 3841/6646/2964
f 3799/6667/18 3803/6668/2976 3802/6669/2977 3798/6670/2973
f 3800/6666/2974 3804/6665/2975 3803/6671/2976 3799/6672/18
f 3802/6669/2977 3806/6673/2978 3809/6674/2979 3805/6664/2654
f 3805/6664/2654 3809/6674/2979 3808/6675/2980 3804/6665/2975
f 3803/6668/2976 3807/6676/2981 3806/6673/2978 3802/6669/2977
f 3804/6665/2975 3808/6675/2980 3807/6677/2981 3803/6671/2976
f 3806/6673/2978 3810/6678/2982 3813/6679/2983 3809/6674/2979
f 3810/6678/2982 3814/6680/2984 3817/6681/2985 3813/6679/2983
f 3807/6676/2981 3811/6682/2986 3810/6678/2982 3806/6673/2978
f 3808/6675/2980 3812/6683/2987 3811/6684/2986 3807/6677/2981
f 3798/6670/2973 3802/6669/2977 3805/6664/2654 3801/6663/9
f 3813/6679/2983 3817/6681/2985 3816/6685/2988 3812/6683/2987
f 3811/6682/2986 3815/6686/2989 3814/6680/2984 3810/6678/2982
f 3812/6683/2987 3816/6685/2988 3815/6687/2989 3811/6684/2986
f 3814/6680/2984 3818/6688/2990 3821/6689/2991 3817/6681/2985
f 3817/6681/2985 3821/6689/2991 3820/6690/2992 3816/6685/2988
f 3815/6686/2989 3819/6691/2993 3818/6688/2990 3814/6680/2984
f 3816/6685/2988 3820/6690/2992 3819/6692/2993 3815/6687/2989
f 3818/6688/2990 3822/6693/2994 3825/6694/2656 3821/6689/2991
f 3821/6689/2991 3825/6694/2656 3824/6695/2995 3820/6690/2992
f 3819/6691/2993 3823/6696/2996 3822/6693/2994 3818/6688/2990
f 3820/6690/2992 3824/6695/2995 3823/6697/2996 3819/6692/2993
f 3822/6693/2994 3826/6698/2997 3829/6699/18 3825/6694/2656
f 3825/6694/2656 3829/6699/18 3828/6700/2998 3824/6695/2995
f 3823/6696/2996 3827/6701/9 3826/6698/2997 3822/6693/2994
f 3824/6695/2995 3828/6700/2998 3827/6702/9 3823/6697/2996
f 3826/6703/2997 3830/6704/2999 3833/6705/2653 3829/6706/18
f 3829/6706/18 3833/6705/2653 3832/6707/3000 3828/6708/2998
f 3827/6709/9 3831/6710/3001 3830/6704/2999 3826/6703/2997
f 3828/6708/2998 3832/6707/3000 3831/6711/3001 3827/6712/9
f 3830/6704/2999 3834/6713/3002 3837/6714/3003 3833/6705/2653
f 3833/6705/2653 3837/6714/3003 3836/6715/3004 3832/6707/3000
f 3831/6710/3001 3835/6716/3005 3834/6713/3002 3830/6704/2999
f 3832/6707/3000 3836/6715/3004 3835/6717/3005 3831/6711/3001
f 3834/6713/3002 3838/6645/2963 3841/6646/2964 3837/6714/3003
f 3837/6714/3003 3841/6646/2964 3840/6638/2958 3836/6715/3004
f 3835/6716/3005 3839/6642/2961 3838/6645/2963 3834/6713/3002
f 3836/6715/3004 3840/6638/2958 3839/6641/2961 3835/6717/3005
f 3809/6674/2979 3813/6679/2983 3812/6683/2987 3808/6675/2980
f 3786/6644/2962 3790/6651/2969 3793/6648/2966 3789/6647/2965
f 3896/6718/2958 3844/6719/2959 3843/6720/2960 3895/6721/2961
f 3895/6722/2961 3843/6723/2960 3842/6724/2962 3894/6725/2963
f 3897/6726/2964 3845/6727/2965 3844/6719/2959 3896/6718/2958
f 3845/6727/2965 3849/6728/2966 3848/6729/2967 3844/6719/2959
f 3843/6723/2960 3847/6730/2968 3846/6731/2969 3842/6724/2962
f 3844/6719/2959 3848/6729/2967 3847/6732/2968 3843/6720/2960
f 3846/6731/2969 3850/6733/2970 3853/6734/2657 3849/6728/2966
f 3849/6728/2966 3853/6734/2657 3852/6735/2971 3848/6729/2967
f 3847/6730/2968 3851/6736/2972 3850/6733/2970 3846/6731/2969
f 3848/6729/2967 3852/6735/2971 3851/6737/2972 3847/6732/2968
f 3850/6733/2970 3854/6738/2973 3857/6739/9 3853/6734/2657
f 3853/6734/2657 3857/6739/9 3856/6740/2974 3852/6735/2971
f 3851/6736/2972 3855/6741/18 3854/6738/2973 3850/6733/2970
f 3852/6735/2971 3856/6740/2974 3855/6742/18 3851/6737/2972
f 3857/6743/9 3861/6744/2654 3860/6745/2975 3856/6746/2974
f 3894/6725/2963 3842/6724/2962 3845/6727/2965 3897/6726/2964
f 3855/6747/18 3859/6748/2976 3858/6749/2977 3854/6750/2973
f 3856/6746/2974 3860/6745/2975 3859/6751/2976 3855/6752/18
f 3858/6749/2977 3862/6753/2978 3865/6754/2979 3861/6744/2654
f 3861/6744/2654 3865/6754/2979 3864/6755/2980 3860/6745/2975
f 3859/6748/2976 3863/6756/2981 3862/6753/2978 3858/6749/2977
f 3860/6745/2975 3864/6755/2980 3863/6757/2981 3859/6751/2976
f 3862/6753/2978 3866/6758/2982 3869/6759/2983 3865/6754/2979
f 3866/6758/2982 3870/6760/2984 3873/6761/2985 3869/6759/2983
f 3863/6756/2981 3867/6762/2986 3866/6758/2982 3862/6753/2978
f 3864/6755/2980 3868/6763/2987 3867/6764/2986 3863/6757/2981
f 3854/6750/2973 3858/6749/2977 3861/6744/2654 3857/6743/9
f 3869/6759/2983 3873/6761/2985 3872/6765/2988 3868/6763/2987
f 3867/6762/2986 3871/6766/2989 3870/6760/2984 3866/6758/2982
f 3868/6763/2987 3872/6765/2988 3871/6767/2989 3867/6764/2986
f 3870/6760/2984 3874/6768/2990 3877/6769/2991 3873/6761/2985
f 3873/6761/2985 3877/6769/2991 3876/6770/2992 3872/6765/2988
f 3871/6766/2989 3875/6771/3006 3874/6768/2990 3870/6760/2984
f 3872/6765/2988 3876/6770/2992 3875/6772/3006 3871/6767/2989
f 3874/6768/2990 3878/6773/2994 3881/6774/2656 3877/6769/2991
f 3877/6769/2991 3881/6774/2656 3880/6775/2995 3876/6770/2992
f 3875/6771/3006 3879/6776/2996 3878/6773/2994 3874/6768/2990
f 3876/6770/2992 3880/6775/2995 3879/6777/2996 3875/6772/3006
f 3878/6773/2994 3882/6778/2997 3885/6779/18 3881/6774/2656
f 3881/6774/2656 3885/6779/18 3884/6780/2998 3880/6775/2995
f 3879/6776/2996 3883/6781/9 3882/6778/2997 3878/6773/2994
f 3880/6775/2995 3884/6780/2998 3883/6782/9 3879/6777/2996
f 3882/6783/2997 3886/6784/2999 3889/6785/2653 3885/6786/18
f 3885/6786/18 3889/6785/2653 3888/6787/3000 3884/6788/2998
f 3883/6789/9 3887/6790/3001 3886/6784/2999 3882/6783/2997
f 3884/6788/2998 3888/6787/3000 3887/6791/3001 3883/6792/9
f 3886/6784/2999 3890/6793/3002 3893/6794/3003 3889/6785/2653
f 3889/6785/2653 3893/6794/3003 3892/6795/3004 3888/6787/3000
f 3887/6790/3001 3891/6796/3005 3890/6793/3002 3886/6784/2999
f 3888/6787/3000 3892/6795/3004 3891/6797/3005 3887/6791/3001
f 3890/6793/3002 3894/6725/2963 3897/6726/2964 3893/6794/3003
f 3893/6794/3003 3897/6726/2964 3896/6718/2958 3892/6795/3004
f 3891/6796/3005 3895/6722/2961 3894/6725/2963 3890/6793/3002
f 3892/6795/3004 3896/6718/2958 3895/6721/2961 3891/6797/3005
f 3865/6754/2979 3869/6759/2983 3868/6763/2987 3864/6755/2980
f 3842/6724/2962 3846/6731/2969 3849/6728/2966 3845/6727/2965
f 3952/6798/2958 3900/6799/2959 3899/6800/2960 3951/6801/2961
f 3951/6802/2961 3899/6803/2960 3898/6804/2962 3950/6805/2963
f 3953/6806/2964 3901/6807/2965 3900/6799/2959 3952/6798/2958
f 3901/6807/2965 3905/6808/2966 3904/6809/2967 3900/6799/2959
f 3899/6803/2960 3903/6810/2968 3902/6811/2969 3898/6804/2962
f 3900/6799/2959 3904/6809/2967 3903/6812/2968 3899/6800/2960
f 3902/6811/2969 3906/6813/2970 3909/6814/2657 3905/6808/2966
f 3905/6808/2966 3909/6814/2657 3908/6815/3007 3904/6809/2967
f 3903/6810/2968 3907/6816/2972 3906/6813/2970 3902/6811/2969
f 3904/6809/2967 3908/6815/3007 3907/6817/2972 3903/6812/2968
f 3906/6813/2970 3910/6818/2973 3913/6819/9 3909/6814/2657
f 3909/6814/2657 3913/6819/9 3912/6820/2974 3908/6815/3007
f 3907/6816/2972 3911/6821/18 3910/6818/2973 3906/6813/2970
f 3908/6815/3007 3912/6820/2974 3911/6822/18 3907/6817/2972
f 3913/6823/9 3917/6824/2654 3916/6825/2975 3912/6826/2974
f 3950/6805/2963 3898/6804/2962 3901/6807/2965 3953/6806/2964
f 3911/6827/18 3915/6828/2976 3914/6829/3008 3910/6830/2973
f 3912/6826/2974 3916/6825/2975 3915/6831/2976 3911/6832/18
f 3914/6829/3008 3918/6833/2978 3921/6834/2979 3917/6824/2654
f 3917/6824/2654 3921/6834/2979 3920/6835/2980 3916/6825/2975
f 3915/6828/2976 3919/6836/2981 3918/6833/2978 3914/6829/3008
f 3916/6825/2975 3920/6835/2980 3919/6837/2981 3915/6831/2976
f 3918/6833/2978 3922/6838/2982 3925/6839/2983 3921/6834/2979
f 3922/6838/2982 3926/6840/2984 3929/6841/2985 3925/6839/2983
f 3919/6836/2981 3923/6842/2986 3922/6838/2982 3918/6833/2978
f 3920/6835/2980 3924/6843/2987 3923/6844/2986 3919/6837/2981
f 3910/6830/2973 3914/6829/3008 3917/6824/2654 3913/6823/9
f 3925/6839/2983 3929/6841/2985 3928/6845/2988 3924/6843/2987
f 3923/6842/2986 3927/6846/2989 3926/6840/2984 3922/6838/2982
f 3924/6843/2987 3928/6845/2988 3927/6847/2989 3923/6844/2986
f 3926/6840/2984 3930/6848/2990 3933/6849/2991 3929/6841/2985
f 3929/6841/2985 3933/6849/2991 3932/6850/2992 3928/6845/2988
f 3927/6846/2989 3931/6851/3006 3930/6848/2990 3926/6840/2984
f 3928/6845/2988 3932/6850/2992 3931/6852/3006 3927/6847/2989
f 3930/6848/2990 3934/6853/2994 3937/6854/2656 3933/6849/2991
f 3933/6849/2991 3937/6854/2656 3936/6855/2995 3932/6850/2992
f 3931/6851/3006 3935/6856/2996 3934/6853/2994 3930/6848/2990
f 3932/6850/2992 3936/6855/2995 3935/6857/2996 3931/6852/3006
f 3934/6853/2994 3938/6858/2997 3941/6859/18 3937/6854/2656
f 3937/6854/2656 3941/6859/18 3940/6860/2998 3936/6855/2995
f 3935/6856/2996 3939/6861/9 3938/6858/2997 3934/6853/2994
f 3936/6855/2995 3940/6860/2998 3939/6862/9 3935/6857/2996
f 3938/6863/2997 3942/6864/2999 3945/6865/2653 3941/6866/18
f 3941/6866/18 3945/6865/2653 3944/6867/3000 3940/6868/2998
f 3939/6869/9 3943/6870/3001 3942/6864/2999 3938/6863/2997
f 3940/6868/2998 3944/6867/3000 3943/6871/3001 3939/6872/9
f 3942/6864/2999 3946/6873/3002 3949/6874/3003 3945/6865/2653
f 3945/6865/2653 3949/6874/3003 3948/6875/3004 3944/6867/3000
f 3943/6870/3001 3947/6876/3005 3946/6873/3002 3942/6864/2999
f 3944/6867/3000 3948/6875/3004 3947/6877/3005 3943/6871/3001
f 3946/6873/3002 3950/6805/2963 3953/6806/2964 3949/6874/3003
f 3949/6874/3003 3953/6806/2964 3952/6798/2958 3948/6875/3004
f 3947/6876/3005 3951/6802/2961 3950/6805/2963 3946/6873/3002
f 3948/6875/3004 3952/6798/2958 3951/6801/2961 3947/6877/3005
f 3921/6834/2979 3925/6839/2983 3924/6843/2987 3920/6835/2980
f 3898/6804/2962 3902/6811/2969 3905/6808/2966 3901/6807/2965
f 4008/6878/2958 3956/6879/2959 3955/6880/2960 4007/6881/2961
f 4007/6882/2961 3955/6883/2960 3954/6884/2962 4006/6885/2963
f 4009/6886/2964 3957/6887/2965 3956/6879/2959 4008/6878/2958
f 3957/6887/2965 3961/6888/2966 3960/6889/2967 3956/6879/2959
f 3955/6883/2960 3959/6890/2968 3958/6891/2969 3954/6884/2962
f 3956/6879/2959 3960/6889/2967 3959/6892/2968 3955/6880/2960
f 3958/6891/2969 3962/6893/2970 3965/6894/2657 3961/6888/2966
f 3961/6888/2966 3965/6894/2657 3964/6895/2971 3960/6889/2967
f 3959/6890/2968 3963/6896/2972 3962/6893/2970 3958/6891/2969
f 3960/6889/2967 3964/6895/2971 3963/6897/2972 3959/6892/2968
f 3962/6893/2970 3966/6898/2973 3969/6899/9 3965/6894/2657
f 3965/6894/2657 3969/6899/9 3968/6900/2974 3964/6895/2971
f 3963/6896/2972 3967/6901/18 3966/6898/2973 3962/6893/2970
f 3964/6895/2971 3968/6900/2974 3967/6902/18 3963/6897/2972
f 3969/6903/9 3973/6904/2654 3972/6905/2975 3968/6906/2974
f 4006/6885/2963 3954/6884/2962 3957/6887/2965 4009/6886/2964
f 3967/6907/18 3971/6908/2976 3970/6909/2977 3966/6910/2973
f 3968/6906/2974 3972/6905/2975 3971/6911/2976 3967/6912/18
f 3970/6909/2977 3974/6913/2978 3977/6914/2979 3973/6904/2654
f 3973/6904/2654 3977/6914/2979 3976/6915/2980 3972/6905/2975
f 3971/6908/2976 3975/6916/2981 3974/6913/2978 3970/6909/2977
f 3972/6905/2975 3976/6915/2980 3975/6917/2981 3971/6911/2976
f 3974/6913/2978 3978/6918/2982 3981/6919/2983 3977/6914/2979
f 3978/6918/2982 3982/6920/2984 3985/6921/2985 3981/6919/2983
f 3975/6916/2981 3979/6922/2986 3978/6918/2982 3974/6913/2978
f 3976/6915/2980 3980/6923/2987 3979/6924/2986 3975/6917/2981
f 3966/6910/2973 3970/6909/2977 3973/6904/2654 3969/6903/9
f 3981/6919/2983 3985/6921/2985 3984/6925/2988 3980/6923/2987
f 3979/6922/2986 3983/6926/2989 3982/6920/2984 3978/6918/2982
f 3980/6923/2987 3984/6925/2988 3983/6927/2989 3979/6924/2986
f 3982/6920/2984 3986/6928/2990 3989/6929/2991 3985/6921/2985
f 3985/6921/2985 3989/6929/2991 3988/6930/2992 3984/6925/2988
f 3983/6926/2989 3987/6931/3006 3986/6928/2990 3982/6920/2984
f 3984/6925/2988 3988/6930/2992 3987/6932/3006 3983/6927/2989
f 3986/6928/2990 3990/6933/2994 3993/6934/2656 3989/6929/2991
f 3989/6929/2991 3993/6934/2656 3992/6935/2995 3988/6930/2992
f 3987/6931/3006 3991/6936/2996 3990/6933/2994 3986/6928/2990
f 3988/6930/2992 3992/6935/2995 3991/6937/2996 3987/6932/3006
f 3990/6933/2994 3994/6938/2997 3997/6939/18 3993/6934/2656
f 3993/6934/2656 3997/6939/18 3996/6940/2998 3992/6935/2995
f 3991/6936/2996 3995/6941/9 3994/6938/2997 3990/6933/2994
f 3992/6935/2995 3996/6940/2998 3995/6942/9 3991/6937/2996
f 3994/6943/2997 3998/6944/2999 4001/6945/2653 3997/6946/18
f 3997/6946/18 4001/6945/2653 4000/6947/3000 3996/6948/2998
f 3995/6949/9 3999/6950/3001 3998/6944/2999 3994/6943/2997
f 3996/6948/2998 4000/6947/3000 3999/6951/3001 3995/6952/9
f 3998/6944/2999 4002/6953/3002 4005/6954/3003 4001/6945/2653
f 4001/6945/2653 4005/6954/3003 4004/6955/3004 4000/6947/3000
f 3999/6950/3001 4003/6956/3005 4002/6953/3002 3998/6944/2999
f 4000/6947/3000 4004/6955/3004 4003/6957/3005 3999/6951/3001
f 4002/6953/3002 4006/6885/2963 4009/6886/2964 4005/6954/3003
f 4005/6954/3003 4009/6886/2964 4008/6878/2958 4004/6955/3004
f 4003/6956/3005 4007/6882/2961 4006/6885/2963 4002/6953/3002
f 4004/6955/3004 4008/6878/2958 4007/6881/2961 4003/6957/3005
f 3977/6914/2979 3981/6919/2983 3980/6923/2987 3976/6915/2980
f 3954/6884/2962 3958/6891/2969 3961/6888/2966 3957/6887/2965
f 4064/6958/2958 4012/6959/2959 4011/6960/2960 4063/6961/2961
f 4063/6962/2961 4011/6963/2960 4010/6964/2962 4062/6965/2963
f 4065/6966/2964 4013/6967/2965 4012/6959/2959 4064/6958/2958
f 4013/6967/2965 4017/6968/2966 4016/6969/2967 4012/6959/2959
f 4011/6963/2960 4015/6970/2968 4014/6971/2969 4010/6964/2962
f 4012/6959/2959 4016/6969/2967 4015/6972/2968 4011/6960/2960
f 4014/6971/2969 4018/6973/2970 4021/6974/2657 4017/6968/2966
f 4017/6968/2966 4021/6974/2657 4020/6975/2971 4016/6969/2967
f 4015/6970/2968 4019/6976/2972 4018/6973/2970 4014/6971/2969
f 4016/6969/2967 4020/6975/2971 4019/6977/2972 4015/6972/2968
f 4018/6973/2970 4022/6978/2973 4025/6979/9 4021/6974/2657
f 4021/6974/2657 4025/6979/9 4024/6980/2974 4020/6975/2971
f 4019/6976/2972 4023/6981/18 4022/6978/2973 4018/6973/2970
f 4020/6975/2971 4024/6980/2974 4023/6982/18 4019/6977/2972
f 4025/6983/9 4029/6984/2654 4028/6985/2975 4024/6986/2974
f 4062/6965/2963 4010/6964/2962 4013/6967/2965 4065/6966/2964
f 4023/6987/18 4027/6988/2976 4026/6989/2977 4022/6990/2973
f 4024/6986/2974 4028/6985/2975 4027/6991/2976 4023/6992/18
f 4026/6989/2977 4030/6993/2978 4033/6994/2979 4029/6984/2654
f 4029/6984/2654 4033/6994/2979 4032/6995/2980 4028/6985/2975
f 4027/6988/2976 4031/6996/2981 4030/6993/2978 4026/6989/2977
f 4028/6985/2975 4032/6995/2980 4031/6997/2981 4027/6991/2976
f 4030/6993/2978 4034/6998/2982 4037/6999/2983 4033/6994/2979
f 4034/6998/2982 4038/7000/2984 4041/7001/2985 4037/6999/2983
f 4031/6996/2981 4035/7002/2986 4034/6998/2982 4030/6993/2978
f 4032/6995/2980 4036/7003/2987 4035/7004/2986 4031/6997/2981
f 4022/6990/2973 4026/6989/2977 4029/6984/2654 4025/6983/9
f 4037/6999/2983 4041/7001/2985 4040/7005/2988 4036/7003/2987
f 4035/7002/2986 4039/7006/2989 4038/7000/2984 4034/6998/2982
f 4036/7003/2987 4040/7005/2988 4039/7007/2989 4035/7004/2986
f 4038/7000/2984 4042/7008/2990 4045/7009/2991 4041/7001/2985
f 4041/7001/2985 4045/7009/2991 4044/7010/2992 4040/7005/2988
f 4039/7006/2989 4043/7011/3006 4042/7008/2990 4038/7000/2984
f 4040/7005/2988 4044/7010/2992 4043/7012/3006 4039/7007/2989
f 4042/7008/2990 4046/7013/2994 4049/7014/2656 4045/7009/2991
f 4045/7009/2991 4049/7014/2656 4048/7015/2995 4044/7010/2992
f 4043/7011/3006 4047/7016/2996 4046/7013/2994 4042/7008/2990
f 4044/7010/2992 4048/7015/2995 4047/7017/2996 4043/7012/3006
f 4046/7013/2994 4050/7018/2997 4053/7019/18 4049/7014/2656
f 4049/7014/2656 4053/7019/18 4052/7020/2998 4048/7015/2995
f 4047/7016/2996 4051/7021/9 4050/7018/2997 4046/7013/2994
f 4048/7015/2995 4052/7020/2998 4051/7022/9 4047/7017/2996
f 4050/7023/2997 4054/7024/2999 4057/7025/2653 4053/7026/18
f 4053/7026/18 4057/7025/2653 4056/7027/3000 4052/7028/2998
f 4051/7029/9 4055/7030/3001 4054/7024/2999 4050/7023/2997
f 4052/7028/2998 4056/7027/3000 4055/7031/3001 4051/7032/9
f 4054/7024/2999 4058/7033/3002 4061/7034/3003 4057/7025/2653
f 4057/7025/2653 4061/7034/3003 4060/7035/3004 4056/7027/3000
f 4055/7030/3001 4059/7036/3005 4058/7033/3002 4054/7024/2999
f 4056/7027/3000 4060/7035/3004 4059/7037/3005 4055/7031/3001
f 4058/7033/3002 4062/6965/2963 4065/6966/2964 4061/7034/3003
f 4061/7034/3003 4065/6966/2964 4064/6958/2958 4060/7035/3004
f 4059/7036/3005 4063/6962/2961 4062/6965/2963 4058/7033/3002
f 4060/7035/3004 4064/6958/2958 4063/6961/2961 4059/7037/3005
f 4033/6994/2979 4037/6999/2983 4036/7003/2987 4032/6995/2980
f 4010/6964/2962 4014/6971/2969 4017/6968/2966 4013/6967/2965
f 4136/7038/3009 4083/7039/3010 4066/7040/41 4085/7041/3011
f 4091/7042/3012 4068/7043/3013 4069/7044/32 4094/7045/3014
f 4094/7045/3014 4069/7044/32 4070/7046/3015 4097/7047/3016
f 4097/7047/3016 4070/7046/3015 4071/7048/3017 4100/7049/3018
f 4100/7049/3018 4071/7048/3017 4072/7050/40 4103/7051/3019
f 4103/7051/3019 4072/7050/40 4073/7052/3020 4106/7053/3021
f 4106/7053/3021 4073/7052/3020 4074/7054/3022 4109/7055/3023
f 4109/7055/3023 4074/7054/3022 4075/7056/17 4112/7057/3024
f 4112/7057/3024 4075/7056/17 4076/7058/3025 4115/7059/3026
f 4115/7059/3026 4076/7058/3025 4077/7060/3027 4118/7061/3028
f 4118/7061/3028 4077/7060/3027 4078/7062/12 4121/7063/3029
f 4121/7063/3029 4078/7062/12 4079/7064/3030 4124/7065/3031
f 4124/7065/3031 4079/7064/3030 4080/7066/3032 4127/7067/3033
f 4127/7067/3033 4080/7066/3032 4081/7068/36 4130/7069/3034
f 4130/7069/3034 4081/7068/36 4082/7070/3035 4133/7071/3036
f 4133/7071/3036 4082/7070/3035 4083/7039/3010 4136/7038/3009
f 4088/7072/3037 4067/7073/3038 4068/7043/3013 4091/7042/3012
f 4085/7041/3011 4066/7040/41 4067/7074/3038 4088/7075/3037
f 4085/7076/3011 4088/7077/3037 4089/7078/3039 4086/7079/3040
f 4086/7079/3040 4089/7078/3039 4138/7080/3041 4139/7081/3042
f 4088/7077/3037 4091/7082/3012 4092/7083/3043 4089/7078/3039
f 4089/7078/3039 4092/7083/3043 4140/7084/3044 4138/7080/3041
f 4091/7082/3012 4094/7085/3014 4095/7086/3045 4092/7083/3043
f 4092/7083/3043 4095/7086/3045 4141/7087/3046 4140/7084/3044
f 4094/7085/3014 4097/7088/3016 4098/7089/3047 4095/7086/3045
f 4095/7086/3045 4098/7089/3047 4142/7090/3048 4141/7087/3046
f 4097/7088/3016 4100/7091/3018 4101/7092/3049 4098/7089/3047
f 4098/7089/3047 4101/7092/3049 4143/7093/3050 4142/7090/3048
f 4100/7091/3018 4103/7094/3019 4104/7095/3051 4101/7092/3049
f 4101/7092/3049 4104/7095/3051 4144/7096/3052 4143/7093/3050
f 4103/7094/3019 4106/7097/3021 4107/7098/3053 4104/7095/3051
f 4104/7095/3051 4107/7098/3053 4145/7099/3054 4144/7096/3052
f 4106/7097/3021 4109/7100/3023 4110/7101/3055 4107/7098/3053
f 4107/7098/3053 4110/7101/3055 4146/7102/3056 4145/7099/3054
f 4109/7100/3023 4112/7103/3024 4113/7104/3057 4110/7101/3055
f 4110/7101/3055 4113/7104/3057 4147/7105/3058 4146/7102/3056
f 4112/7103/3024 4115/7106/3026 4116/7107/3059 4113/7104/3057
f 4113/7104/3057 4116/7107/3059 4148/7108/3060 4147/7105/3058
f 4115/7106/3026 4118/7109/3028 4119/7110/3061 4116/7107/3059
f 4116/7107/3059 4119/7110/3061 4149/7111/3062 4148/7108/3060
f 4118/7109/3028 4121/7112/3029 4122/7113/3063 4119/7110/3061
f 4119/7110/3061 4122/7113/3063 4150/7114/3064 4149/7111/3062
f 4121/7112/3029 4124/7115/3031 4125/7116/3065 4122/7113/3063
f 4122/7113/3063 4125/7116/3065 4151/7117/3066 4150/7114/3064
f 4124/7115/3031 4127/7118/3033 4128/7119/3067 4125/7116/3065
f 4125/7116/3065 4128/7119/3067 4152/7120/3068 4151/7117/3066
f 4127/7118/3033 4130/7121/3034 4131/7122/3069 4128/7119/3067
f 4128/7119/3067 4131/7122/3069 4153/7123/3070 4152/7120/3068
f 4130/7121/3034 4133/7124/3036 4134/7125/3071 4131/7122/3069
f 4131/7122/3069 4134/7125/3071 4154/7126/3072 4153/7123/3070
f 4133/7124/3036 4136/7127/3009 4137/7128/3073 4134/7125/3071
f 4134/7125/3071 4137/7128/3073 4155/7129/3074 4154/7126/3072
f 4136/7127/3009 4085/7076/3011 4086/7079/3040 4137/7128/3073
f 4137/7128/3073 4086/7079/3040 4139/7081/3042 4155/7129/3074
f 4090/7130/3027 4093/7131/12 4159/7132/12 4158/7133/3027
f 4087/7134/3075 4084/7135/3076 4139/7081/3076 4138/7080/3075
f 4090/7136/3077 4087/7134/3075 4138/7080/3075 4140/7084/3077
f 4093/7137/3078 4090/7136/3077 4140/7084/3077 4141/7087/3078
f 4096/7138/3079 4093/7137/3078 4141/7087/3078 4142/7090/3079
f 4099/7139/3080 4096/7138/3079 4142/7090/3079 4143/7093/3080
f 4102/7140/3081 4099/7139/3080 4143/7093/3080 4144/7096/3081
f 4105/7141/3082 4102/7140/3081 4144/7096/3081 4145/7099/3082
f 4108/7142/3083 4105/7141/3082 4145/7099/3082 4146/7102/3083
f 4111/7143/3084 4108/7142/3083 4146/7102/3083 4147/7105/3084
f 4114/7144/3085 4111/7143/3084 4147/7105/3084 4148/7108/3085
f 4117/7145/3086 4114/7144/3085 4148/7108/3085 4149/7111/3086
f 4120/7146/3087 4117/7145/3086 4149/7111/3086 4150/7114/3087
f 4123/7147/3088 4120/7146/3087 4150/7114/3087 4151/7117/3088
f 4126/7148/3089 4123/7147/3088 4151/7117/3088 4152/7120/3089
f 4129/7149/3090 4126/7148/3089 4152/7120/3089 4153/7123/3090
f 4132/7150/3091 4129/7149/3090 4153/7123/3090 4154/7126/3091
f 4135/7151/3092 4132/7150/3091 4154/7126/3091 4155/7129/3092
f 4084/7135/3076 4135/7151/3092 4155/7129/3092 4139/7081/3076
f 4135/7152/3022 4084/7153/17 4157/7154/17 4173/7155/3022
f 4114/7156/3038 4117/7157/3013 4167/7158/3013 4166/7159/3038
f 4093/7131/12 4096/7160/3030 4160/7161/3030 4159/7132/12
f 4117/7157/3013 4120/7162/32 4168/7163/32 4167/7158/3013
f 4096/7160/3030 4099/7164/3032 4161/7165/3032 4160/7161/3030
f 4120/7162/32 4123/7166/3015 4169/7167/3015 4168/7163/32
f 4099/7164/3032 4102/7168/36 4162/7169/36 4161/7165/3032
f 4123/7170/3015 4126/7171/3017 4170/7172/3017 4169/7173/3015
f 4102/7168/36 4105/7174/3035 4163/7175/3035 4162/7169/36
f 4126/7171/3017 4129/7176/40 4171/7177/40 4170/7172/3017
f 4105/7174/3035 4108/7178/3010 4164/7179/3010 4163/7175/3035
f 4084/7153/17 4087/7180/3025 4156/7181/3025 4157/7154/17
f 4129/7176/40 4132/7182/3020 4172/7183/3020 4171/7177/40
f 4108/7178/3010 4111/7184/41 4165/7185/41 4164/7179/3010
f 4087/7180/3025 4090/7130/3027 4158/7133/3027 4156/7181/3025
f 4132/7182/3020 4135/7152/3022 4173/7155/3022 4172/7183/3020
f 4111/7184/41 4114/7156/3038 4166/7159/3038 4165/7185/41
f 4068/7186/9 4067/7187/9 4066/7188/9
f 4066/7188/9 4083/7189/9 4082/7190/9
f 4082/7190/9 4081/7191/9 4078/7192/9
f 4081/7191/9 4080/7193/9 4078/7192/9
f 4080/7193/9 4079/7194/9 4078/7192/9
f 4078/7192/9 4077/7195/9 4076/7196/9
f 4076/7196/9 4075/7197/9 4078/7192/9
f 4075/7197/9 4074/7198/9 4078/7192/9
f 4074/7198/9 4073/7199/9 4072/7200/9
f 4072/7200/9 4071/7201/9 4070/7202/9
f 4070/7202/9 4069/7203/9 4068/7186/9
f 4068/7186/9 4066/7188/9 4082/7190/9
f 4074/7198/9 4072/7200/9 4070/7202/9
f 4070/7202/9 4068/7186/9 4074/7198/9
f 4173/7204/18 4157/7205/18 4156/7206/18
f 4156/7206/18 4158/7207/18 4159/7208/18
f 4159/7208/18 4160/7209/18 4161/7210/18
f 4161/7210/18 4162/7211/18 4163/7212/18
f 4163/7212/18 4164/7213/18 4165/7214/18
f 4165/7214/18 4166/7215/18 4163/7212/18
f 4166/7215/18 4167/7216/18 4163/7212/18
f 4167/7216/18 4168/7217/18 4171/7218/18
f 4168/7217/18 4169/7219/18 4171/7218/18
f 4169/7219/18 4170/7220/18 4171/7218/18
f 4171/7218/18 4172/7221/18 4173/7204/18
f 4173/7204/18 4156/7206/18 4159/7208/18
f 4159/7208/18 4161/7210/18 4163/7212/18
f 4171/7218/18 4173/7204/18 4159/7208/18
f 4082/7190/9 4078/7192/9 4074/7198/9 4068/7186/9
f 4167/7216/18 4171/7218/18 4159/7208/18 4163/7212/18
f 4174/7222/3093 4178/7223/3094 4181/7224/3095 4177/7225/3096
f 4175/7226/3097 4179/7227/3098 4178/7223/3094 4174/7222/3093
f 4176/7228/3099 4180/7229/3100 4179/7227/3098 4175/7226/3097
f 4177/7225/3096 4181/7224/3095 4180/7230/3100 4176/7231/3099
f 4178/7223/3094 4182/7232/3101 4185/7233/3102 4181/7224/3095
f 4179/7227/3098 4183/7234/3103 4182/7232/3101 4178/7223/3094
f 4180/7229/3100 4184/7235/3104 4183/7234/3103 4179/7227/3098
f 4181/7224/3095 4185/7233/3102 4184/7236/3104 4180/7230/3100
f 4182/7232/3101 4186/7237/3105 4189/7238/3106 4185/7233/3102
f 4183/7234/3103 4187/7239/3107 4186/7237/3105 4182/7232/3101
f 4184/7235/3104 4188/7240/3108 4187/7239/3107 4183/7234/3103
f 4185/7233/3102 4189/7238/3106 4188/7241/3108 4184/7236/3104
f 4186/7237/3105 4190/7242/3109 4193/7243/3110 4189/7238/3106
f 4187/7239/3107 4191/7244/3111 4190/7242/3109 4186/7237/3105
f 4188/7240/3108 4192/7245/3112 4191/7244/3111 4187/7239/3107
f 4189/7238/3106 4193/7243/3110 4192/7246/3112 4188/7241/3108
f 4190/7242/3109 4194/7247/3113 4197/7248/3114 4193/7243/3110
f 4191/7244/3111 4195/7249/3115 4194/7247/3113 4190/7242/3109
f 4192/7245/3112 4196/7250/3116 4195/7249/3115 4191/7244/3111
f 4193/7243/3110 4197/7248/3114 4196/7251/3116 4192/7246/3112
f 4194/7247/3113 4198/7252/3117 4201/7253/3118 4197/7248/3114
f 4195/7249/3115 4199/7254/3119 4198/7252/3117 4194/7247/3113
f 4196/7250/3116 4200/7255/3120 4199/7254/3119 4195/7249/3115
f 4197/7248/3114 4201/7253/3118 4200/7256/3120 4196/7251/3116
f 4198/7252/3117 4202/7257/3121 4205/7258/3122 4201/7253/3118
f 4199/7254/3119 4203/7259/3123 4202/7257/3121 4198/7252/3117
f 4200/7255/3120 4204/7260/3124 4203/7259/3123 4199/7254/3119
f 4201/7253/3118 4205/7258/3122 4204/7261/3124 4200/7256/3120
f 4202/7257/3121 4206/7262/3125 4209/7263/3126 4205/7258/3122
f 4203/7259/3123 4207/7264/3127 4206/7262/3125 4202/7257/3121
f 4204/7260/3124 4208/7265/3128 4207/7264/3127 4203/7259/3123
f 4205/7258/3122 4209/7263/3126 4208/7266/3128 4204/7261/3124
f 4206/7262/3125 4210/7267/3129 4213/7268/3130 4209/7263/3126
f 4207/7264/3127 4211/7269/3131 4210/7267/3129 4206/7262/3125
f 4208/7265/3128 4212/7270/3132 4211/7269/3131 4207/7264/3127
f 4209/7263/3126 4213/7268/3130 4212/7271/3132 4208/7266/3128
f 4210/7267/3129 4214/7272/3133 4217/7273/3134 4213/7268/3130
f 4211/7269/3131 4215/7274/3135 4214/7272/3133 4210/7267/3129
f 4212/7270/3132 4216/7275/3136 4215/7274/3135 4211/7269/3131
f 4213/7268/3130 4217/7273/3134 4216/7276/3136 4212/7271/3132
f 4214/7272/3133 4218/7277/3137 4221/7278/3138 4217/7273/3134
f 4215/7274/3135 4219/7279/3139 4218/7277/3137 4214/7272/3133
f 4216/7275/3136 4220/7280/3140 4219/7279/3139 4215/7274/3135
f 4217/7273/3134 4221/7278/3138 4220/7281/3140 4216/7276/3136
f 4218/7277/3137 4222/7282/3141 4225/7283/3142 4221/7278/3138
f 4219/7279/3139 4223/7284/3143 4222/7282/3141 4218/7277/3137
f 4220/7280/3140 4224/7285/3144 4223/7284/3143 4219/7279/3139
f 4221/7278/3138 4225/7283/3142 4224/7286/3144 4220/7281/3140
f 4222/7282/3141 4226/7287/3145 4229/7288/3146 4225/7283/3142
f 4223/7284/3143 4227/7289/3147 4226/7287/3145 4222/7282/3141
f 4224/7285/3144 4228/7290/3148 4227/7289/3147 4223/7284/3143
f 4225/7283/3142 4229/7288/3146 4228/7291/3148 4224/7286/3144
f 4226/7287/3145 4230/7292/3149 4233/7293/3150 4229/7288/3146
f 4227/7289/3147 4231/7294/3151 4230/7292/3149 4226/7287/3145
f 4228/7290/3148 4232/7295/3152 4231/7294/3151 4227/7289/3147
f 4229/7288/3146 4233/7293/3150 4232/7296/3152 4228/7291/3148
f 4230/7292/3149 4234/7297/3153 4237/7298/3154 4233/7293/3150
f 4231/7294/3151 4235/7299/3155 4234/7297/3153 4230/7292/3149
f 4232/7295/3152 4236/7300/3156 4235/7299/3155 4231/7294/3151
f 4233/7293/3150 4237/7298/3154 4236/7301/3156 4232/7296/3152
f 4234/7297/3153 4238/7302/3157 4241/7303/3158 4237/7298/3154
f 4235/7299/3155 4239/7304/3159 4238/7302/3157 4234/7297/3153
f 4236/7300/3156 4240/7305/3160 4239/7304/3159 4235/7299/3155
f 4237/7298/3154 4241/7303/3158 4240/7306/3160 4236/7301/3156
f 4238/7307/3157 4242/7308/3161 4245/7309/3162 4241/7310/3158
f 4239/7311/3159 4243/7312/3163 4242/7308/3161 4238/7307/3157
f 4240/7313/3160 4244/7314/3164 4243/7312/3163 4239/7311/3159
f 4241/7310/3158 4245/7309/3162 4244/7315/3164 4240/7316/3160
f 4242/7308/3161 4246/7317/3165 4249/7318/3166 4245/7309/3162
f 4243/7312/3163 4247/7319/3167 4246/7317/3165 4242/7308/3161
f 4244/7314/3164 4248/7320/3168 4247/7319/3167 4243/7312/3163
f 4245/7309/3162 4249/7318/3166 4248/7321/3168 4244/7315/3164
f 4246/7317/3165 4250/7322/3169 4253/7323/3170 4249/7318/3166
f 4247/7319/3167 4251/7324/3171 4250/7322/3169 4246/7317/3165
f 4248/7320/3168 4252/7325/3172 4251/7324/3171 4247/7319/3167
f 4249/7318/3166 4253/7323/3170 4252/7326/3172 4248/7321/3168
f 4250/7322/3169 4254/7327/3173 4257/7328/3174 4253/7323/3170
f 4251/7324/3171 4255/7329/3175 4254/7327/3173 4250/7322/3169
f 4252/7325/3172 4256/7330/3176 4255/7329/3175 4251/7324/3171
f 4253/7323/3170 4257/7328/3174 4256/7331/3176 4252/7326/3172
f 4254/7327/3173 4258/7332/3177 4261/7333/3178 4257/7328/3174
f 4255/7329/3175 4259/7334/3179 4258/7332/3177 4254/7327/3173
f 4256/7330/3176 4260/7335/3180 4259/7334/3179 4255/7329/3175
f 4257/7328/3174 4261/7333/3178 4260/7336/3180 4256/7331/3176
f 4258/7332/3177 4262/7337/3181 4265/7338/3182 4261/7333/3178
f 4259/7334/3179 4263/7339/3183 4262/7337/3181 4258/7332/3177
f 4260/7335/3180 4264/7340/3184 4263/7339/3183 4259/7334/3179
f 4261/7333/3178 4265/7338/3182 4264/7341/3184 4260/7336/3180
f 4262/7337/3181 4266/7342/3185 4269/7343/3186 4265/7338/3182
f 4263/7339/3183 4267/7344/3187 4266/7342/3185 4262/7337/3181
f 4264/7340/3184 4268/7345/3188 4267/7344/3187 4263/7339/3183
f 4265/7338/3182 4269/7343/3186 4268/7346/3188 4264/7341/3184
f 4266/7342/3185 4270/7347/3189 4273/7348/3190 4269/7343/3186
f 4267/7344/3187 4271/7349/3191 4270/7347/3189 4266/7342/3185
f 4268/7345/3188 4272/7350/3192 4271/7349/3191 4267/7344/3187
f 4269/7343/3186 4273/7348/3190 4272/7351/3192 4268/7346/3188
f 4279/7352/3193 4281/7353/3194 4278/7354/3194 4277/7355/3193
f 4281/7353/3194 4280/7356/3195 4276/7357/3195 4278/7354/3194
f 4285/7358/3196 4283/7359/3196 4284/7360/3197 4287/7361/3197
f 4287/7361/3197 4284/7360/3197 4282/7362/3198 4286/7363/3198
f 4291/7364/10 4315/7365/3199 4320/7366/3199 4311/7367/10
f 4288/7368/3200 4274/7369/3201 4275/7370/3201 4289/7371/3200
f 4277/7355/3193 4288/7368/3200 4289/7371/3200 4279/7352/3193
f 4286/7363/3198 4282/7362/3198 4276/7357/3195 4280/7356/3195
f 4292/7372/3202 4291/7373/3202 4290/7374/3203 4293/7375/3203
f 4283/7359/3196 4285/7358/3196 4293/7375/3203 4290/7374/3203
f 4299/7376/3204 4297/7377/3204 4298/7378/3205 4301/7379/3205
f 4301/7379/3205 4298/7378/3205 4296/7380/3206 4300/7381/3206
f 4305/7382/3207 4307/7383/3208 4304/7384/3208 4303/7385/3207
f 4307/7383/3208 4306/7386/3209 4302/7387/3209 4304/7384/3208
f 4308/7388/3210 4309/7389/3210 4295/7390/3211 4294/7391/3211
f 4297/7377/3204 4299/7376/3204 4309/7389/3210 4308/7388/3210
f 4306/7386/3209 4300/7381/3206 4296/7380/3206 4302/7387/3209
f 4312/7392/3212 4313/7393/3213 4310/7394/3213 4311/7395/3212
f 4303/7385/3207 4310/7394/3213 4313/7393/3213 4305/7382/3207
f 4275/7396/3214 4274/7397/3214 4294/7398/3214 4295/7399/3214
f 4314/7400/3215 4316/7401/3215 4315/7402/3215
f 4274/7403/10 4288/7404/10 4308/7405/10 4294/7406/10
f 4289/7407/44 4275/7408/44 4295/7409/44 4309/7410/44
f 4277/7411/10 4278/7412/10 4298/7413/10 4297/7414/10
f 4288/7404/10 4277/7411/10 4297/7414/10 4308/7405/10
f 4278/7412/10 4276/7415/10 4296/7416/10 4298/7413/10
f 4285/7417/44 4287/7418/44 4307/7419/44 4305/7420/44
f 4284/7421/10 4283/7422/10 4303/7423/10 4304/7424/10
f 4287/7418/44 4286/7425/44 4306/7426/44 4307/7419/44
f 4282/7427/10 4284/7421/10 4304/7424/10 4302/7428/10
f 4281/7429/44 4279/7430/44 4299/7431/44 4301/7432/44
f 4280/7433/44 4281/7429/44 4301/7432/44 4300/7434/44
f 4279/7430/44 4289/7407/44 4309/7410/44 4299/7431/44
f 4286/7425/44 4280/7433/44 4300/7434/44 4306/7426/44
f 4276/7415/10 4282/7427/10 4302/7428/10 4296/7416/10
f 4292/7435/44 4293/7436/44 4313/7437/44 4312/7438/44
f 4290/7439/10 4291/7364/10 4311/7367/10 4310/7440/10
f 4283/7422/10 4290/7439/10 4310/7440/10 4303/7423/10
f 4293/7436/44 4285/7417/44 4305/7420/44 4313/7437/44
f 4317/7441/3216 4292/7435/44 4312/7438/44 4324/7442/3216
f 4312/7392/3212 4323/7443/3217 4324/7444/3217
f 4314/7445/3218 4321/7446/3218 4322/7447/3219 4316/7448/3220
f 4316/7448/3220 4322/7447/3219 4320/7366/3199 4315/7365/3199
f 4317/7441/3216 4324/7442/3216 4325/7449/3221 4319/7450/3222
f 4319/7451/3222 4325/7452/3221 4323/7453/3223 4318/7454/3223
f 4314/7445/3218 4318/7454/3223 4323/7453/3223 4321/7446/3218
f 4315/7402/3215 4291/7373/3202 4314/7400/3215
f 4321/7455/3217 4323/7443/3217 4312/7392/3212 4311/7395/3212
f 4292/7372/3202 4317/7456/3215 4318/7457/3215
f 4317/7456/3215 4319/7458/3215 4318/7457/3215
f 4311/7395/3212 4320/7459/3217 4321/7455/3217
f 4320/7459/3217 4322/7460/3217 4321/7455/3217
f 4323/7443/3217 4325/7461/3217 4324/7444/3217
f 4318/7457/3215 4314/7400/3215 4291/7373/3202 4292/7372/3202
f 3267/6071/2793 3349/6079/2798 3405/6100/2815 3299/6108/2814
f 4329/7462/3224 4406/7463/3225 4333/7464/3226 4334/7465/3227
f 4328/7466/3228 4327/7467/3229 4331/7468/3230 4332/7469/3231
f 4335/7470/3232 4443/7471/3233 4446/7472/3234 4340/7473/3235
f 4370/7474/18 4329/7462/3224 4334/7465/3227
f 4406/7463/3225 4328/7466/3228 4332/7469/3231 4333/7464/3226
f 4327/7467/3229 4326/7475/3236 4330/7476/3237 4331/7468/3230
f 4332/7469/3231 4331/7468/3230 4336/7477/3238 4337/7478/3239
f 4440/7479/3240 4484/7480/3241 4438/7481/3242 4408/7482/3243
f 4370/7474/18 4334/7465/3227 4339/7483/3244
f 4333/7464/3226 4332/7469/3231 4337/7478/3239 4338/7484/3245
f 4331/7468/3230 4330/7476/3237 4335/7470/3232 4336/7477/3238
f 4334/7465/3227 4333/7464/3226 4338/7484/3245 4339/7483/3244
f 4370/7474/18 4339/7483/3244 4344/7485/3246
f 4338/7484/3245 4337/7478/3239 4342/7486/3247 4343/7487/3248
f 4336/7477/3238 4335/7470/3232 4340/7473/3235 4341/7488/3249
f 4339/7483/3244 4338/7484/3245 4343/7487/3248 4344/7485/3246
f 4337/7478/3239 4336/7477/3238 4341/7488/3249 4342/7486/3247
f 4445/7489/3250 4442/7490/3251 4410/7491/3252 4412/7492/3253
f 4341/7488/3249 4340/7473/3235 4345/7493/3254 4346/7494/3255
f 4344/7485/3246 4343/7487/3248 4348/7495/3256 4349/7496/3257
f 4342/7486/3247 4341/7488/3249 4346/7494/3255 4347/7497/3258
f 4448/7498/3259 4445/7489/3250 4412/7492/3253 4414/7499/3260
f 4370/7474/18 4344/7485/3246 4349/7496/3257
f 4343/7487/3248 4342/7486/3247 4347/7497/3258 4348/7495/3256
f 4349/7500/3257 4348/7501/3256 4353/7502/3261 4354/7503/3262
f 4347/7504/3258 4346/7505/3255 4351/7506/3263 4352/7507/3264
f 4451/7508/3265 4448/7509/3259 4414/7510/3260 4416/7511/3266
f 4370/7512/18 4349/7500/3257 4354/7503/3262
f 4348/7501/3256 4347/7504/3258 4352/7507/3264 4353/7502/3261
f 4346/7505/3255 4345/7513/3254 4350/7514/3267 4351/7506/3263
f 4454/7515/3268 4451/7508/3265 4416/7511/3266 4418/7516/3269
f 4370/7512/18 4354/7503/3262 4359/7517/3270
f 4353/7502/3261 4352/7507/3264 4357/7518/3271 4358/7519/3272
f 4351/7506/3263 4350/7514/3267 4355/7520/3273 4356/7521/3274
f 4354/7503/3262 4353/7502/3261 4358/7519/3272 4359/7517/3270
f 4352/7507/3264 4351/7506/3263 4356/7521/3274 4357/7518/3271
f 4370/7512/18 4359/7517/3270 4364/7522/3275
f 4358/7519/3272 4357/7518/3271 4362/7523/3276 4363/7524/3277
f 4356/7521/3274 4355/7520/3273 4360/7525/3278 4361/7526/3279
f 4359/7517/3270 4358/7519/3272 4363/7524/3277 4364/7522/3275
f 4357/7518/3271 4356/7521/3274 4361/7526/3279 4362/7523/3276
f 4457/7527/3280 4454/7515/3268 4418/7516/3269 4420/7528/3281
f 4364/7522/3275 4363/7524/3277 4368/7529/3282 4369/7530/3283
f 4362/7523/3276 4361/7526/3279 4366/7531/3284 4367/7532/3285
f 4460/7533/3286 4457/7527/3280 4420/7528/3281 4422/7534/3287
f 4370/7512/18 4364/7522/3275 4369/7530/3283
f 4363/7524/3277 4362/7523/3276 4367/7532/3285 4368/7529/3282
f 4361/7526/3279 4360/7525/3278 4365/7535/3288 4366/7531/3284
f 4369/7536/3283 4368/7537/3282 4374/7538/3289 4375/7539/3290
f 4367/7540/3285 4366/7541/3284 4372/7542/3291 4373/7543/3292
f 4463/7544/3293 4460/7545/3286 4422/7546/3287 4424/7547/3294
f 4345/7513/3254 4449/7548/3295 4452/7549/3296 4350/7514/3267
f 4370/7550/18 4369/7536/3283 4375/7539/3290
f 4368/7537/3282 4367/7540/3285 4373/7543/3292 4374/7538/3289
f 4366/7541/3284 4365/7551/3288 4371/7552/3297 4372/7542/3291
f 4365/7551/3288 4461/7553/3298 4464/7554/3299 4371/7552/3297
f 4381/7555/3300 4470/7556/3301 4473/7557/3302 4386/7558/3303
f 4370/7550/18 4375/7539/3290 4380/7559/3304
f 4374/7538/3289 4373/7543/3292 4378/7560/3305 4379/7561/3306
f 4372/7542/3291 4371/7552/3297 4376/7562/3307 4377/7563/3308
f 4442/7490/3251 4440/7479/3240 4408/7482/3243 4410/7491/3252
f 4375/7539/3290 4374/7538/3289 4379/7561/3306 4380/7559/3304
f 4373/7543/3292 4372/7542/3291 4377/7563/3308 4378/7560/3305
f 4466/7564/3309 4463/7544/3293 4424/7547/3294 4426/7565/3310
f 4379/7561/3306 4378/7560/3305 4383/7566/3311 4384/7567/3312
f 4377/7563/3308 4376/7562/3307 4381/7568/3300 4382/7569/3313
f 4386/7558/3303 4473/7557/3302 4476/7570/3314 4391/7571/3315
f 4380/7559/3304 4379/7561/3306 4384/7567/3312 4385/7572/3316
f 4378/7560/3305 4377/7563/3308 4382/7569/3313 4383/7566/3311
f 4469/7573/3317 4466/7564/3309 4426/7565/3310 4428/7574/3318
f 4360/7525/3278 4458/7575/3319 4461/7576/3298 4365/7535/3288
f 4370/7550/18 4380/7559/3304 4385/7572/3316
f 4385/7577/3316 4384/7578/3312 4389/7579/3320 4390/7580/3321
f 4383/7581/3311 4382/7582/3313 4387/7583/3322 4388/7584/3323
f 4472/7585/3324 4469/7586/3317 4428/7587/3318 4430/7588/3325
f 4340/7473/3235 4446/7472/3234 4449/7589/3295 4345/7493/3254
f 4370/7590/18 4385/7577/3316 4390/7580/3321
f 4384/7578/3312 4383/7581/3311 4388/7584/3323 4389/7579/3320
f 4382/7582/3313 4381/7555/3300 4386/7558/3303 4387/7583/3322
f 4326/7475/3236 4485/7591/3326 4439/7592/3327 4330/7476/3237
f 4388/7584/3323 4387/7583/3322 4392/7593/3328 4393/7594/3329
f 4475/7595/3330 4472/7585/3324 4430/7588/3325 4432/7596/3331
f 4401/7597/3332 4482/7598/3333 4485/7599/3326 4326/7600/3236
f 4370/7590/18 4390/7580/3321 4395/7601/3334
f 4389/7579/3320 4388/7584/3323 4393/7594/3329 4394/7602/3335
f 4387/7583/3322 4386/7558/3303 4391/7571/3315 4392/7593/3328
f 4390/7580/3321 4389/7579/3320 4394/7602/3335 4395/7601/3334
f 4370/7590/18 4395/7601/3334 4400/7603/3336
f 4394/7602/3335 4393/7594/3329 4398/7604/3337 4399/7605/3338
f 4392/7593/3328 4391/7571/3315 4396/7606/3339 4397/7607/3340
f 4371/7552/3297 4464/7554/3299 4467/7608/3341 4376/7562/3307
f 4395/7601/3334 4394/7602/3335 4399/7605/3338 4400/7603/3336
f 4393/7594/3329 4392/7593/3328 4397/7607/3340 4398/7604/3337
f 4478/7609/3342 4475/7595/3330 4432/7596/3331 4434/7610/3343
f 4355/7520/3273 4455/7611/3344 4458/7575/3319 4360/7525/3278
f 4397/7607/3340 4396/7606/3339 4401/7597/3332 4402/7612/3345
f 4376/7562/3307 4467/7608/3341 4470/7613/3301 4381/7568/3300
f 4400/7603/3336 4399/7605/3338 4404/7614/3346 4405/7615/3347
f 4398/7604/3337 4397/7607/3340 4402/7612/3345 4403/7616/3348
f 4481/7617/3349 4478/7609/3342 4434/7610/3343 4436/7618/3350
f 4396/7606/3339 4479/7619/3351 4482/7598/3333 4401/7597/3332
f 4370/7590/18 4400/7603/3336 4405/7615/3347
f 4399/7605/3338 4398/7604/3337 4403/7616/3348 4404/7614/3346
f 4405/7615/3347 4404/7614/3346 4406/7620/3225 4329/7621/3224
f 4403/7616/3348 4402/7612/3345 4327/7622/3229 4328/7623/3228
f 4484/7624/3241 4481/7617/3349 4436/7618/3350 4438/7625/3242
f 4391/7571/3315 4476/7570/3314 4479/7619/3351 4396/7606/3339
f 4370/7590/18 4405/7615/3347 4329/7621/3224
f 4404/7614/3346 4403/7616/3348 4328/7623/3228 4406/7620/3225
f 4402/7612/3345 4401/7597/3332 4326/7600/3236 4327/7622/3229
f 4350/7514/3267 4452/7549/3296 4455/7611/3344 4355/7520/3273
f 4438/7481/3242 4437/7626/3352 4407/7627/3353 4408/7482/3243
f 4408/7482/3243 4407/7627/3353 4409/7628/3354 4410/7491/3252
f 4410/7491/3252 4409/7628/3354 4411/7629/3355 4412/7492/3253
f 4412/7492/3253 4411/7629/3355 4413/7630/3356 4414/7499/3260
f 4414/7510/3260 4413/7631/3356 4415/7632/3357 4416/7511/3266
f 4416/7511/3266 4415/7632/3357 4417/7633/3358 4418/7516/3269
f 4418/7516/3269 4417/7633/3358 4419/7634/3359 4420/7528/3281
f 4420/7528/3281 4419/7634/3359 4421/7635/3360 4422/7534/3287
f 4422/7546/3287 4421/7636/3360 4423/7637/3361 4424/7547/3294
f 4424/7547/3294 4423/7637/3361 4425/7638/3362 4426/7565/3310
f 4426/7565/3310 4425/7638/3362 4427/7639/3363 4428/7574/3318
f 4428/7587/3318 4427/7640/3363 4429/7641/3364 4430/7588/3325
f 4430/7588/3325 4429/7641/3364 4431/7642/3365 4432/7596/3331
f 4432/7596/3331 4431/7642/3365 4433/7643/3366 4434/7610/3343
f 4433/7644/3366 4431/7645/3365 4429/7646/3364 4427/7647/3363 4425/7648/3362 4423/7649/3361 4421/7650/3360 4419/7651/3359 4417/7652/3358 4415/7653/3357 4413/7654/3356 4411/7655/3355 4409/7656/3354 4407/7657/3353 4437/7658/3352 4435/7659/3367
f 4434/7610/3343 4433/7643/3366 4435/7660/3367 4436/7618/3350
f 4436/7618/3350 4435/7660/3367 4437/7661/3352 4438/7625/3242
f 4440/7479/3240 4442/7490/3251 4444/7662/3368 4441/7663/3369
f 4441/7663/3369 4444/7662/3368 4443/7471/3233 4439/7592/3327
f 4446/7472/3234 4443/7471/3233 4444/7662/3368 4447/7664/3370
f 4447/7664/3370 4444/7662/3368 4442/7490/3251 4445/7489/3250
f 4449/7589/3295 4446/7472/3234 4447/7664/3370 4450/7665/3371
f 4450/7665/3371 4447/7664/3370 4445/7489/3250 4448/7498/3259
f 4448/7509/3259 4451/7508/3265 4453/7666/3372 4450/7667/3371
f 4450/7667/3371 4453/7666/3372 4452/7549/3296 4449/7548/3295
f 4451/7508/3265 4454/7515/3268 4456/7668/3373 4453/7666/3372
f 4453/7666/3372 4456/7668/3373 4455/7611/3344 4452/7549/3296
f 4458/7575/3319 4455/7611/3344 4456/7668/3373 4459/7669/3374
f 4459/7669/3374 4456/7668/3373 4454/7515/3268 4457/7527/3280
f 4461/7576/3298 4458/7575/3319 4459/7669/3374 4462/7670/3375
f 4462/7670/3375 4459/7669/3374 4457/7527/3280 4460/7533/3286
f 4460/7545/3286 4463/7544/3293 4465/7671/3376 4462/7672/3375
f 4462/7672/3375 4465/7671/3376 4464/7554/3299 4461/7553/3298
f 4467/7608/3341 4464/7554/3299 4465/7671/3376 4468/7673/3377
f 4468/7673/3377 4465/7671/3376 4463/7544/3293 4466/7564/3309
f 4470/7613/3301 4467/7608/3341 4468/7673/3377 4471/7674/3378
f 4471/7674/3378 4468/7673/3377 4466/7564/3309 4469/7573/3317
f 4469/7586/3317 4472/7585/3324 4474/7675/3379 4471/7676/3378
f 4471/7676/3378 4474/7675/3379 4473/7557/3302 4470/7556/3301
f 4472/7585/3324 4475/7595/3330 4477/7677/3380 4474/7675/3379
f 4474/7675/3379 4477/7677/3380 4476/7570/3314 4473/7557/3302
f 4479/7619/3351 4476/7570/3314 4477/7677/3380 4480/7678/3381
f 4480/7678/3381 4477/7677/3380 4475/7595/3330 4478/7609/3342
f 4482/7598/3333 4479/7619/3351 4480/7678/3381 4483/7679/3382
f 4483/7679/3382 4480/7678/3381 4478/7609/3342 4481/7617/3349
f 4481/7617/3349 4484/7624/3241 4486/7680/3383 4483/7679/3382
f 4483/7679/3382 4486/7680/3383 4485/7599/3326 4482/7598/3333
f 4439/7592/3327 4485/7591/3326 4486/7681/3383 4441/7663/3369
f 4441/7663/3369 4486/7681/3383 4484/7480/3241 4440/7479/3240
f 4330/7476/3237 4439/7592/3327 4443/7471/3233 4335/7470/3232
usemtl hanging_industrial_lamp_glass.001
f 4505/7682/3384 4529/7683/3384 4530/7684/3385 4506/7685/3385
f 4498/7686/3386 4522/7687/3386 4523/7688/3387 4499/7689/3387
f 4491/7690/3388 4515/7691/3388 4516/7692/3389 4492/7693/3389
f 4506/7685/3385 4530/7684/3385 4531/7694/3390 4507/7695/3390
f 4499/7696/3387 4523/7697/3387 4524/7698/3391 4500/7699/3391
f 4492/7693/3389 4516/7692/3389 4517/7700/3392 4493/7701/3392
f 4507/7695/3390 4531/7694/3390 4532/7702/3393 4508/7703/3393
f 4500/7699/3391 4524/7698/3391 4525/7704/3394 4501/7705/3394
f 4493/7706/3392 4517/7707/3392 4518/7708/3395 4494/7709/3395
f 4508/7703/3393 4532/7702/3393 4533/7710/3396 4509/7711/3396
f 4501/7705/3394 4525/7704/3394 4526/7712/3397 4502/7713/3397
f 4494/7709/3395 4518/7708/3395 4519/7714/3398 4495/7715/3398
f 4509/7711/3396 4533/7710/3396 4534/7716/3399 4510/7717/3399
f 4487/7718/3400 4511/7719/3400 4512/7720/3401 4488/7721/3401
f 4502/7713/3397 4526/7712/3397 4527/7722/3402 4503/7723/3402
f 4495/7715/3398 4519/7714/3398 4520/7724/3403 4496/7725/3403
f 4510/7717/3399 4534/7716/3399 4511/7726/3400 4487/7727/3400
f 4488/7721/3401 4512/7720/3401 4513/7728/3404 4489/7729/3404
f 4503/7723/3402 4527/7722/3402 4528/7730/3405 4504/7731/3405
f 4496/7725/3403 4520/7724/3403 4521/7732/3406 4497/7733/3406
f 4489/7729/3404 4513/7728/3404 4514/7734/3407 4490/7735/3407
f 4504/7731/3405 4528/7730/3405 4529/7736/3384 4505/7737/3384
f 4497/7733/3406 4521/7732/3406 4522/7687/3386 4498/7686/3386
f 4490/7735/3407 4514/7734/3407 4515/7691/3388 4491/7690/3388
f 4570/7738/3408 4538/7739/3408 4537/7740/3409 4569/7741/3409
f 4592/7742/3410 4553/7743/3410 4552/7744/3411 4591/7745/3411
f 4614/7746/3412 4546/7747/3412 4545/7748/3413 4613/7749/3413
f 4625/7750/3414 4539/7751/3414 4538/7739/3408 4570/7738/3408
f 4636/7752/3415 4554/7753/3415 4553/7754/3410 4592/7755/3410
f 4647/7756/3416 4547/7757/3416 4546/7747/3412 4614/7746/3412
f 4658/7758/3417 4540/7759/3417 4539/7751/3414 4625/7750/3414
f 4669/7760/3418 4555/7761/3418 4554/7753/3415 4636/7752/3415
f 4680/7762/3419 4548/7763/3419 4547/7764/3416 4647/7765/3416
f 4691/7766/3420 4541/7767/3420 4540/7759/3417 4658/7758/3417
f 4702/7768/3421 4556/7769/3421 4555/7761/3418 4669/7760/3418
f 4713/7770/3422 4549/7771/3422 4548/7763/3419 4680/7762/3419
f 4724/7772/3423 4542/7773/3423 4541/7774/3420 4691/7775/3420
f 4735/7776/3424 4557/7777/3424 4556/7769/3421 4702/7768/3421
f 4746/7778/3425 4550/7779/3425 4549/7771/3422 4713/7770/3422
f 4757/7780/3426 4543/7781/3426 4542/7773/3423 4724/7772/3423
f 4768/7782/3427 4558/7783/3427 4557/7777/3424 4735/7776/3424
f 4790/7784/3428 4536/7785/3428 4535/7786/3429 4789/7787/3429
f 4801/7788/3430 4551/7789/3430 4550/7779/3425 4746/7778/3425
f 4812/7790/3431 4544/7791/3431 4543/7781/3426 4757/7780/3426
f 4789/7792/3429 4535/7793/3429 4558/7783/3427 4768/7782/3427
f 4569/7741/3409 4537/7740/3409 4536/7785/3428 4790/7784/3428
f 4591/7745/3411 4552/7744/3411 4551/7789/3430 4801/7788/3430
f 4613/7749/3413 4545/7748/3413 4544/7791/3431 4812/7790/3431
f 4497/7794/3432 4603/7795/3432 4822/7796/3433 4496/7797/3433
f 4603/7795/3434 4604/7798/3434 4821/7799/3435 4822/7796/3435
f 4604/7798/3436 4605/7800/3436 4820/7801/3437 4821/7799/3437
f 4605/7800/3438 4606/7802/3438 4819/7803/3439 4820/7801/3439
f 4606/7802/3440 4607/7804/3440 4818/7805/3441 4819/7803/3441
f 4607/7804/3442 4608/7806/3442 4817/7807/3443 4818/7805/3443
f 4608/7806/3444 4609/7808/3444 4816/7809/3445 4817/7807/3445
f 4609/7808/3446 4610/7810/3446 4815/7811/3447 4816/7809/3447
f 4610/7810/3448 4611/7812/3448 4814/7813/3449 4815/7811/3449
f 4611/7812/3450 4612/7814/3450 4813/7815/3451 4814/7813/3451
f 4612/7814/3452 4613/7749/3452 4812/7790/3453 4813/7815/3453
f 4504/7816/3454 4581/7817/3454 4811/7818/3455 4503/7819/3455
f 4581/7817/3456 4582/7820/3456 4810/7821/3457 4811/7818/3457
f 4582/7820/3458 4583/7822/3458 4809/7823/3459 4810/7821/3459
f 4583/7822/3460 4584/7824/3460 4808/7825/3461 4809/7823/3461
f 4584/7824/3462 4585/7826/3462 4807/7827/3463 4808/7825/3463
f 4585/7826/3464 4586/7828/3464 4806/7829/3465 4807/7827/3465
f 4586/7828/3466 4587/7830/3466 4805/7831/3467 4806/7829/3467
f 4587/7830/3468 4588/7832/3468 4804/7833/3469 4805/7831/3469
f 4588/7832/3470 4589/7834/3470 4803/7835/3471 4804/7833/3471
f 4589/7834/3472 4590/7836/3472 4802/7837/3473 4803/7835/3473
f 4590/7836/3474 4591/7745/3474 4801/7788/3475 4802/7837/3475
f 4489/7838/3476 4559/7839/3476 4800/7840/3477 4488/7841/3477
f 4559/7839/3478 4560/7842/3478 4799/7843/3479 4800/7840/3479
f 4560/7842/3480 4561/7844/3480 4798/7845/3481 4799/7843/3481
f 4561/7844/3482 4562/7846/3482 4797/7847/3483 4798/7845/3483
f 4562/7846/3484 4563/7848/3484 4796/7849/3485 4797/7847/3485
f 4563/7848/3486 4564/7850/3486 4795/7851/3487 4796/7849/3487
f 4564/7850/3488 4565/7852/3488 4794/7853/3489 4795/7851/3489
f 4565/7852/3490 4566/7854/3490 4793/7855/3491 4794/7853/3491
f 4566/7854/3492 4567/7856/3492 4792/7857/3493 4793/7855/3493
f 4567/7856/3494 4568/7858/3494 4791/7859/3495 4792/7857/3495
f 4568/7858/3496 4569/7741/3496 4790/7784/3497 4791/7859/3497
f 4487/7860/3498 4779/7861/3498 4778/7862/3499 4510/7863/3499
f 4779/7861/3500 4780/7864/3500 4777/7865/3501 4778/7862/3501
f 4780/7864/3502 4781/7866/3502 4776/7867/3503 4777/7865/3503
f 4781/7866/3504 4782/7868/3504 4775/7869/3505 4776/7867/3505
f 4782/7868/3506 4783/7870/3506 4774/7871/3507 4775/7869/3507
f 4783/7870/3508 4784/7872/3508 4773/7873/3509 4774/7871/3509
f 4784/7872/3510 4785/7874/3510 4772/7875/3511 4773/7873/3511
f 4785/7874/3512 4786/7876/3512 4771/7877/3513 4772/7875/3513
f 4786/7876/3514 4787/7878/3514 4770/7879/3515 4771/7877/3515
f 4787/7878/3516 4788/7880/3516 4769/7881/3517 4770/7879/3517
f 4788/7880/3518 4789/7792/3518 4768/7782/3519 4769/7881/3519
f 4496/7797/3433 4822/7796/3433 4767/7882/3520 4495/7883/3520
f 4822/7796/3435 4821/7799/3435 4766/7884/3521 4767/7882/3521
f 4821/7799/3437 4820/7801/3437 4765/7885/3522 4766/7884/3522
f 4820/7801/3439 4819/7803/3439 4764/7886/3523 4765/7885/3523
f 4819/7803/3441 4818/7805/3441 4763/7887/3524 4764/7886/3524
f 4818/7805/3443 4817/7807/3443 4762/7888/3525 4763/7887/3525
f 4817/7807/3445 4816/7809/3445 4761/7889/3526 4762/7888/3526
f 4816/7809/3447 4815/7811/3447 4760/7890/3527 4761/7889/3527
f 4815/7811/3449 4814/7813/3449 4759/7891/3528 4760/7890/3528
f 4814/7813/3451 4813/7815/3451 4758/7892/3529 4759/7891/3529
f 4813/7815/3453 4812/7790/3453 4757/7780/3530 4758/7892/3530
f 4503/7819/3455 4811/7818/3455 4756/7893/3531 4502/7894/3531
f 4811/7818/3457 4810/7821/3457 4755/7895/3532 4756/7893/3532
f 4810/7821/3459 4809/7823/3459 4754/7896/3533 4755/7895/3533
f 4809/7823/3461 4808/7825/3461 4753/7897/3534 4754/7896/3534
f 4808/7825/3463 4807/7827/3463 4752/7898/3535 4753/7897/3535
f 4807/7827/3465 4806/7829/3465 4751/7899/3536 4752/7898/3536
f 4806/7829/3467 4805/7831/3467 4750/7900/3537 4751/7899/3537
f 4805/7831/3469 4804/7833/3469 4749/7901/3538 4750/7900/3538
f 4804/7833/3471 4803/7835/3471 4748/7902/3539 4749/7901/3539
f 4803/7835/3473 4802/7837/3473 4747/7903/3540 4748/7902/3540
f 4802/7837/3475 4801/7788/3475 4746/7778/3541 4747/7903/3541
f 4488/7841/3477 4800/7840/3477 4779/7904/3498 4487/7905/3498
f 4800/7840/3479 4799/7843/3479 4780/7906/3500 4779/7904/3500
f 4799/7843/3481 4798/7845/3481 4781/7907/3502 4780/7906/3502
f 4798/7845/3483 4797/7847/3483 4782/7908/3504 4781/7907/3504
f 4797/7847/3485 4796/7849/3485 4783/7909/3506 4782/7908/3506
f 4796/7849/3487 4795/7851/3487 4784/7910/3508 4783/7909/3508
f 4795/7851/3489 4794/7853/3489 4785/7911/3510 4784/7910/3510
f 4794/7853/3491 4793/7855/3491 4786/7912/3512 4785/7911/3512
f 4793/7855/3493 4792/7857/3493 4787/7913/3514 4786/7912/3514
f 4792/7857/3495 4791/7859/3495 4788/7914/3516 4787/7913/3516
f 4791/7859/3497 4790/7784/3497 4789/7787/3518 4788/7914/3518
f 4510/7863/3499 4778/7862/3499 4745/7915/3542 4509/7916/3542
f 4778/7862/3501 4777/7865/3501 4744/7917/3543 4745/7915/3543
f 4777/7865/3503 4776/7867/3503 4743/7918/3544 4744/7917/3544
f 4776/7867/3505 4775/7869/3505 4742/7919/3545 4743/7918/3545
f 4775/7869/3507 4774/7871/3507 4741/7920/3546 4742/7919/3546
f 4774/7871/3509 4773/7873/3509 4740/7921/3547 4741/7920/3547
f 4773/7873/3511 4772/7875/3511 4739/7922/3548 4740/7921/3548
f 4772/7875/3513 4771/7877/3513 4738/7923/3549 4739/7922/3549
f 4771/7877/3515 4770/7879/3515 4737/7924/3550 4738/7923/3550
f 4770/7879/3517 4769/7881/3517 4736/7925/3551 4737/7924/3551
f 4769/7881/3519 4768/7782/3519 4735/7776/3552 4736/7925/3552
f 4495/7883/3520 4767/7882/3520 4734/7926/3553 4494/7927/3553
f 4767/7882/3521 4766/7884/3521 4733/7928/3554 4734/7926/3554
f 4766/7884/3522 4765/7885/3522 4732/7929/3555 4733/7928/3555
f 4765/7885/3523 4764/7886/3523 4731/7930/3556 4732/7929/3556
f 4764/7886/3524 4763/7887/3524 4730/7931/3557 4731/7930/3557
f 4763/7887/3525 4762/7888/3525 4729/7932/3558 4730/7931/3558
f 4762/7888/3526 4761/7889/3526 4728/7933/3559 4729/7932/3559
f 4761/7889/3527 4760/7890/3527 4727/7934/3560 4728/7933/3560
f 4760/7890/3528 4759/7891/3528 4726/7935/3561 4727/7934/3561
f 4759/7891/3529 4758/7892/3529 4725/7936/3562 4726/7935/3562
f 4758/7892/3530 4757/7780/3530 4724/7772/3563 4725/7936/3563
f 4502/7894/3531 4756/7893/3531 4723/7937/3564 4501/7938/3564
f 4756/7893/3532 4755/7895/3532 4722/7939/3565 4723/7937/3565
f 4755/7895/3533 4754/7896/3533 4721/7940/3566 4722/7939/3566
f 4754/7896/3534 4753/7897/3534 4720/7941/3567 4721/7940/3567
f 4753/7897/3535 4752/7898/3535 4719/7942/3568 4720/7941/3568
f 4752/7898/3536 4751/7899/3536 4718/7943/3569 4719/7942/3569
f 4751/7899/3537 4750/7900/3537 4717/7944/3570 4718/7943/3570
f 4750/7900/3538 4749/7901/3538 4716/7945/3571 4717/7944/3571
f 4749/7901/3539 4748/7902/3539 4715/7946/3572 4716/7945/3572
f 4748/7902/3540 4747/7903/3540 4714/7947/3573 4715/7946/3573
f 4747/7903/3541 4746/7778/3541 4713/7770/3574 4714/7947/3574
f 4509/7916/3542 4745/7915/3542 4712/7948/3575 4508/7949/3575
f 4745/7915/3543 4744/7917/3543 4711/7950/3576 4712/7948/3576
f 4744/7917/3544 4743/7918/3544 4710/7951/3577 4711/7950/3577
f 4743/7918/3545 4742/7919/3545 4709/7952/3578 4710/7951/3578
f 4742/7919/3546 4741/7920/3546 4708/7953/3579 4709/7952/3579
f 4741/7920/3547 4740/7921/3547 4707/7954/3580 4708/7953/3581
f 4740/7921/3548 4739/7922/3548 4706/7955/3582 4707/7954/3582
f 4739/7922/3549 4738/7923/3549 4705/7956/3583 4706/7955/3583
f 4738/7923/3550 4737/7924/3550 4704/7957/3584 4705/7956/3584
f 4737/7924/3551 4736/7925/3551 4703/7958/3585 4704/7957/3585
f 4736/7925/3552 4735/7776/3552 4702/7768/3586 4703/7958/3586
f 4494/7927/3553 4734/7926/3553 4701/7959/3587 4493/7960/3587
f 4734/7926/3554 4733/7928/3554 4700/7961/3588 4701/7959/3588
f 4733/7928/3555 4732/7929/3555 4699/7962/3589 4700/7961/3589
f 4732/7929/3556 4731/7930/3556 4698/7963/3590 4699/7962/3590
f 4731/7930/3557 4730/7931/3557 4697/7964/3591 4698/7963/3591
f 4730/7931/3558 4729/7932/3558 4696/7965/3592 4697/7964/3592
f 4729/7932/3559 4728/7933/3559 4695/7966/3593 4696/7965/3593
f 4728/7933/3560 4727/7934/3560 4694/7967/3594 4695/7966/3594
f 4727/7934/3561 4726/7935/3561 4693/7968/3595 4694/7967/3595
f 4726/7935/3562 4725/7936/3562 4692/7969/3596 4693/7968/3596
f 4725/7936/3563 4724/7772/3563 4691/7775/3597 4692/7969/3597
f 4501/7938/3564 4723/7937/3564 4690/7970/3598 4500/7971/3598
f 4723/7937/3565 4722/7939/3565 4689/7972/3599 4690/7970/3599
f 4722/7939/3566 4721/7940/3566 4688/7973/3600 4689/7972/3600
f 4721/7940/3567 4720/7941/3567 4687/7974/3601 4688/7973/3601
f 4720/7941/3568 4719/7942/3568 4686/7975/3602 4687/7974/3602
f 4719/7942/3569 4718/7943/3569 4685/7976/3603 4686/7975/3603
f 4718/7943/3570 4717/7944/3570 4684/7977/3604 4685/7976/3604
f 4717/7944/3571 4716/7945/3571 4683/7978/3605 4684/7977/3605
f 4716/7945/3572 4715/7946/3572 4682/7979/3606 4683/7978/3606
f 4715/7946/3573 4714/7947/3573 4681/7980/3607 4682/7979/3607
f 4714/7947/3574 4713/7770/3574 4680/7762/3608 4681/7980/3608
f 4508/7949/3575 4712/7948/3575 4679/7981/3609 4507/7982/3609
f 4712/7948/3576 4711/7950/3576 4678/7983/3610 4679/7981/3610
f 4711/7950/3577 4710/7951/3577 4677/7984/3611 4678/7983/3611
f 4710/7951/3578 4709/7952/3578 4676/7985/3612 4677/7984/3612
f 4709/7952/3579 4708/7953/3579 4675/7986/3613 4676/7985/3613
f 4708/7953/3581 4707/7954/3580 4674/7987/3614 4675/7986/3614
f 4707/7954/3582 4706/7955/3582 4673/7988/3615 4674/7987/3615
f 4706/7955/3583 4705/7956/3583 4672/7989/3616 4673/7988/3616
f 4705/7956/3584 4704/7957/3584 4671/7990/3617 4672/7989/3617
f 4704/7957/3585 4703/7958/3585 4670/7991/3618 4671/7990/3618
f 4703/7958/3586 4702/7768/3586 4669/7760/3619 4670/7991/3619
f 4493/7992/3587 4701/7993/3587 4668/7994/3620 4492/7995/3620
f 4701/7993/3588 4700/7996/3588 4667/7997/3621 4668/7994/3621
f 4700/7996/3589 4699/7998/3589 4666/7999/3622 4667/7997/3622
f 4699/7998/3590 4698/8000/3590 4665/8001/3623 4666/7999/3623
f 4698/8000/3591 4697/8002/3591 4664/8003/3624 4665/8001/3624
f 4697/8002/3592 4696/8004/3592 4663/8005/3625 4664/8003/3625
f 4696/8004/3593 4695/8006/3593 4662/8007/3626 4663/8005/3626
f 4695/8006/3594 4694/8008/3594 4661/8009/3627 4662/8007/3627
f 4694/8008/3595 4693/8010/3595 4660/8011/3628 4661/8009/3628
f 4693/8010/3596 4692/8012/3596 4659/8013/3629 4660/8011/3629
f 4692/8012/3597 4691/7766/3597 4658/7758/3630 4659/8013/3630
f 4500/7971/3598 4690/7970/3598 4657/8014/3631 4499/8015/3631
f 4690/7970/3599 4689/7972/3599 4656/8016/3632 4657/8014/3632
f 4689/7972/3600 4688/7973/3600 4655/8017/3633 4656/8016/3633
f 4688/7973/3601 4687/7974/3601 4654/8018/3634 4655/8017/3634
f 4687/7974/3602 4686/7975/3602 4653/8019/3635 4654/8018/3635
f 4686/7975/3603 4685/7976/3603 4652/8020/3636 4653/8019/3636
f 4685/7976/3604 4684/7977/3604 4651/8021/3637 4652/8020/3637
f 4684/7977/3605 4683/7978/3605 4650/8022/3638 4651/8021/3638
f 4683/7978/3606 4682/7979/3606 4649/8023/3639 4650/8022/3639
f 4682/7979/3607 4681/7980/3607 4648/8024/3640 4649/8023/3640
f 4681/7980/3608 4680/7762/3608 4647/7765/3641 4648/8024/3641
f 4507/7982/3609 4679/7981/3609 4646/8025/3642 4506/8026/3642
f 4679/7981/3610 4678/7983/3610 4645/8027/3643 4646/8025/3643
f 4678/7983/3611 4677/7984/3611 4644/8028/3644 4645/8027/3644
f 4677/7984/3612 4676/7985/3612 4643/8029/3645 4644/8028/3645
f 4676/7985/3613 4675/7986/3613 4642/8030/3646 4643/8029/3646
f 4675/7986/3614 4674/7987/3614 4641/8031/3647 4642/8030/3647
f 4674/7987/3615 4673/7988/3615 4640/8032/3648 4641/8031/3648
f 4673/7988/3616 4672/7989/3616 4639/8033/3649 4640/8032/3649
f 4672/7989/3617 4671/7990/3617 4638/8034/3650 4639/8033/3650
f 4671/7990/3618 4670/7991/3618 4637/8035/3651 4638/8034/3651
f 4670/7991/3619 4669/7760/3619 4636/7752/3652 4637/8035/3652
f 4492/7995/3620 4668/7994/3620 4635/8036/3653 4491/8037/3653
f 4668/7994/3621 4667/7997/3621 4634/8038/3654 4635/8036/3654
f 4667/7997/3622 4666/7999/3622 4633/8039/3655 4634/8038/3655
f 4666/7999/3623 4665/8001/3623 4632/8040/3656 4633/8039/3656
f 4665/8001/3624 4664/8003/3624 4631/8041/3657 4632/8040/3657
f 4664/8003/3625 4663/8005/3625 4630/8042/3658 4631/8041/3658
f 4663/8005/3626 4662/8007/3626 4629/8043/3659 4630/8042/3659
f 4662/8007/3627 4661/8009/3627 4628/8044/3660 4629/8043/3660
f 4661/8009/3628 4660/8011/3628 4627/8045/3661 4628/8044/3661
f 4660/8011/3629 4659/8013/3629 4626/8046/3662 4627/8045/3662
f 4659/8013/3630 4658/7758/3630 4625/7750/3663 4626/8046/3663
f 4499/8047/3631 4657/8048/3631 4624/8049/3664 4498/8050/3664
f 4657/8048/3632 4656/8051/3632 4623/8052/3665 4624/8049/3665
f 4656/8051/3633 4655/8053/3633 4622/8054/3666 4623/8052/3666
f 4655/8053/3634 4654/8055/3634 4621/8056/3667 4622/8054/3667
f 4654/8055/3635 4653/8057/3635 4620/8058/3668 4621/8056/3668
f 4653/8057/3636 4652/8059/3636 4619/8060/3669 4620/8058/3669
f 4652/8059/3637 4651/8061/3637 4618/8062/3670 4619/8060/3670
f 4651/8061/3638 4650/8063/3638 4617/8064/3671 4618/8062/3671
f 4650/8063/3639 4649/8065/3639 4616/8066/3672 4617/8064/3672
f 4649/8065/3640 4648/8067/3640 4615/8068/3673 4616/8066/3673
f 4648/8067/3641 4647/7756/3641 4614/7746/3674 4615/8068/3674
f 4506/8026/3642 4646/8025/3642 4602/8069/3675 4505/8070/3675
f 4646/8025/3643 4645/8027/3643 4601/8071/3676 4602/8069/3676
f 4645/8027/3644 4644/8028/3644 4600/8072/3677 4601/8071/3677
f 4644/8028/3645 4643/8029/3645 4599/8073/3678 4600/8072/3678
f 4643/8029/3646 4642/8030/3646 4598/8074/3679 4599/8073/3679
f 4642/8030/3647 4641/8031/3647 4597/8075/3680 4598/8074/3680
f 4641/8031/3648 4640/8032/3648 4596/8076/3681 4597/8075/3681
f 4640/8032/3649 4639/8033/3649 4595/8077/3682 4596/8076/3682
f 4639/8033/3650 4638/8034/3650 4594/8078/3683 4595/8077/3683
f 4638/8034/3651 4637/8035/3651 4593/8079/3684 4594/8078/3684
f 4637/8035/3652 4636/7752/3652 4592/7755/3685 4593/8079/3685
f 4491/8037/3653 4635/8036/3653 4580/8080/3686 4490/8081/3686
f 4635/8036/3654 4634/8038/3654 4579/8082/3687 4580/8080/3687
f 4634/8038/3655 4633/8039/3655 4578/8083/3688 4579/8082/3688
f 4633/8039/3656 4632/8040/3656 4577/8084/3689 4578/8083/3689
f 4632/8040/3657 4631/8041/3657 4576/8085/3690 4577/8084/3690
f 4631/8041/3658 4630/8042/3658 4575/8086/3691 4576/8085/3691
f 4630/8042/3659 4629/8043/3659 4574/8087/3692 4575/8086/3692
f 4629/8043/3660 4628/8044/3660 4573/8088/3693 4574/8087/3693
f 4628/8044/3661 4627/8045/3661 4572/8089/3694 4573/8088/3694
f 4627/8045/3662 4626/8046/3662 4571/8090/3695 4572/8089/3695
f 4626/8046/3663 4625/7750/3663 4570/7738/3696 4571/8090/3696
f 4498/8050/3664 4624/8049/3664 4603/7795/3432 4497/7794/3432
f 4624/8049/3665 4623/8052/3665 4604/7798/3434 4603/7795/3434
f 4623/8052/3666 4622/8054/3666 4605/7800/3436 4604/7798/3436
f 4622/8054/3667 4621/8056/3667 4606/7802/3438 4605/7800/3438
f 4621/8056/3668 4620/8058/3668 4607/7804/3440 4606/7802/3440
f 4620/8058/3669 4619/8060/3669 4608/7806/3442 4607/7804/3442
f 4619/8060/3670 4618/8062/3670 4609/7808/3444 4608/7806/3444
f 4618/8062/3671 4617/8064/3671 4610/7810/3446 4609/7808/3446
f 4617/8064/3672 4616/8066/3672 4611/7812/3448 4610/7810/3448
f 4616/8066/3673 4615/8068/3673 4612/7814/3450 4611/7812/3450
f 4615/8068/3674 4614/7746/3674 4613/7749/3452 4612/7814/3452
f 4505/8091/3675 4602/8092/3675 4581/7817/3454 4504/7816/3454
f 4602/8092/3676 4601/8093/3676 4582/7820/3456 4581/7817/3456
f 4601/8093/3677 4600/8094/3677 4583/7822/3458 4582/7820/3458
f 4600/8094/3678 4599/8095/3678 4584/7824/3460 4583/7822/3460
f 4599/8095/3679 4598/8096/3679 4585/7826/3462 4584/7824/3462
f 4598/8096/3680 4597/8097/3680 4586/7828/3464 4585/7826/3464
f 4597/8097/3681 4596/8098/3681 4587/7830/3466 4586/7828/3466
f 4596/8098/3682 4595/8099/3682 4588/7832/3468 4587/7830/3468
f 4595/8099/3683 4594/8100/3683 4589/7834/3470 4588/7832/3470
f 4594/8100/3684 4593/8101/3684 4590/7836/3472 4589/7834/3472
f 4593/8101/3685 4592/7742/3685 4591/7745/3474 4590/7836/3474
f 4490/8081/3686 4580/8080/3686 4559/7839/3476 4489/7838/3476
f 4580/8080/3687 4579/8082/3687 4560/7842/3478 4559/7839/3478
f 4579/8082/3688 4578/8083/3688 4561/7844/3480 4560/7842/3480
f 4578/8083/3689 4577/8084/3689 4562/7846/3482 4561/7844/3482
f 4577/8084/3690 4576/8085/3690 4563/7848/3484 4562/7846/3484
f 4576/8085/3691 4575/8086/3691 4564/7850/3486 4563/7848/3486
f 4575/8086/3692 4574/8087/3692 4565/7852/3488 4564/7850/3488
f 4574/8087/3693 4573/8088/3693 4566/7854/3490 4565/7852/3490
f 4573/8088/3694 4572/8089/3694 4567/7856/3492 4566/7854/3492
f 4572/8089/3695 4571/8090/3695 4568/7858/3494 4567/7856/3494
f 4571/8090/3696 4570/7738/3696 4569/7741/3496 4568/7858/3496
f 4537/8102/3697 4538/8103/3698 4539/8104/3699 4823/8105/3700
f 4823/8105/3700 4539/8104/3699 4540/8106/3701 4828/8107/3702
f 4828/8107/3702 4540/8106/3701 4541/8108/3703 4833/8109/3704
f 4833/8110/3704 4541/8111/3703 4542/8112/3705 4838/8113/3706
f 4838/8113/3706 4542/8112/3705 4543/8114/3707 4843/8115/3708
f 4843/8115/3708 4543/8114/3707 4544/8116/3709 4545/8117/3710
f 4536/8118/3711 4537/8102/3697 4823/8105/3700 4824/8119/3712
f 4824/8119/3712 4823/8105/3700 4828/8107/3702 4829/8120/3713
f 4829/8120/3713 4828/8107/3702 4833/8109/3704 4834/8121/3714
f 4834/8122/3714 4833/8110/3704 4838/8113/3706 4839/8123/3715
f 4839/8123/3715 4838/8113/3706 4843/8115/3708 4844/8124/3716
f 4844/8124/3716 4843/8115/3708 4545/8117/3710 4546/8125/3717
f 4535/8126/3718 4536/8118/3711 4824/8119/3712 4825/8127/3719
f 4825/8127/3719 4824/8119/3712 4829/8120/3713 4830/8128/3720
f 4830/8128/3720 4829/8120/3713 4834/8121/3714 4835/8129/18
f 4835/8130/18 4834/8122/3714 4839/8123/3715 4840/8131/3721
f 4840/8131/3721 4839/8123/3715 4844/8124/3716 4845/8132/3722
f 4845/8132/3722 4844/8124/3716 4546/8125/3717 4547/8133/3723
f 4558/8134/3724 4535/8135/3718 4825/8136/3719 4826/8137/3725
f 4826/8137/3725 4825/8136/3719 4830/8138/3720 4831/8139/3726
f 4831/8139/3726 4830/8138/3720 4835/8140/18 4836/8141/3727
f 4836/8142/3727 4835/8143/18 4840/8144/3721 4841/8145/3728
f 4841/8145/3728 4840/8144/3721 4845/8146/3722 4846/8147/3729
f 4846/8147/3729 4845/8146/3722 4547/8148/3723 4548/8149/3730
f 4557/8150/3731 4558/8134/3724 4826/8137/3725 4827/8151/3732
f 4827/8151/3732 4826/8137/3725 4831/8139/3726 4832/8152/3733
f 4832/8152/3733 4831/8139/3726 4836/8141/3727 4837/8153/3734
f 4837/8154/3734 4836/8142/3727 4841/8145/3728 4842/8155/3735
f 4842/8155/3735 4841/8145/3728 4846/8147/3729 4847/8156/3736
f 4847/8156/3736 4846/8147/3729 4548/8149/3730 4549/8157/3737
f 4556/8158/3738 4557/8150/3731 4827/8151/3732 4555/8159/3739
f 4555/8159/3739 4827/8151/3732 4832/8152/3733 4554/8160/3740
f 4554/8160/3740 4832/8152/3733 4837/8153/3734 4553/8161/3741
f 4553/8162/3741 4837/8154/3734 4842/8155/3735 4552/8163/3742
f 4552/8163/3742 4842/8155/3735 4847/8156/3736 4551/8164/3743
f 4551/8164/3743 4847/8156/3736 4549/8157/3737 4550/8165/3744
f 4534/8166/9 4512/8167/9 4511/8168/9
f 4512/8167/9 4534/8166/9 4513/8169/9
f 4513/8169/9 4534/8166/9 4514/8170/9
f 4514/8170/9 4516/8171/9 4515/8172/9
f 4516/8171/9 4518/8173/9 4517/8174/9
f 4518/8173/9 4522/8175/9 4519/8176/9
f 4519/8176/9 4522/8175/9 4520/8177/9
f 4520/8177/9 4522/8175/9 4521/8178/9
f 4522/8175/9 4524/8179/9 4523/8180/9
f 4524/8179/9 4526/8181/9 4525/8182/9
f 4526/8181/9 4528/8183/9 4527/8184/9
f 4528/8183/9 4530/8185/9 4529/8186/9
f 4530/8185/9 4532/8187/9 4531/8188/9
f 4532/8187/9 4534/8166/9 4533/8189/9
f 4514/8170/9 4518/8173/9 4516/8171/9
f 4522/8175/9 4518/8173/9 4524/8179/9
f 4524/8179/9 4518/8173/9 4526/8181/9
f 4526/8181/9 4530/8185/9 4528/8183/9
f 4530/8185/9 4526/8181/9 4532/8187/9
f 4532/8187/9 4526/8181/9 4534/8166/9
f 4514/8170/9 4534/8166/9 4526/8181/9 4518/8173/9
